"row","title","album","year","release_date","country","release_type","disc_number","track_number","format","length_ms","release_group","release_group_year","artist_credit","release_mbid"
"1","Ballade pour Adeline (piano & orchestre)","Ballade pour Adeline","1977","1977","DE","Album","1","A1","12"" Vinyl","157000","Ballade pour Adeline","1977","Richard Clayderman","9bcb33c0-dacd-40f2-8eab-1d1ea3e44bc1"
"2","Ballade pour Adeline (piano seul)","Ballade pour Adeline","1977","1977","DE","Album","1","B6","12"" Vinyl","159000","Ballade pour Adeline","1977","Richard Clayderman","9bcb33c0-dacd-40f2-8eab-1d1ea3e44bc1"
"3","Black Deal","Ballade pour Adeline","1977","1977","DE","Album","1","A5","12"" Vinyl","181000","Ballade pour Adeline","1977","Richard Clayderman","9bcb33c0-dacd-40f2-8eab-1d1ea3e44bc1"
"4","La milliere","Ballade pour Adeline","1977","1977","DE","Album","1","B2","12"" Vinyl","228000","Ballade pour Adeline","1977","Richard Clayderman","9bcb33c0-dacd-40f2-8eab-1d1ea3e44bc1"
"5","L'enfant et la mer","Ballade pour Adeline","1977","1977","DE","Album","1","A3","12"" Vinyl","214000","Ballade pour Adeline","1977","Richard Clayderman","9bcb33c0-dacd-40f2-8eab-1d1ea3e44bc1"
"6","Lyphard Melodie","Ballade pour Adeline","1977","1977","DE","Album","1","B1","12"" Vinyl","280000","Ballade pour Adeline","1977","Richard Clayderman","9bcb33c0-dacd-40f2-8eab-1d1ea3e44bc1"
"7","Lys River","Ballade pour Adeline","1977","1977","DE","Album","1","A4","12"" Vinyl","215000","Ballade pour Adeline","1977","Richard Clayderman","9bcb33c0-dacd-40f2-8eab-1d1ea3e44bc1"
"8","Old Fashion","Ballade pour Adeline","1977","1977","DE","Album","1","B5","12"" Vinyl","116000","Ballade pour Adeline","1977","Richard Clayderman","9bcb33c0-dacd-40f2-8eab-1d1ea3e44bc1"
"9","Romantica Serenade","Ballade pour Adeline","1977","1977","DE","Album","1","B4","12"" Vinyl","204000","Ballade pour Adeline","1977","Richard Clayderman","9bcb33c0-dacd-40f2-8eab-1d1ea3e44bc1"
"10","Secret of My Life (One)","Ballade pour Adeline","1977","1977","DE","Album","1","A2","12"" Vinyl","178000","Ballade pour Adeline","1977","Richard Clayderman","9bcb33c0-dacd-40f2-8eab-1d1ea3e44bc1"
"11","Secret of My Life (Two)","Ballade pour Adeline","1977","1977","DE","Album","1","B3","12"" Vinyl","194000","Ballade pour Adeline","1977","Richard Clayderman","9bcb33c0-dacd-40f2-8eab-1d1ea3e44bc1"
"12","Ballade pour Adeline (piano et orchestre)","Ballade pour Adeline","1977","1977-01-01","XW","Album","1","1","Digital Media","157000","Ballade pour Adeline","1977","Richard Clayderman","d0a2d357-2236-4fed-8daf-7ad4b1e35751"
"13","Secret of My Life (One)","Ballade pour Adeline","1977","1977-01-01","XW","Album","1","2","Digital Media","178000","Ballade pour Adeline","1977","Richard Clayderman","d0a2d357-2236-4fed-8daf-7ad4b1e35751"
"14","L'enfant et la mer","Ballade pour Adeline","1977","1977-01-01","XW","Album","1","3","Digital Media","214000","Ballade pour Adeline","1977","Richard Clayderman","d0a2d357-2236-4fed-8daf-7ad4b1e35751"
"15","Lys River","Ballade pour Adeline","1977","1977-01-01","XW","Album","1","4","Digital Media","215000","Ballade pour Adeline","1977","Richard Clayderman","d0a2d357-2236-4fed-8daf-7ad4b1e35751"
"16","Black Deal","Ballade pour Adeline","1977","1977-01-01","XW","Album","1","5","Digital Media","181000","Ballade pour Adeline","1977","Richard Clayderman","d0a2d357-2236-4fed-8daf-7ad4b1e35751"
"17","Lyphard Melodie","Ballade pour Adeline","1977","1977-01-01","XW","Album","1","6","Digital Media","280000","Ballade pour Adeline","1977","Richard Clayderman","d0a2d357-2236-4fed-8daf-7ad4b1e35751"
"18","La milliere","Ballade pour Adeline","1977","1977-01-01","XW","Album","1","7","Digital Media","228000","Ballade pour Adeline","1977","Richard Clayderman","d0a2d357-2236-4fed-8daf-7ad4b1e35751"
"19","Secret of My Life (Two)","Ballade pour Adeline","1977","1977-01-01","XW","Album","1","8","Digital Media","194000","Ballade pour Adeline","1977","Richard Clayderman","d0a2d357-2236-4fed-8daf-7ad4b1e35751"
"20","Romantica Serenade","Ballade pour Adeline","1977","1977-01-01","XW","Album","1","9","Digital Media","204000","Ballade pour Adeline","1977","Richard Clayderman","d0a2d357-2236-4fed-8daf-7ad4b1e35751"
"21","Old Fashion","Ballade pour Adeline","1977","1977-01-01","XW","Album","1","10","Digital Media","116000","Ballade pour Adeline","1977","Richard Clayderman","d0a2d357-2236-4fed-8daf-7ad4b1e35751"
"22","Ballade pour Adeline (piano seul)","Ballade pour Adeline","1977","1977-01-01","XW","Album","1","11","Digital Media","159000","Ballade pour Adeline","1977","Richard Clayderman","d0a2d357-2236-4fed-8daf-7ad4b1e35751"
"23","A comme amour (piano et orchestre)","A comme amour","1978","1978","JP","Album","1","A1","12"" Vinyl","194000","A comme amour","1978","Richard Clayderman","60021c79-5ddd-4da7-9c70-97d52032e605"
"24","A comme amour (piano seul)","A comme amour","1978","1978","JP","Album","1","B5","12"" Vinyl","192000","A comme amour","1978","Richard Clayderman","60021c79-5ddd-4da7-9c70-97d52032e605"
"25","A l'ombre des glycines","A comme amour","1978","1978","JP","Album","1","A2","12"" Vinyl","165000","A comme amour","1978","Richard Clayderman","60021c79-5ddd-4da7-9c70-97d52032e605"
"26","Au bord de la riviere","A comme amour","1978","1978","JP","Album","1","B2","12"" Vinyl","228000","A comme amour","1978","Richard Clayderman","60021c79-5ddd-4da7-9c70-97d52032e605"
"27","Bianconi melody","A comme amour","1978","1978","JP","Album","1","A5","12"" Vinyl","164000","A comme amour","1978","Richard Clayderman","60021c79-5ddd-4da7-9c70-97d52032e605"
"28","Le Fragile Parfum des roses","A comme amour","1978","1978","JP","Album","1","A3","12"" Vinyl","165000","A comme amour","1978","Richard Clayderman","60021c79-5ddd-4da7-9c70-97d52032e605"
"29","Le Fragile Parfum des roses","A comme amour","1978","1978","JP","Album","1","B4","12"" Vinyl","165000","A comme amour","1978","Richard Clayderman","60021c79-5ddd-4da7-9c70-97d52032e605"
"30","Les Fleurs sauvages","A comme amour","1978","1978","JP","Album","1","B1","12"" Vinyl","170000","A comme amour","1978","Richard Clayderman","60021c79-5ddd-4da7-9c70-97d52032e605"
"31","Les Fleurs sauvages","A comme amour","1978","1978","JP","Album","1","B6","12"" Vinyl","170000","A comme amour","1978","Richard Clayderman","60021c79-5ddd-4da7-9c70-97d52032e605"
"32","Les Petits Animaux de la foret","A comme amour","1978","1978","JP","Album","1","A4","12"" Vinyl","132000","A comme amour","1978","Richard Clayderman","60021c79-5ddd-4da7-9c70-97d52032e605"
"33","Ping pong sous les arbres","A comme amour","1978","1978","JP","Album","1","B3","12"" Vinyl","189000","A comme amour","1978","Richard Clayderman","60021c79-5ddd-4da7-9c70-97d52032e605"
"34","Promenade dans les bois","A comme amour","1978","1978","JP","Album","1","A6","12"" Vinyl","163000","A comme amour","1978","Richard Clayderman","60021c79-5ddd-4da7-9c70-97d52032e605"
"35","Ballade pour Adeline (piano & Orchestre)","Piano et orchestre","1978","1978","JP","Album","1","A1","12"" Vinyl","157000","Piano et orchestre","1978","Richard Clayderman","392972f7-f620-4f3d-97bf-6a6b2d3e924a"
"36","Ballade pour Adeline (piano seul)","Piano et orchestre","1978","1978","JP","Album","1","B6","12"" Vinyl","159000","Piano et orchestre","1978","Richard Clayderman","392972f7-f620-4f3d-97bf-6a6b2d3e924a"
"37","Black Deal","Piano et orchestre","1978","1978","JP","Album","1","A5","12"" Vinyl","181000","Piano et orchestre","1978","Richard Clayderman","392972f7-f620-4f3d-97bf-6a6b2d3e924a"
"38","La Milliere","Piano et orchestre","1978","1978","JP","Album","1","B2","12"" Vinyl","228000","Piano et orchestre","1978","Richard Clayderman","392972f7-f620-4f3d-97bf-6a6b2d3e924a"
"39","L'Enfant et la Mer","Piano et orchestre","1978","1978","JP","Album","1","A3","12"" Vinyl","214000","Piano et orchestre","1978","Richard Clayderman","392972f7-f620-4f3d-97bf-6a6b2d3e924a"
"40","Lyphard Melodie","Piano et orchestre","1978","1978","JP","Album","1","B1","12"" Vinyl","280000","Piano et orchestre","1978","Richard Clayderman","392972f7-f620-4f3d-97bf-6a6b2d3e924a"
"41","Lys River","Piano et orchestre","1978","1978","JP","Album","1","A4","12"" Vinyl","215000","Piano et orchestre","1978","Richard Clayderman","392972f7-f620-4f3d-97bf-6a6b2d3e924a"
"42","Old Fashion","Piano et orchestre","1978","1978","JP","Album","1","B5","12"" Vinyl","116000","Piano et orchestre","1978","Richard Clayderman","392972f7-f620-4f3d-97bf-6a6b2d3e924a"
"43","Romantica Serenade","Piano et orchestre","1978","1978","JP","Album","1","B4","12"" Vinyl","204000","Piano et orchestre","1978","Richard Clayderman","392972f7-f620-4f3d-97bf-6a6b2d3e924a"
"44","Secret of My Life (One)","Piano et orchestre","1978","1978","JP","Album","1","A2","12"" Vinyl","178000","Piano et orchestre","1978","Richard Clayderman","392972f7-f620-4f3d-97bf-6a6b2d3e924a"
"45","Secret of My Life (Two)","Piano et orchestre","1978","1978","JP","Album","1","B3","12"" Vinyl","194000","Piano et orchestre","1978","Richard Clayderman","392972f7-f620-4f3d-97bf-6a6b2d3e924a"
"46","Ballade pour Adeline (piano & orkester)","Ballade pour Adeline","1979","1979","SE","Album","1","A1","12"" Vinyl","","Ballade pour Adeline","1977","Richard Clayderman","e2f69afd-965f-4643-a604-428b4a4d41c6"
"47","Ballade pour Adeline (piano solo)","Ballade pour Adeline","1979","1979","SE","Album","1","B6","12"" Vinyl","","Ballade pour Adeline","1977","Richard Clayderman","e2f69afd-965f-4643-a604-428b4a4d41c6"
"48","Black Deal","Ballade pour Adeline","1979","1979","SE","Album","1","A5","12"" Vinyl","","Ballade pour Adeline","1977","Richard Clayderman","e2f69afd-965f-4643-a604-428b4a4d41c6"
"49","La milliere","Ballade pour Adeline","1979","1979","SE","Album","1","B2","12"" Vinyl","","Ballade pour Adeline","1977","Richard Clayderman","e2f69afd-965f-4643-a604-428b4a4d41c6"
"50","Lyphard melodie","Ballade pour Adeline","1979","1979","SE","Album","1","B1","12"" Vinyl","","Ballade pour Adeline","1977","Richard Clayderman","e2f69afd-965f-4643-a604-428b4a4d41c6"
"51","Lys river","Ballade pour Adeline","1979","1979","SE","Album","1","A4","12"" Vinyl","","Ballade pour Adeline","1977","Richard Clayderman","e2f69afd-965f-4643-a604-428b4a4d41c6"
"52","Old Fashion","Ballade pour Adeline","1979","1979","SE","Album","1","B5","12"" Vinyl","","Ballade pour Adeline","1977","Richard Clayderman","e2f69afd-965f-4643-a604-428b4a4d41c6"
"53","Romantica serenade","Ballade pour Adeline","1979","1979","SE","Album","1","B4","12"" Vinyl","","Ballade pour Adeline","1977","Richard Clayderman","e2f69afd-965f-4643-a604-428b4a4d41c6"
"54","Secret of My Life (del 1)","Ballade pour Adeline","1979","1979","SE","Album","1","A2","12"" Vinyl","","Ballade pour Adeline","1977","Richard Clayderman","e2f69afd-965f-4643-a604-428b4a4d41c6"
"55","Secret of My Life (del 2)","Ballade pour Adeline","1979","1979","SE","Album","1","A3","12"" Vinyl","","Ballade pour Adeline","1977","Richard Clayderman","e2f69afd-965f-4643-a604-428b4a4d41c6"
"56","Secret of My Life (two)","Ballade pour Adeline","1979","1979","SE","Album","1","B3","12"" Vinyl","","Ballade pour Adeline","1977","Richard Clayderman","e2f69afd-965f-4643-a604-428b4a4d41c6"
"57","Histoire d'un rêve","Lettre à Ma Mere","1979","1979","FR","Album","1","A2","12"" Vinyl","174000","Lettre à Ma Mere","1979","Richard Clayderman","4bc42c1b-8b22-4afd-a58d-cf2e284d2e74"
"58","Le soleil et les fleurs","Lettre à Ma Mere","1979","1979","FR","Album","1","B2","12"" Vinyl","126000","Lettre à Ma Mere","1979","Richard Clayderman","4bc42c1b-8b22-4afd-a58d-cf2e284d2e74"
"59","Les élans du cœur","Lettre à Ma Mere","1979","1979","FR","Album","1","B3","12"" Vinyl","165000","Lettre à Ma Mere","1979","Richard Clayderman","4bc42c1b-8b22-4afd-a58d-cf2e284d2e74"
"60","Les rêves du matin [piano seul]","Lettre à Ma Mere","1979","1979","FR","Album","1","A5","12"" Vinyl","218000","Lettre à Ma Mere","1979","Richard Clayderman","4bc42c1b-8b22-4afd-a58d-cf2e284d2e74"
"61","Lettre à ma mère","Lettre à Ma Mere","1979","1979","FR","Album","1","A3","12"" Vinyl","164000","Lettre à Ma Mere","1979","Richard Clayderman","4bc42c1b-8b22-4afd-a58d-cf2e284d2e74"
"62","Lettre à ma mère [piano seul]","Lettre à Ma Mere","1979","1979","FR","Album","1","B6","12"" Vinyl","178000","Lettre à Ma Mere","1979","Richard Clayderman","4bc42c1b-8b22-4afd-a58d-cf2e284d2e74"
"63","Mariage d'amour","Lettre à Ma Mere","1979","1979","FR","Album","1","A6","12"" Vinyl","161000","Lettre à Ma Mere","1979","Richard Clayderman","4bc42c1b-8b22-4afd-a58d-cf2e284d2e74"
"64","Nostalgy","Lettre à Ma Mere","1979","1979","FR","Album","1","A4","12"" Vinyl","176000","Lettre à Ma Mere","1979","Richard Clayderman","4bc42c1b-8b22-4afd-a58d-cf2e284d2e74"
"65","Nostalgy [version piano et cordes]","Lettre à Ma Mere","1979","1979","FR","Album","1","B5","12"" Vinyl","156000","Lettre à Ma Mere","1979","Richard Clayderman","4bc42c1b-8b22-4afd-a58d-cf2e284d2e74"
"66","Rondo pour un tout petit enfant","Lettre à Ma Mere","1979","1979","FR","Album","1","B4","12"" Vinyl","92000","Lettre à Ma Mere","1979","Richard Clayderman","4bc42c1b-8b22-4afd-a58d-cf2e284d2e74"
"67","Souvenirs d'enfance","Lettre à Ma Mere","1979","1979","FR","Album","1","A1","12"" Vinyl","169000","Lettre à Ma Mere","1979","Richard Clayderman","4bc42c1b-8b22-4afd-a58d-cf2e284d2e74"
"68","Souvenirs d'enfance [version piano et cordes]","Lettre à Ma Mere","1979","1979","FR","Album","1","B1","12"" Vinyl","180000","Lettre à Ma Mere","1979","Richard Clayderman","4bc42c1b-8b22-4afd-a58d-cf2e284d2e74"
"69","Barcarole","Träumerei: Die schönsten Klavier-Melodien","1979","1979","DE","Album","1","A6","12"" Vinyl","178000","Träumereien: Die schönsten Klavier-Melodien","1979","Richard Clayderman","8f3e422b-61c1-4b2c-9efb-f0dd4b942068"
"70","Bridge Over Troubled Water","Träumerei: Die schönsten Klavier-Melodien","1979","1979","DE","Album","1","A4","12"" Vinyl","185000","Träumereien: Die schönsten Klavier-Melodien","1979","Richard Clayderman","8f3e422b-61c1-4b2c-9efb-f0dd4b942068"
"71","Dolannes Melodie","Träumerei: Die schönsten Klavier-Melodien","1979","1979","DE","Album","1","A7","12"" Vinyl","202000","Träumereien: Die schönsten Klavier-Melodien","1979","Richard Clayderman","8f3e422b-61c1-4b2c-9efb-f0dd4b942068"
"72","Don't Cry for Me Argentina","Träumerei: Die schönsten Klavier-Melodien","1979","1979","DE","Album","1","A3","12"" Vinyl","191000","Träumereien: Die schönsten Klavier-Melodien","1979","Richard Clayderman","8f3e422b-61c1-4b2c-9efb-f0dd4b942068"
"73","Elisabeth-Serenade","Träumerei: Die schönsten Klavier-Melodien","1979","1979","DE","Album","1","B1","12"" Vinyl","116000","Träumereien: Die schönsten Klavier-Melodien","1979","Richard Clayderman","8f3e422b-61c1-4b2c-9efb-f0dd4b942068"
"74","Exodus","Träumerei: Die schönsten Klavier-Melodien","1979","1979","DE","Album","1","A8","12"" Vinyl","176000","Träumereien: Die schönsten Klavier-Melodien","1979","Richard Clayderman","8f3e422b-61c1-4b2c-9efb-f0dd4b942068"
"75","Für Elise","Träumerei: Die schönsten Klavier-Melodien","1979","1979","DE","Album","1","B8","12"" Vinyl","145000","Träumereien: Die schönsten Klavier-Melodien","1979","Richard Clayderman","8f3e422b-61c1-4b2c-9efb-f0dd4b942068"
"76","La Mer","Träumerei: Die schönsten Klavier-Melodien","1979","1979","DE","Album","1","B4","12"" Vinyl","192000","Träumereien: Die schönsten Klavier-Melodien","1979","Richard Clayderman","8f3e422b-61c1-4b2c-9efb-f0dd4b942068"
"77","La vie en rose","Träumerei: Die schönsten Klavier-Melodien","1979","1979","DE","Album","1","B7","12"" Vinyl","155000","Träumereien: Die schönsten Klavier-Melodien","1979","Richard Clayderman","8f3e422b-61c1-4b2c-9efb-f0dd4b942068"
"78","Liebestraum","Träumerei: Die schönsten Klavier-Melodien","1979","1979","DE","Album","1","A1","12"" Vinyl","188000","Träumereien: Die schönsten Klavier-Melodien","1979","Richard Clayderman","8f3e422b-61c1-4b2c-9efb-f0dd4b942068"
"79","Love Story","Träumerei: Die schönsten Klavier-Melodien","1979","1979","DE","Album","1","B6","12"" Vinyl","180000","Träumereien: Die schönsten Klavier-Melodien","1979","Richard Clayderman","8f3e422b-61c1-4b2c-9efb-f0dd4b942068"
"80","Mondscheinsonate","Träumerei: Die schönsten Klavier-Melodien","1979","1979","DE","Album","1","B3","12"" Vinyl","192000","Träumereien: Die schönsten Klavier-Melodien","1979","Richard Clayderman","8f3e422b-61c1-4b2c-9efb-f0dd4b942068"
"81","Moon-River","Träumerei: Die schönsten Klavier-Melodien","1979","1979","DE","Album","1","A2","12"" Vinyl","192000","Träumereien: Die schönsten Klavier-Melodien","1979","Richard Clayderman","8f3e422b-61c1-4b2c-9efb-f0dd4b942068"
"82","Ode to Joy","Träumerei: Die schönsten Klavier-Melodien","1979","1979","DE","Album","1","B2","12"" Vinyl","188000","Träumereien: Die schönsten Klavier-Melodien","1979","Richard Clayderman","8f3e422b-61c1-4b2c-9efb-f0dd4b942068"
"83","Romeo & Julia","Träumerei: Die schönsten Klavier-Melodien","1979","1979","DE","Album","1","B5","12"" Vinyl","139000","Träumereien: Die schönsten Klavier-Melodien","1979","Richard Clayderman","8f3e422b-61c1-4b2c-9efb-f0dd4b942068"
"84","Yesterday","Träumerei: Die schönsten Klavier-Melodien","1979","1979","DE","Album","1","A5","12"" Vinyl","142000","Träumereien: Die schönsten Klavier-Melodien","1979","Richard Clayderman","8f3e422b-61c1-4b2c-9efb-f0dd4b942068"
"85","Ballade pour Adeline","Träumereien: Die schönsten Klavier-Melodien","1979","1979","DE","Album","1","A9","12"" Vinyl","155000","Träumereien: Die schönsten Klavier-Melodien","1979","Richard Clayderman","a1884c98-9307-4fbf-8911-99a0b5c66062"
"86","Barcarole","Träumereien: Die schönsten Klavier-Melodien","1979","1979","DE","Album","1","B4","12"" Vinyl","178000","Träumereien: Die schönsten Klavier-Melodien","1979","Richard Clayderman","a1884c98-9307-4fbf-8911-99a0b5c66062"
"87","Bridge Over Troubled Water","Träumereien: Die schönsten Klavier-Melodien","1979","1979","DE","Album","1","B3","12"" Vinyl","185000","Träumereien: Die schönsten Klavier-Melodien","1979","Richard Clayderman","a1884c98-9307-4fbf-8911-99a0b5c66062"
"88","Dolannes Melodie","Träumereien: Die schönsten Klavier-Melodien","1979","1979","DE","Album","1","A1","12"" Vinyl","203000","Träumereien: Die schönsten Klavier-Melodien","1979","Richard Clayderman","a1884c98-9307-4fbf-8911-99a0b5c66062"
"89","Don't Cry for Me Argentina","Träumereien: Die schönsten Klavier-Melodien","1979","1979","DE","Album","1","A4","12"" Vinyl","190000","Träumereien: Die schönsten Klavier-Melodien","1979","Richard Clayderman","a1884c98-9307-4fbf-8911-99a0b5c66062"
"90","Elisabeth-Serenade","Träumereien: Die schönsten Klavier-Melodien","1979","1979","DE","Album","1","B2","12"" Vinyl","116000","Träumereien: Die schönsten Klavier-Melodien","1979","Richard Clayderman","a1884c98-9307-4fbf-8911-99a0b5c66062"
"91","Exodus","Träumereien: Die schönsten Klavier-Melodien","1979","1979","DE","Album","1","A8","12"" Vinyl","175000","Träumereien: Die schönsten Klavier-Melodien","1979","Richard Clayderman","a1884c98-9307-4fbf-8911-99a0b5c66062"
"92","Für Elise","Träumereien: Die schönsten Klavier-Melodien","1979","1979","DE","Album","1","A7","12"" Vinyl","144000","Träumereien: Die schönsten Klavier-Melodien","1979","Richard Clayderman","a1884c98-9307-4fbf-8911-99a0b5c66062"
"93","La Mer","Träumereien: Die schönsten Klavier-Melodien","1979","1979","DE","Album","1","B8","12"" Vinyl","192000","Träumereien: Die schönsten Klavier-Melodien","1979","Richard Clayderman","a1884c98-9307-4fbf-8911-99a0b5c66062"
"94","La vie en rose","Träumereien: Die schönsten Klavier-Melodien","1979","1979","DE","Album","1","A5","12"" Vinyl","156000","Träumereien: Die schönsten Klavier-Melodien","1979","Richard Clayderman","a1884c98-9307-4fbf-8911-99a0b5c66062"
"95","Liebestraum","Träumereien: Die schönsten Klavier-Melodien","1979","1979","DE","Album","1","A3","12"" Vinyl","187000","Träumereien: Die schönsten Klavier-Melodien","1979","Richard Clayderman","a1884c98-9307-4fbf-8911-99a0b5c66062"
"96","Love Story","Träumereien: Die schönsten Klavier-Melodien","1979","1979","DE","Album","1","B5","12"" Vinyl","178000","Träumereien: Die schönsten Klavier-Melodien","1979","Richard Clayderman","a1884c98-9307-4fbf-8911-99a0b5c66062"
"97","Mondscheinsonate","Träumereien: Die schönsten Klavier-Melodien","1979","1979","DE","Album","1","B7","12"" Vinyl","190000","Träumereien: Die schönsten Klavier-Melodien","1979","Richard Clayderman","a1884c98-9307-4fbf-8911-99a0b5c66062"
"98","Moon-River","Träumereien: Die schönsten Klavier-Melodien","1979","1979","DE","Album","1","B6","12"" Vinyl","191000","Träumereien: Die schönsten Klavier-Melodien","1979","Richard Clayderman","a1884c98-9307-4fbf-8911-99a0b5c66062"
"99","Ode to Joy","Träumereien: Die schönsten Klavier-Melodien","1979","1979","DE","Album","1","A6","12"" Vinyl","188000","Träumereien: Die schönsten Klavier-Melodien","1979","Richard Clayderman","a1884c98-9307-4fbf-8911-99a0b5c66062"
"100","Romeo & Julia","Träumereien: Die schönsten Klavier-Melodien","1979","1979","DE","Album","1","B1","12"" Vinyl","138000","Träumereien: Die schönsten Klavier-Melodien","1979","Richard Clayderman","a1884c98-9307-4fbf-8911-99a0b5c66062"
"101","Yesterday","Träumereien: Die schönsten Klavier-Melodien","1979","1979","DE","Album","1","A2","12"" Vinyl","141000","Träumereien: Die schönsten Klavier-Melodien","1979","Richard Clayderman","a1884c98-9307-4fbf-8911-99a0b5c66062"
"102","A Comme Amour","Ballade Pour Adeline & Souvenirs D'Enfance","1980","1980","JP","Album","1","A2","12"" Vinyl","197000","Ballade Pour Adeline & Souvenirs D'Enfance","1980","Richard Clayderman","b8ffc6b2-8943-44e7-b12b-4cc17572055d"
"103","Ballade Pour Adeline","Ballade Pour Adeline & Souvenirs D'Enfance","1980","1980","JP","Album","1","A1","12"" Vinyl","156000","Ballade Pour Adeline & Souvenirs D'Enfance","1980","Richard Clayderman","b8ffc6b2-8943-44e7-b12b-4cc17572055d"
"104","Don't Cry For Me Argentina","Ballade Pour Adeline & Souvenirs D'Enfance","1980","1980","JP","Album","1","A3","12"" Vinyl","191000","Ballade Pour Adeline & Souvenirs D'Enfance","1980","Richard Clayderman","b8ffc6b2-8943-44e7-b12b-4cc17572055d"
"105","La Mer","Ballade Pour Adeline & Souvenirs D'Enfance","1980","1980","JP","Album","1","A6","12"" Vinyl","194000","Ballade Pour Adeline & Souvenirs D'Enfance","1980","Richard Clayderman","b8ffc6b2-8943-44e7-b12b-4cc17572055d"
"106","La Vie En Rose","Ballade Pour Adeline & Souvenirs D'Enfance","1980","1980","JP","Album","1","B6","12"" Vinyl","157000","Ballade Pour Adeline & Souvenirs D'Enfance","1980","Richard Clayderman","b8ffc6b2-8943-44e7-b12b-4cc17572055d"
"107","Lyphard Melodie","Ballade Pour Adeline & Souvenirs D'Enfance","1980","1980","JP","Album","1","B2","12"" Vinyl","280000","Ballade Pour Adeline & Souvenirs D'Enfance","1980","Richard Clayderman","b8ffc6b2-8943-44e7-b12b-4cc17572055d"
"108","Moon River","Ballade Pour Adeline & Souvenirs D'Enfance","1980","1980","JP","Album","1","B5","12"" Vinyl","194000","Ballade Pour Adeline & Souvenirs D'Enfance","1980","Richard Clayderman","b8ffc6b2-8943-44e7-b12b-4cc17572055d"
"109","Nostalgy","Ballade Pour Adeline & Souvenirs D'Enfance","1980","1980","JP","Album","1","A5","12"" Vinyl","175000","Ballade Pour Adeline & Souvenirs D'Enfance","1980","Richard Clayderman","b8ffc6b2-8943-44e7-b12b-4cc17572055d"
"110","Ping Pong Sous Les Arbres","Ballade Pour Adeline & Souvenirs D'Enfance","1980","1980","JP","Album","1","B4","12"" Vinyl","195000","Ballade Pour Adeline & Souvenirs D'Enfance","1980","Richard Clayderman","b8ffc6b2-8943-44e7-b12b-4cc17572055d"
"111","Rhapsody In Blue","Ballade Pour Adeline & Souvenirs D'Enfance","1980","1980","JP","Album","1","A4","12"" Vinyl","205000","Ballade Pour Adeline & Souvenirs D'Enfance","1980","Richard Clayderman","b8ffc6b2-8943-44e7-b12b-4cc17572055d"
"112","Secret Of My Life","Ballade Pour Adeline & Souvenirs D'Enfance","1980","1980","JP","Album","1","B3","12"" Vinyl","179000","Ballade Pour Adeline & Souvenirs D'Enfance","1980","Richard Clayderman","b8ffc6b2-8943-44e7-b12b-4cc17572055d"
"113","Souvenirs D'Enfance","Ballade Pour Adeline & Souvenirs D'Enfance","1980","1980","JP","Album","1","B1","12"" Vinyl","168000","Ballade Pour Adeline & Souvenirs D'Enfance","1980","Richard Clayderman","b8ffc6b2-8943-44e7-b12b-4cc17572055d"
"114","A Comme Amour","Deluxe","1980","1980","JP","Album","1","A2","Vinyl","","Deluxe","1980","Richard Clayderman","08661613-bd77-4d00-a210-6b04576b5c62"
"115","Ballade Pour Adeline","Deluxe","1980","1980","JP","Album","1","B6","Vinyl","","Deluxe","1980","Richard Clayderman","08661613-bd77-4d00-a210-6b04576b5c62"
"116","Ballade Pour Adeline","Deluxe","1980","1980","JP","Album","1","A1","Vinyl","","Deluxe","1980","Richard Clayderman","08661613-bd77-4d00-a210-6b04576b5c62"
"117","Don't Cry For Me Argentina","Deluxe","1980","1980","JP","Album","1","A3","Vinyl","","Deluxe","1980","Richard Clayderman","08661613-bd77-4d00-a210-6b04576b5c62"
"118","La Mer","Deluxe","1980","1980","JP","Album","1","A6","Vinyl","","Deluxe","1980","Richard Clayderman","08661613-bd77-4d00-a210-6b04576b5c62"
"119","La Vie En Rose","Deluxe","1980","1980","JP","Album","1","B5","Vinyl","","Deluxe","1980","Richard Clayderman","08661613-bd77-4d00-a210-6b04576b5c62"
"120","Lettre A Ma Mere","Deluxe","1980","1980","JP","Album","1","B2","Vinyl","","Deluxe","1980","Richard Clayderman","08661613-bd77-4d00-a210-6b04576b5c62"
"121","Nostalgy","Deluxe","1980","1980","JP","Album","1","A5","Vinyl","","Deluxe","1980","Richard Clayderman","08661613-bd77-4d00-a210-6b04576b5c62"
"122","Ping Pong Sous Les Arbres","Deluxe","1980","1980","JP","Album","1","B4","Vinyl","","Deluxe","1980","Richard Clayderman","08661613-bd77-4d00-a210-6b04576b5c62"
"123","Rhapsody In Blue","Deluxe","1980","1980","JP","Album","1","A4","Vinyl","","Deluxe","1980","Richard Clayderman","08661613-bd77-4d00-a210-6b04576b5c62"
"124","Secret Of My Life","Deluxe","1980","1980","JP","Album","1","B3","Vinyl","","Deluxe","1980","Richard Clayderman","08661613-bd77-4d00-a210-6b04576b5c62"
"125","Souvenirs D'enfance","Deluxe","1980","1980","JP","Album","1","B1","Vinyl","","Deluxe","1980","Richard Clayderman","08661613-bd77-4d00-a210-6b04576b5c62"
"126","Aline","Deluxe","1980","1980","JP","Album","2","C6","Vinyl","","Deluxe","1980","Richard Clayderman","08661613-bd77-4d00-a210-6b04576b5c62"
"127","Bach Gammon","Deluxe","1980","1980","JP","Album","2","D3","Vinyl","","Deluxe","1980","Richard Clayderman","08661613-bd77-4d00-a210-6b04576b5c62"
"128","Dollanes Melody","Deluxe","1980","1980","JP","Album","2","C4","Vinyl","","Deluxe","1980","Richard Clayderman","08661613-bd77-4d00-a210-6b04576b5c62"
"129","Give A Little Time To Your Love","Deluxe","1980","1980","JP","Album","2","C3","Vinyl","","Deluxe","1980","Richard Clayderman","08661613-bd77-4d00-a210-6b04576b5c62"
"130","Jardin Secret","Deluxe","1980","1980","JP","Album","2","C5","Vinyl","","Deluxe","1980","Richard Clayderman","08661613-bd77-4d00-a210-6b04576b5c62"
"131","La Vraie Musique L'amour","Deluxe","1980","1980","JP","Album","2","C2","Vinyl","","Deluxe","1980","Richard Clayderman","08661613-bd77-4d00-a210-6b04576b5c62"
"132","Les Fleurs Sauvages","Deluxe","1980","1980","JP","Album","2","D2","Vinyl","","Deluxe","1980","Richard Clayderman","08661613-bd77-4d00-a210-6b04576b5c62"
"133","Lettre A Ma Mere","Deluxe","1980","1980","JP","Album","2","D6","Vinyl","","Deluxe","1980","Richard Clayderman","08661613-bd77-4d00-a210-6b04576b5c62"
"134","Lyphard Melodie","Deluxe","1980","1980","JP","Album","2","D1","Vinyl","","Deluxe","1980","Richard Clayderman","08661613-bd77-4d00-a210-6b04576b5c62"
"135","Moon River","Deluxe","1980","1980","JP","Album","2","D5","Vinyl","","Deluxe","1980","Richard Clayderman","08661613-bd77-4d00-a210-6b04576b5c62"
"136","Promenade Dans Les Bois","Deluxe","1980","1980","JP","Album","2","D4","Vinyl","","Deluxe","1980","Richard Clayderman","08661613-bd77-4d00-a210-6b04576b5c62"
"137","Voyage A Venice","Deluxe","1980","1980","JP","Album","2","C1","Vinyl","","Deluxe","1980","Richard Clayderman","08661613-bd77-4d00-a210-6b04576b5c62"
"138","Aline","La Musique De L'Amour","1980","1980","JP","Album","1","B3","12"" Vinyl","154000","La Musique De L'Amour","1980","Richard Clayderman","45380d5f-6a5b-420b-be00-d267b1a8025f"
"139","Dolannes Melody","La Musique De L'Amour","1980","1980","JP","Album","1","B2","12"" Vinyl","207000","La Musique De L'Amour","1980","Richard Clayderman","45380d5f-6a5b-420b-be00-d267b1a8025f"
"140","Jardin Secret","La Musique De L'Amour","1980","1980","JP","Album","1","B1","12"" Vinyl","133000","La Musique De L'Amour","1980","Richard Clayderman","45380d5f-6a5b-420b-be00-d267b1a8025f"
"141","La Musique De L'Amour","La Musique De L'Amour","1980","1980","JP","Album","1","A2","12"" Vinyl","121000","La Musique De L'Amour","1980","Richard Clayderman","45380d5f-6a5b-420b-be00-d267b1a8025f"
"142","Love Is Blue","La Musique De L'Amour","1980","1980","JP","Album","1","A6","12"" Vinyl","104000","La Musique De L'Amour","1980","Richard Clayderman","45380d5f-6a5b-420b-be00-d267b1a8025f"
"143","Parlez-Moi D'Amour","La Musique De L'Amour","1980","1980","JP","Album","1","A4","12"" Vinyl","140000","La Musique De L'Amour","1980","Richard Clayderman","45380d5f-6a5b-420b-be00-d267b1a8025f"
"144","Plaisir D'Amour","La Musique De L'Amour","1980","1980","JP","Album","1","B4","12"" Vinyl","160000","La Musique De L'Amour","1980","Richard Clayderman","45380d5f-6a5b-420b-be00-d267b1a8025f"
"145","Sentimental Medley","La Musique De L'Amour","1980","1980","JP","Album","1","B6","12"" Vinyl","298000","La Musique De L'Amour","1980","Richard Clayderman","45380d5f-6a5b-420b-be00-d267b1a8025f"
"146","Summertime","La Musique De L'Amour","1980","1980","JP","Album","1","B5","12"" Vinyl","158000","La Musique De L'Amour","1980","Richard Clayderman","45380d5f-6a5b-420b-be00-d267b1a8025f"
"147","Till","La Musique De L'Amour","1980","1980","JP","Album","1","A3","12"" Vinyl","132000","La Musique De L'Amour","1980","Richard Clayderman","45380d5f-6a5b-420b-be00-d267b1a8025f"
"148","Tristesse","La Musique De L'Amour","1980","1980","JP","Album","1","A7","12"" Vinyl","152000","La Musique De L'Amour","1980","Richard Clayderman","45380d5f-6a5b-420b-be00-d267b1a8025f"
"149","Voyage A Venice","La Musique De L'Amour","1980","1980","JP","Album","1","A1","12"" Vinyl","172000","La Musique De L'Amour","1980","Richard Clayderman","45380d5f-6a5b-420b-be00-d267b1a8025f"
"150","Wiegenlied","La Musique De L'Amour","1980","1980","JP","Album","1","A5","12"" Vinyl","105000","La Musique De L'Amour","1980","Richard Clayderman","45380d5f-6a5b-420b-be00-d267b1a8025f"
"151","Am Ufer des Flusses (Au bord de la rivière)","Liebestraum","1980","1980","DE","Album","1","B1","12"" Vinyl","233000","Liebestraum","1980","Richard Clayderman","22dc0de7-24de-4545-b076-dd0a2f5cc6aa"
"152","Ballade pour Adeline","Liebestraum","1980","1980","DE","Album","1","A1","12"" Vinyl","154000","Liebestraum","1980","Richard Clayderman","22dc0de7-24de-4545-b076-dd0a2f5cc6aa"
"153","Barcarole","Liebestraum","1980","1980","DE","Album","1","B6","12"" Vinyl","178000","Liebestraum","1980","Richard Clayderman","22dc0de7-24de-4545-b076-dd0a2f5cc6aa"
"154","Bridge Over Troubled Water","Liebestraum","1980","1980","DE","Album","1","A8","12"" Vinyl","185000","Liebestraum","1980","Richard Clayderman","22dc0de7-24de-4545-b076-dd0a2f5cc6aa"
"155","Dolannes Melodie","Liebestraum","1980","1980","DE","Album","1","A2","12"" Vinyl","202000","Liebestraum","1980","Richard Clayderman","22dc0de7-24de-4545-b076-dd0a2f5cc6aa"
"156","Don't Cry for Me Argentina","Liebestraum","1980","1980","DE","Album","1","A4","12"" Vinyl","191000","Liebestraum","1980","Richard Clayderman","22dc0de7-24de-4545-b076-dd0a2f5cc6aa"
"157","Elisabeth-Serenade","Liebestraum","1980","1980","DE","Album","1","B5","12"" Vinyl","116000","Liebestraum","1980","Richard Clayderman","22dc0de7-24de-4545-b076-dd0a2f5cc6aa"
"158","Exodus","Liebestraum","1980","1980","DE","Album","1","A7","12"" Vinyl","176000","Liebestraum","1980","Richard Clayderman","22dc0de7-24de-4545-b076-dd0a2f5cc6aa"
"159","Für Elise","Liebestraum","1980","1980","DE","Album","1","A6","12"" Vinyl","145000","Liebestraum","1980","Richard Clayderman","22dc0de7-24de-4545-b076-dd0a2f5cc6aa"
"160","La Mer","Liebestraum","1980","1980","DE","Album","1","B8","12"" Vinyl","192000","Liebestraum","1980","Richard Clayderman","22dc0de7-24de-4545-b076-dd0a2f5cc6aa"
"161","Liebestraum","Liebestraum","1980","1980","DE","Album","1","A3","12"" Vinyl","188000","Liebestraum","1980","Richard Clayderman","22dc0de7-24de-4545-b076-dd0a2f5cc6aa"
"162","Love Story","Liebestraum","1980","1980","DE","Album","1","B2","12"" Vinyl","180000","Liebestraum","1980","Richard Clayderman","22dc0de7-24de-4545-b076-dd0a2f5cc6aa"
"163","Mondscheinsonate","Liebestraum","1980","1980","DE","Album","1","B7","12"" Vinyl","192000","Liebestraum","1980","Richard Clayderman","22dc0de7-24de-4545-b076-dd0a2f5cc6aa"
"164","Moon River","Liebestraum","1980","1980","DE","Album","1","B3","12"" Vinyl","192000","Liebestraum","1980","Richard Clayderman","22dc0de7-24de-4545-b076-dd0a2f5cc6aa"
"165","Ode to Joy","Liebestraum","1980","1980","DE","Album","1","A5","12"" Vinyl","188000","Liebestraum","1980","Richard Clayderman","22dc0de7-24de-4545-b076-dd0a2f5cc6aa"
"166","Romeo & Julia","Liebestraum","1980","1980","DE","Album","1","B4","12"" Vinyl","139000","Liebestraum","1980","Richard Clayderman","22dc0de7-24de-4545-b076-dd0a2f5cc6aa"
"167","Murmures = Murmúrios","16 Momentos Inesquecíveis","1981","1981","BR","Album","1","1","Vinyl","150000","16 Momentos Inesquecíveis","1981","Richard Clayderman","bbdf1c70-ec6a-46a4-8f22-171490a60201"
"168","Dolannes Melodie","16 Momentos Inesquecíveis","1981","1981","BR","Album","1","2","Vinyl","202000","16 Momentos Inesquecíveis","1981","Richard Clayderman","bbdf1c70-ec6a-46a4-8f22-171490a60201"
"169","Don't Cry For Me Argentina","16 Momentos Inesquecíveis","1981","1981","BR","Album","1","3","Vinyl","191000","16 Momentos Inesquecíveis","1981","Richard Clayderman","bbdf1c70-ec6a-46a4-8f22-171490a60201"
"170","Bridge Over Troubled Water","16 Momentos Inesquecíveis","1981","1981","BR","Album","1","4","Vinyl","183000","16 Momentos Inesquecíveis","1981","Richard Clayderman","bbdf1c70-ec6a-46a4-8f22-171490a60201"
"171","Pour Elise","16 Momentos Inesquecíveis","1981","1981","BR","Album","1","5","Vinyl","144000","16 Momentos Inesquecíveis","1981","Richard Clayderman","bbdf1c70-ec6a-46a4-8f22-171490a60201"
"172","A Comme Amour = ""A"" Como Amor (Piano Et Orchestre)","16 Momentos Inesquecíveis","1981","1981","BR","Album","1","6","Vinyl","194000","16 Momentos Inesquecíveis","1981","Richard Clayderman","bbdf1c70-ec6a-46a4-8f22-171490a60201"
"173","Un Homme Et Une Femme = Um Homem E Uma Mulher","16 Momentos Inesquecíveis","1981","1981","BR","Album","1","7","Vinyl","178000","16 Momentos Inesquecíveis","1981","Richard Clayderman","bbdf1c70-ec6a-46a4-8f22-171490a60201"
"174","Romeo And Julia = Romeo E Julieta","16 Momentos Inesquecíveis","1981","1981","BR","Album","1","8","Vinyl","139000","16 Momentos Inesquecíveis","1981","Richard Clayderman","bbdf1c70-ec6a-46a4-8f22-171490a60201"
"175","Ballade Pour Adeline (Piano Et Orchestre)","16 Momentos Inesquecíveis","1981","1981","BR","Album","1","9","Vinyl","161000","16 Momentos Inesquecíveis","1981","Richard Clayderman","bbdf1c70-ec6a-46a4-8f22-171490a60201"
"176","Exodus","16 Momentos Inesquecíveis","1981","1981","BR","Album","1","10","Vinyl","178000","16 Momentos Inesquecíveis","1981","Richard Clayderman","bbdf1c70-ec6a-46a4-8f22-171490a60201"
"177","Moon River","16 Momentos Inesquecíveis","1981","1981","BR","Album","1","11","Vinyl","192000","16 Momentos Inesquecíveis","1981","Richard Clayderman","bbdf1c70-ec6a-46a4-8f22-171490a60201"
"178","My Way","16 Momentos Inesquecíveis","1981","1981","BR","Album","1","12","Vinyl","210000","16 Momentos Inesquecíveis","1981","Richard Clayderman","bbdf1c70-ec6a-46a4-8f22-171490a60201"
"179","Love Story","16 Momentos Inesquecíveis","1981","1981","BR","Album","1","13","Vinyl","180000","16 Momentos Inesquecíveis","1981","Richard Clayderman","bbdf1c70-ec6a-46a4-8f22-171490a60201"
"180","Aline","16 Momentos Inesquecíveis","1981","1981","BR","Album","1","14","Vinyl","152000","16 Momentos Inesquecíveis","1981","Richard Clayderman","bbdf1c70-ec6a-46a4-8f22-171490a60201"
"181","Lara's Theme From Doctor Zhivago = Tema De Lara","16 Momentos Inesquecíveis","1981","1981","BR","Album","1","15","Vinyl","152000","16 Momentos Inesquecíveis","1981","Richard Clayderman","bbdf1c70-ec6a-46a4-8f22-171490a60201"
"182","La Vie En Rose","16 Momentos Inesquecíveis","1981","1981","BR","Album","1","16","Vinyl","155000","16 Momentos Inesquecíveis","1981","Richard Clayderman","bbdf1c70-ec6a-46a4-8f22-171490a60201"
"183","Berceuse","Concerto Pour Une Jeune Fille Nommee ""Je T'Aime""","1981","1981","JP","Album","1","B4","12"" Vinyl","189000","Concerto Pour Une Jeune Fille Nommee ""Je T'Aime""","1981","Richard Clayderman","a876c13b-6220-40e4-82da-6fbbc59a6455"
"184","Concerto Pour Une Jeune Fille Nommee 'Je T'Aime'","Concerto Pour Une Jeune Fille Nommee ""Je T'Aime""","1981","1981","JP","Album","1","A1","12"" Vinyl","222000","Concerto Pour Une Jeune Fille Nommee ""Je T'Aime""","1981","Richard Clayderman","a876c13b-6220-40e4-82da-6fbbc59a6455"
"185","La Fuite Du Temps","Concerto Pour Une Jeune Fille Nommee ""Je T'Aime""","1981","1981","JP","Album","1","A6","12"" Vinyl","186000","Concerto Pour Une Jeune Fille Nommee ""Je T'Aime""","1981","Richard Clayderman","a876c13b-6220-40e4-82da-6fbbc59a6455"
"186","Le Voyage Dans La Nuit (Theme From Midnight Station)","Concerto Pour Une Jeune Fille Nommee ""Je T'Aime""","1981","1981","JP","Album","1","B1","12"" Vinyl","206000","Concerto Pour Une Jeune Fille Nommee ""Je T'Aime""","1981","Richard Clayderman","a876c13b-6220-40e4-82da-6fbbc59a6455"
"187","Les Chagrins Oublies","Concerto Pour Une Jeune Fille Nommee ""Je T'Aime""","1981","1981","JP","Album","1","A2","12"" Vinyl","162000","Concerto Pour Une Jeune Fille Nommee ""Je T'Aime""","1981","Richard Clayderman","a876c13b-6220-40e4-82da-6fbbc59a6455"
"188","Les Premiers Sourires De Vanessa","Concerto Pour Une Jeune Fille Nommee ""Je T'Aime""","1981","1981","JP","Album","1","B2","12"" Vinyl","136000","Concerto Pour Une Jeune Fille Nommee ""Je T'Aime""","1981","Richard Clayderman","a876c13b-6220-40e4-82da-6fbbc59a6455"
"189","L'Espoir","Concerto Pour Une Jeune Fille Nommee ""Je T'Aime""","1981","1981","JP","Album","1","B6","12"" Vinyl","192000","Concerto Pour Une Jeune Fille Nommee ""Je T'Aime""","1981","Richard Clayderman","a876c13b-6220-40e4-82da-6fbbc59a6455"
"190","L'Heure Bleue","Concerto Pour Une Jeune Fille Nommee ""Je T'Aime""","1981","1981","JP","Album","1","A4","12"" Vinyl","217000","Concerto Pour Une Jeune Fille Nommee ""Je T'Aime""","1981","Richard Clayderman","a876c13b-6220-40e4-82da-6fbbc59a6455"
"191","L'Ocean","Concerto Pour Une Jeune Fille Nommee ""Je T'Aime""","1981","1981","JP","Album","1","B5","12"" Vinyl","164000","Concerto Pour Une Jeune Fille Nommee ""Je T'Aime""","1981","Richard Clayderman","a876c13b-6220-40e4-82da-6fbbc59a6455"
"192","Murmures","Concerto Pour Une Jeune Fille Nommee ""Je T'Aime""","1981","1981","JP","Album","1","B7","12"" Vinyl","150000","Concerto Pour Une Jeune Fille Nommee ""Je T'Aime""","1981","Richard Clayderman","a876c13b-6220-40e4-82da-6fbbc59a6455"
"193","Rondo Pour Un Tout Petit Enfant (Piano & Orchestre)","Concerto Pour Une Jeune Fille Nommee ""Je T'Aime""","1981","1981","JP","Album","1","B3","12"" Vinyl","92000","Concerto Pour Une Jeune Fille Nommee ""Je T'Aime""","1981","Richard Clayderman","a876c13b-6220-40e4-82da-6fbbc59a6455"
"194","Rondo Pour Un Tout Petit Enfant (Piano Solo)","Concerto Pour Une Jeune Fille Nommee ""Je T'Aime""","1981","1981","JP","Album","1","A5","12"" Vinyl","92000","Concerto Pour Une Jeune Fille Nommee ""Je T'Aime""","1981","Richard Clayderman","a876c13b-6220-40e4-82da-6fbbc59a6455"
"195","Triste Coeur","Concerto Pour Une Jeune Fille Nommee ""Je T'Aime""","1981","1981","JP","Album","1","A3","12"" Vinyl","165000","Concerto Pour Une Jeune Fille Nommee ""Je T'Aime""","1981","Richard Clayderman","a876c13b-6220-40e4-82da-6fbbc59a6455"
"196","Ballade pour Adeline","Richard Clayderman","1981","1981","XG","EP","1","A1","7"" Vinyl","154000","Richard Clayderman","1981","Richard Clayderman","e125d689-efe0-4fae-865e-851307434d4d"
"197","Elisabeth-Serenade","Richard Clayderman","1981","1981","XG","EP","1","B2","7"" Vinyl","116000","Richard Clayderman","1981","Richard Clayderman","e125d689-efe0-4fae-865e-851307434d4d"
"198","Für Elise","Richard Clayderman","1981","1981","XG","EP","1","A2","7"" Vinyl","145000","Richard Clayderman","1981","Richard Clayderman","e125d689-efe0-4fae-865e-851307434d4d"
"199","Love Story","Richard Clayderman","1981","1981","XG","EP","1","B1","7"" Vinyl","180000","Richard Clayderman","1981","Richard Clayderman","e125d689-efe0-4fae-865e-851307434d4d"
"200","‘L’ for Love (A Comme Amour)","Richard Clayderman","1982","1982","GB","Album","1","A1","12"" Vinyl","172000","Richard Clayderman","1982","Richard Clayderman","d6fd074f-98af-49ce-b9c5-b2f7442e1dc6"
"201","Bach Gammon","Richard Clayderman","1982","1982","GB","Album","1","B2","12"" Vinyl","165000","Richard Clayderman","1982","Richard Clayderman","d6fd074f-98af-49ce-b9c5-b2f7442e1dc6"
"202","Ballad for Adeline","Richard Clayderman","1982","1982","GB","Album","1","A7","12"" Vinyl","150000","Richard Clayderman","1982","Richard Clayderman","d6fd074f-98af-49ce-b9c5-b2f7442e1dc6"
"203","Fur Elise","Richard Clayderman","1982","1982","GB","Album","1","A6","12"" Vinyl","142000","Richard Clayderman","1982","Richard Clayderman","d6fd074f-98af-49ce-b9c5-b2f7442e1dc6"
"204","La Mer","Richard Clayderman","1982","1982","GB","Album","1","A2","12"" Vinyl","192000","Richard Clayderman","1982","Richard Clayderman","d6fd074f-98af-49ce-b9c5-b2f7442e1dc6"
"205","Liebestraum","Richard Clayderman","1982","1982","GB","Album","1","B4","12"" Vinyl","165000","Richard Clayderman","1982","Richard Clayderman","d6fd074f-98af-49ce-b9c5-b2f7442e1dc6"
"206","Lyphard Melody","Richard Clayderman","1982","1982","GB","Album","1","A4","12"" Vinyl","270000","Richard Clayderman","1982","Richard Clayderman","d6fd074f-98af-49ce-b9c5-b2f7442e1dc6"
"207","Moonlight Sonata","Richard Clayderman","1982","1982","GB","Album","1","B5","12"" Vinyl","192000","Richard Clayderman","1982","Richard Clayderman","d6fd074f-98af-49ce-b9c5-b2f7442e1dc6"
"208","Murmurs (Liebeslied)","Richard Clayderman","1982","1982","GB","Album","1","B7","12"" Vinyl","145000","Richard Clayderman","1982","Richard Clayderman","d6fd074f-98af-49ce-b9c5-b2f7442e1dc6"
"209","My Way","Richard Clayderman","1982","1982","GB","Album","1","A3","12"" Vinyl","229000","Richard Clayderman","1982","Richard Clayderman","d6fd074f-98af-49ce-b9c5-b2f7442e1dc6"
"210","Rhapsody in Blue","Richard Clayderman","1982","1982","GB","Album","1","B1","12"" Vinyl","362000","Richard Clayderman","1982","Richard Clayderman","d6fd074f-98af-49ce-b9c5-b2f7442e1dc6"
"211","Romeo & Juliet","Richard Clayderman","1982","1982","GB","Album","1","B6","12"" Vinyl","139000","Richard Clayderman","1982","Richard Clayderman","d6fd074f-98af-49ce-b9c5-b2f7442e1dc6"
"212","Sentimental Medley","Richard Clayderman","1982","1982","GB","Album","1","B3","12"" Vinyl","297000","Richard Clayderman","1982","Richard Clayderman","d6fd074f-98af-49ce-b9c5-b2f7442e1dc6"
"213","Tristesse","Richard Clayderman","1982","1982","GB","Album","1","A5","12"" Vinyl","135000","Richard Clayderman","1982","Richard Clayderman","d6fd074f-98af-49ce-b9c5-b2f7442e1dc6"
"214","A Comme Amour","Super Deluxe","1982","1982","JP","Album","1","B2","12"" Vinyl","","Super Deluxe","1982","Richard Clayderman","d4738c9f-9caa-450e-a923-312472f8e549"
"215","Ballade Pour Adeline","Super Deluxe","1982","1982","JP","Album","1","B1","12"" Vinyl","","Super Deluxe","1982","Richard Clayderman","d4738c9f-9caa-450e-a923-312472f8e549"
"216","Concerto Pour Une Jeune Fille Nommee ""Je T'aime""","Super Deluxe","1982","1982","JP","Album","1","B6","12"" Vinyl","","Super Deluxe","1982","Richard Clayderman","d4738c9f-9caa-450e-a923-312472f8e549"
"217","Lady Di","Super Deluxe","1982","1982","JP","Album","1","A2","12"" Vinyl","","Super Deluxe","1982","Richard Clayderman","d4738c9f-9caa-450e-a923-312472f8e549"
"218","Les Derniers Jours D'Anastasia Kemsky","Super Deluxe","1982","1982","JP","Album","1","A3","12"" Vinyl","","Super Deluxe","1982","Richard Clayderman","d4738c9f-9caa-450e-a923-312472f8e549"
"219","Les Premiers Sourires De Venessa","Super Deluxe","1982","1982","JP","Album","1","B4","12"" Vinyl","","Super Deluxe","1982","Richard Clayderman","d4738c9f-9caa-450e-a923-312472f8e549"
"220","Lettre A Mere (l)","Super Deluxe","1982","1982","JP","Album","1","B7","12"" Vinyl","","Super Deluxe","1982","Richard Clayderman","d4738c9f-9caa-450e-a923-312472f8e549"
"221","Murmures","Super Deluxe","1982","1982","JP","Album","1","A7","12"" Vinyl","","Super Deluxe","1982","Richard Clayderman","d4738c9f-9caa-450e-a923-312472f8e549"
"222","Nostalgy (ll) (Version Piano And Strings)","Super Deluxe","1982","1982","JP","Album","1","B5","12"" Vinyl","","Super Deluxe","1982","Richard Clayderman","d4738c9f-9caa-450e-a923-312472f8e549"
"223","Rondo Pour Un Tout Petit Enfant (Piano Solo)","Super Deluxe","1982","1982","JP","Album","1","A6","12"" Vinyl","","Super Deluxe","1982","Richard Clayderman","d4738c9f-9caa-450e-a923-312472f8e549"
"224","Serenade De L'etoile (Coup De Coeur)","Super Deluxe","1982","1982","JP","Album","1","A1","12"" Vinyl","","Super Deluxe","1982","Richard Clayderman","d4738c9f-9caa-450e-a923-312472f8e549"
"225","Souvenirs D'Enfance(l)","Super Deluxe","1982","1982","JP","Album","1","B3","12"" Vinyl","","Super Deluxe","1982","Richard Clayderman","d4738c9f-9caa-450e-a923-312472f8e549"
"226","Triste Coeur","Super Deluxe","1982","1982","JP","Album","1","A4","12"" Vinyl","","Super Deluxe","1982","Richard Clayderman","d4738c9f-9caa-450e-a923-312472f8e549"
"227","Voyage A Venice","Super Deluxe","1982","1982","JP","Album","1","A5","12"" Vinyl","","Super Deluxe","1982","Richard Clayderman","d4738c9f-9caa-450e-a923-312472f8e549"
"228","Concerto des etoiles","Couleur tendresse","1983","1983","JP","Album","1","B3","12"" Vinyl","","Couleur tendresse","1983","Richard Clayderman","1f23b7dc-46cd-442d-825a-74a7ff173d08"
"229","Concerto 'La Madrague'","Couleur tendresse","1983","1983","JP","Album","1","B4","12"" Vinyl","","Couleur tendresse","1983","Richard Clayderman","1f23b7dc-46cd-442d-825a-74a7ff173d08"
"230","Couleur tendresse","Couleur tendresse","1983","1983","JP","Album","1","A1","12"" Vinyl","","Couleur tendresse","1983","Richard Clayderman","1f23b7dc-46cd-442d-825a-74a7ff173d08"
"231","Eden Is a Magic World","Couleur tendresse","1983","1983","JP","Album","1","A3","12"" Vinyl","","Couleur tendresse","1983","Richard Clayderman","1f23b7dc-46cd-442d-825a-74a7ff173d08"
"232","L'Amour exilé","Couleur tendresse","1983","1983","JP","Album","1","A5","12"" Vinyl","","Couleur tendresse","1983","Richard Clayderman","1f23b7dc-46cd-442d-825a-74a7ff173d08"
"233","Le Cœur en fête","Couleur tendresse","1983","1983","JP","Album","1","A6","12"" Vinyl","","Couleur tendresse","1983","Richard Clayderman","1f23b7dc-46cd-442d-825a-74a7ff173d08"
"234","Les larmes de joie","Couleur tendresse","1983","1983","JP","Album","1","A2","12"" Vinyl","","Couleur tendresse","1983","Richard Clayderman","1f23b7dc-46cd-442d-825a-74a7ff173d08"
"235","L'Illusion perdue","Couleur tendresse","1983","1983","JP","Album","1","B6","12"" Vinyl","","Couleur tendresse","1983","Richard Clayderman","1f23b7dc-46cd-442d-825a-74a7ff173d08"
"236","Ma solitude","Couleur tendresse","1983","1983","JP","Album","1","B1","12"" Vinyl","","Couleur tendresse","1983","Richard Clayderman","1f23b7dc-46cd-442d-825a-74a7ff173d08"
"237","Ne dis rien je t'aime","Couleur tendresse","1983","1983","JP","Album","1","B5","12"" Vinyl","","Couleur tendresse","1983","Richard Clayderman","1f23b7dc-46cd-442d-825a-74a7ff173d08"
"238","Pour avoir trop révé","Couleur tendresse","1983","1983","JP","Album","1","B2","12"" Vinyl","","Couleur tendresse","1983","Richard Clayderman","1f23b7dc-46cd-442d-825a-74a7ff173d08"
"239","Pres du cœur","Couleur tendresse","1983","1983","JP","Album","1","A4","12"" Vinyl","","Couleur tendresse","1983","Richard Clayderman","1f23b7dc-46cd-442d-825a-74a7ff173d08"
"240","Behalt mich lieb, Cherie","Un blanc jour d'un chaton","1983","1983","JP","Album","1","B2","12"" Vinyl","","Un blanc jour d'un chaton","1983","Richard Clayderman","be3808a9-bbfa-460e-ac15-f98dc6f8eb23"
"241","Du Solist der Kaiser meiner Seele sein","Un blanc jour d'un chaton","1983","1983","JP","Album","1","A7","12"" Vinyl","","Un blanc jour d'un chaton","1983","Richard Clayderman","be3808a9-bbfa-460e-ac15-f98dc6f8eb23"
"242","Elle","Un blanc jour d'un chaton","1983","1983","JP","Album","1","A5","12"" Vinyl","","Un blanc jour d'un chaton","1983","Richard Clayderman","be3808a9-bbfa-460e-ac15-f98dc6f8eb23"
"243","Frag nicht warum ich gehe","Un blanc jour d'un chaton","1983","1983","JP","Album","1","B7","12"" Vinyl","","Un blanc jour d'un chaton","1983","Richard Clayderman","be3808a9-bbfa-460e-ac15-f98dc6f8eb23"
"244","Illusion dans le champs de coton","Un blanc jour d'un chaton","1983","1983","JP","Album","1","B1","12"" Vinyl","","Un blanc jour d'un chaton","1983","Richard Clayderman","be3808a9-bbfa-460e-ac15-f98dc6f8eb23"
"245","La Tendresse","Un blanc jour d'un chaton","1983","1983","JP","Album","1","A3","12"" Vinyl","","Un blanc jour d'un chaton","1983","Richard Clayderman","be3808a9-bbfa-460e-ac15-f98dc6f8eb23"
"246","Le Cœur dans les etoiles","Un blanc jour d'un chaton","1983","1983","JP","Album","1","A4","12"" Vinyl","","Un blanc jour d'un chaton","1983","Richard Clayderman","be3808a9-bbfa-460e-ac15-f98dc6f8eb23"
"247","Le Soleil et les fleurs","Un blanc jour d'un chaton","1983","1983","JP","Album","1","B6","12"" Vinyl","","Un blanc jour d'un chaton","1983","Richard Clayderman","be3808a9-bbfa-460e-ac15-f98dc6f8eb23"
"248","Les Patineurs du Lac Sgouroff","Un blanc jour d'un chaton","1983","1983","JP","Album","1","B4","12"" Vinyl","","Un blanc jour d'un chaton","1983","Richard Clayderman","be3808a9-bbfa-460e-ac15-f98dc6f8eb23"
"249","Les Reves du matin","Un blanc jour d'un chaton","1983","1983","JP","Album","1","B5","12"" Vinyl","","Un blanc jour d'un chaton","1983","Richard Clayderman","be3808a9-bbfa-460e-ac15-f98dc6f8eb23"
"250","Les Reves du matin","Un blanc jour d'un chaton","1983","1983","JP","Album","1","A2","12"" Vinyl","","Un blanc jour d'un chaton","1983","Richard Clayderman","be3808a9-bbfa-460e-ac15-f98dc6f8eb23"
"251","L'Ombre d'un visage","Un blanc jour d'un chaton","1983","1983","JP","Album","1","B3","12"" Vinyl","","Un blanc jour d'un chaton","1983","Richard Clayderman","be3808a9-bbfa-460e-ac15-f98dc6f8eb23"
"252","Tattoo for Lovers","Un blanc jour d'un chaton","1983","1983","JP","Album","1","A6","12"" Vinyl","","Un blanc jour d'un chaton","1983","Richard Clayderman","be3808a9-bbfa-460e-ac15-f98dc6f8eb23"
"253","Un blanc jour d'un chaton","Un blanc jour d'un chaton","1983","1983","JP","Album","1","A1","12"" Vinyl","","Un blanc jour d'un chaton","1983","Richard Clayderman","be3808a9-bbfa-460e-ac15-f98dc6f8eb23"
"254","Memory","Amour","1984","1984","US","Album","1","1","CD","188600","Amour","1984","Richard Clayderman","65cf033d-55a9-45c0-98b3-95549c355a85"
"255","Chariots of Fire","Amour","1984","1984","US","Album","1","2","CD","185693","Amour","1984","Richard Clayderman","65cf033d-55a9-45c0-98b3-95549c355a85"
"256","Up Where We Belong (from An Officer and a Gentleman)","Amour","1984","1984","US","Album","1","3","CD","181866","Amour","1984","Richard Clayderman","65cf033d-55a9-45c0-98b3-95549c355a85"
"257","Ballade pour Adeline","Amour","1984","1984","US","Album","1","4","CD","161466","Amour","1984","Richard Clayderman","65cf033d-55a9-45c0-98b3-95549c355a85"
"258","Harmony (from Irreconcilable Differences)","Amour","1984","1984","US","Album","1","5","CD","179866","Amour","1984","Richard Clayderman","65cf033d-55a9-45c0-98b3-95549c355a85"
"259","How Deep Is Your Love","Amour","1984","1984","US","Album","1","6","CD","170773","Amour","1984","Richard Clayderman","65cf033d-55a9-45c0-98b3-95549c355a85"
"260","Only You","Amour","1984","1984","US","Album","1","7","CD","145026","Amour","1984","Richard Clayderman","65cf033d-55a9-45c0-98b3-95549c355a85"
"261","Hello","Amour","1984","1984","US","Album","1","8","CD","190840","Amour","1984","Richard Clayderman","65cf033d-55a9-45c0-98b3-95549c355a85"
"262","The Way We Were","Amour","1984","1984","US","Album","1","9","CD","169466","Amour","1984","Richard Clayderman","65cf033d-55a9-45c0-98b3-95549c355a85"
"263","The Way I Loved You (from Irreconcilable Differences)","Amour","1984","1984","US","Album","1","10","CD","156466","Amour","1984","Richard Clayderman","65cf033d-55a9-45c0-98b3-95549c355a85"
"264","Ave Maria","Amour","1984","1984","US","Album","1","11","CD","161333","Amour","1984","Richard Clayderman","65cf033d-55a9-45c0-98b3-95549c355a85"
"265","Cœur fragile","Cœur fragile","1984","1984","FR","Album","1","1","CD","144000","Cœur fragile","1984","Richard Clayderman","d2f38e14-edbf-41a5-8d5d-bc9fd43ef121"
"266","Quand les enfats s'aiment","Cœur fragile","1984","1984","FR","Album","1","2","CD","154000","Cœur fragile","1984","Richard Clayderman","d2f38e14-edbf-41a5-8d5d-bc9fd43ef121"
"267","Les nuages","Cœur fragile","1984","1984","FR","Album","1","3","CD","167000","Cœur fragile","1984","Richard Clayderman","d2f38e14-edbf-41a5-8d5d-bc9fd43ef121"
"268","L'italienne","Cœur fragile","1984","1984","FR","Album","1","4","CD","197000","Cœur fragile","1984","Richard Clayderman","d2f38e14-edbf-41a5-8d5d-bc9fd43ef121"
"269","Solitude","Cœur fragile","1984","1984","FR","Album","1","5","CD","189000","Cœur fragile","1984","Richard Clayderman","d2f38e14-edbf-41a5-8d5d-bc9fd43ef121"
"270","Vivre sans toi","Cœur fragile","1984","1984","FR","Album","1","6","CD","157000","Cœur fragile","1984","Richard Clayderman","d2f38e14-edbf-41a5-8d5d-bc9fd43ef121"
"271","L'amour-tendresse","Cœur fragile","1984","1984","FR","Album","1","7","CD","166000","Cœur fragile","1984","Richard Clayderman","d2f38e14-edbf-41a5-8d5d-bc9fd43ef121"
"272","Tes yeux dans mes yeux","Cœur fragile","1984","1984","FR","Album","1","8","CD","158000","Cœur fragile","1984","Richard Clayderman","d2f38e14-edbf-41a5-8d5d-bc9fd43ef121"
"273","Une si jolie petite valse","Cœur fragile","1984","1984","FR","Album","1","9","CD","160000","Cœur fragile","1984","Richard Clayderman","d2f38e14-edbf-41a5-8d5d-bc9fd43ef121"
"274","Souviens-toi de moi","Cœur fragile","1984","1984","FR","Album","1","10","CD","170000","Cœur fragile","1984","Richard Clayderman","d2f38e14-edbf-41a5-8d5d-bc9fd43ef121"
"275","Comme un rayon de lune","Cœur fragile","1984","1984","FR","Album","1","11","CD","208000","Cœur fragile","1984","Richard Clayderman","d2f38e14-edbf-41a5-8d5d-bc9fd43ef121"
"276","Dis dame","Cœur fragile","1984","1984","FR","Album","1","12","CD","154000","Cœur fragile","1984","Richard Clayderman","d2f38e14-edbf-41a5-8d5d-bc9fd43ef121"
"277","L'asiatique","Cœur fragile","1984","1984","FR","Album","1","13","CD","161000","Cœur fragile","1984","Richard Clayderman","d2f38e14-edbf-41a5-8d5d-bc9fd43ef121"
"278","Eden Is a Magic World","Cœur fragile","1984","1984","FR","Album","1","14","CD","166000","Cœur fragile","1984","Richard Clayderman","d2f38e14-edbf-41a5-8d5d-bc9fd43ef121"
"279","Près du cœur","Cœur fragile","1984","1984","FR","Album","1","15","CD","156000","Cœur fragile","1984","Richard Clayderman","d2f38e14-edbf-41a5-8d5d-bc9fd43ef121"
"280","Concerto la madrugue","Cœur fragile","1984","1984","FR","Album","1","16","CD","200000","Cœur fragile","1984","Richard Clayderman","d2f38e14-edbf-41a5-8d5d-bc9fd43ef121"
"281","Jogging","Cœur fragile","1984","1984","FR","Album","1","17","CD","161000","Cœur fragile","1984","Richard Clayderman","d2f38e14-edbf-41a5-8d5d-bc9fd43ef121"
"282","L'amour exilé","Cœur fragile","1984","1984","FR","Album","1","18","CD","161000","Cœur fragile","1984","Richard Clayderman","d2f38e14-edbf-41a5-8d5d-bc9fd43ef121"
"283","Vivre ailleurs","Cœur fragile","1984","1984","FR","Album","1","19","CD","174000","Cœur fragile","1984","Richard Clayderman","d2f38e14-edbf-41a5-8d5d-bc9fd43ef121"
"284","White Christmas (Berlin)","Ein Weihnachtstraum - Rêveries De Noël","1984","1984","DE","Album","1","1","CD","161000","Ein Weihnachtstraum - Rêveries De Noël","1984","Richard Clayderman","4bc9e8b9-4bff-4ed3-ae3c-f2d9079dcc6f"
"285","Medley: O Tannenbaum / Minuit Chrétien / He was born a holy child","Ein Weihnachtstraum - Rêveries De Noël","1984","1984","DE","Album","1","2","CD","198000","Ein Weihnachtstraum - Rêveries De Noël","1984","Richard Clayderman","4bc9e8b9-4bff-4ed3-ae3c-f2d9079dcc6f"
"286","Stille Nacht, heilige Nacht (Silent night, holy night - Gruber)","Ein Weihnachtstraum - Rêveries De Noël","1984","1984","DE","Album","1","3","CD","125000","Ein Weihnachtstraum - Rêveries De Noël","1984","Richard Clayderman","4bc9e8b9-4bff-4ed3-ae3c-f2d9079dcc6f"
"287","Ave Maria (Gounod)","Ein Weihnachtstraum - Rêveries De Noël","1984","1984","DE","Album","1","4","CD","165000","Ein Weihnachtstraum - Rêveries De Noël","1984","Richard Clayderman","4bc9e8b9-4bff-4ed3-ae3c-f2d9079dcc6f"
"288","Weihnachts-Konzert (Christmas Concerto - Corelli)","Ein Weihnachtstraum - Rêveries De Noël","1984","1984","DE","Album","1","5","CD","218000","Ein Weihnachtstraum - Rêveries De Noël","1984","Richard Clayderman","4bc9e8b9-4bff-4ed3-ae3c-f2d9079dcc6f"
"289","Mondschein-Sonate (Beethoven)","Ein Weihnachtstraum - Rêveries De Noël","1984","1984","DE","Album","1","6","CD","193000","Ein Weihnachtstraum - Rêveries De Noël","1984","Richard Clayderman","4bc9e8b9-4bff-4ed3-ae3c-f2d9079dcc6f"
"290","Little Red-nosed Reindeer (Marks)","Ein Weihnachtstraum - Rêveries De Noël","1984","1984","DE","Album","1","7","CD","136000","Ein Weihnachtstraum - Rêveries De Noël","1984","Richard Clayderman","4bc9e8b9-4bff-4ed3-ae3c-f2d9079dcc6f"
"291","Little Drummer Boy (Simeone - Onorati - Davis)","Ein Weihnachtstraum - Rêveries De Noël","1984","1984","DE","Album","1","8","CD","229000","Ein Weihnachtstraum - Rêveries De Noël","1984","Richard Clayderman","4bc9e8b9-4bff-4ed3-ae3c-f2d9079dcc6f"
"292","Leise rieselt der Schnee (Ebel)","Ein Weihnachtstraum - Rêveries De Noël","1984","1984","DE","Album","1","9","CD","139000","Ein Weihnachtstraum - Rêveries De Noël","1984","Richard Clayderman","4bc9e8b9-4bff-4ed3-ae3c-f2d9079dcc6f"
"293","Ave Maria (Schubert)","Ein Weihnachtstraum - Rêveries De Noël","1984","1984","DE","Album","1","10","CD","160000","Ein Weihnachtstraum - Rêveries De Noël","1984","Richard Clayderman","4bc9e8b9-4bff-4ed3-ae3c-f2d9079dcc6f"
"294","Largo (Händel)","Ein Weihnachtstraum - Rêveries De Noël","1984","1984","DE","Album","1","11","CD","167000","Ein Weihnachtstraum - Rêveries De Noël","1984","Richard Clayderman","4bc9e8b9-4bff-4ed3-ae3c-f2d9079dcc6f"
"295","Romanze (Beethoven)","Ein Weihnachtstraum - Rêveries De Noël","1984","1984","DE","Album","1","12","CD","190000","Ein Weihnachtstraum - Rêveries De Noël","1984","Richard Clayderman","4bc9e8b9-4bff-4ed3-ae3c-f2d9079dcc6f"
"296","Medley: Am Weihnachtsbaume die Lichter brennen / Heidschi-bum-beidschi","Ein Weihnachtstraum - Rêveries De Noël","1984","1984","DE","Album","1","13","CD","119000","Ein Weihnachtstraum - Rêveries De Noël","1984","Richard Clayderman","4bc9e8b9-4bff-4ed3-ae3c-f2d9079dcc6f"
"297","Jingle Bells","Ein Weihnachtstraum - Rêveries De Noël","1984","1984","DE","Album","1","14","CD","163000","Ein Weihnachtstraum - Rêveries De Noël","1984","Richard Clayderman","4bc9e8b9-4bff-4ed3-ae3c-f2d9079dcc6f"
"298","Jesus bleibet meine Freude (Bach)","Ein Weihnachtstraum - Rêveries De Noël","1984","1984","DE","Album","1","15","CD","206000","Ein Weihnachtstraum - Rêveries De Noël","1984","Richard Clayderman","4bc9e8b9-4bff-4ed3-ae3c-f2d9079dcc6f"
"299","Ode to Joy (Beethoven)","Ein Weihnachtstraum - Rêveries De Noël","1984","1984","DE","Album","1","16","CD","188000","Ein Weihnachtstraum - Rêveries De Noël","1984","Richard Clayderman","4bc9e8b9-4bff-4ed3-ae3c-f2d9079dcc6f"
"300","Blue Eyes","Feelings","1984","1984","NL","Album","1","B1","12"" Vinyl","185000","Zeit zum Träumen","1984","Richard Clayderman","f1989680-d4c2-48c0-9b3a-fd22d5b18ebe"
"301","Bridge Over Troubled Water","Feelings","1984","1984","NL","Album","1","A5","12"" Vinyl","186000","Zeit zum Träumen","1984","Richard Clayderman","f1989680-d4c2-48c0-9b3a-fd22d5b18ebe"
"302","Bright Eyes","Feelings","1984","1984","NL","Album","1","A3","12"" Vinyl","175000","Zeit zum Träumen","1984","Richard Clayderman","f1989680-d4c2-48c0-9b3a-fd22d5b18ebe"
"303","Chariots of Fire","Feelings","1984","1984","NL","Album","1","B3","12"" Vinyl","179000","Zeit zum Träumen","1984","Richard Clayderman","f1989680-d4c2-48c0-9b3a-fd22d5b18ebe"
"304","Don't Cry for Me Argentina","Feelings","1984","1984","NL","Album","1","A8","12"" Vinyl","159000","Zeit zum Träumen","1984","Richard Clayderman","f1989680-d4c2-48c0-9b3a-fd22d5b18ebe"
"305","Ebony and Ivory","Feelings","1984","1984","NL","Album","1","B5","12"" Vinyl","166000","Zeit zum Träumen","1984","Richard Clayderman","f1989680-d4c2-48c0-9b3a-fd22d5b18ebe"
"306","Feelings","Feelings","1984","1984","NL","Album","1","B7","12"" Vinyl","194000","Zeit zum Träumen","1984","Richard Clayderman","f1989680-d4c2-48c0-9b3a-fd22d5b18ebe"
"307","Flashdance... What a Feeling","Feelings","1984","1984","NL","Album","1","B4","12"" Vinyl","159000","Zeit zum Träumen","1984","Richard Clayderman","f1989680-d4c2-48c0-9b3a-fd22d5b18ebe"
"308","Hey Jude","Feelings","1984","1984","NL","Album","1","A4","12"" Vinyl","167000","Zeit zum Träumen","1984","Richard Clayderman","f1989680-d4c2-48c0-9b3a-fd22d5b18ebe"
"309","I Have a Dream","Feelings","1984","1984","NL","Album","1","A2","12"" Vinyl","190000","Zeit zum Träumen","1984","Richard Clayderman","f1989680-d4c2-48c0-9b3a-fd22d5b18ebe"
"310","Juliet","Feelings","1984","1984","NL","Album","1","A7","12"" Vinyl","191000","Zeit zum Träumen","1984","Richard Clayderman","f1989680-d4c2-48c0-9b3a-fd22d5b18ebe"
"311","Memory","Feelings","1984","1984","NL","Album","1","B6","12"" Vinyl","186000","Zeit zum Träumen","1984","Richard Clayderman","f1989680-d4c2-48c0-9b3a-fd22d5b18ebe"
"312","Only You","Feelings","1984","1984","NL","Album","1","B8","12"" Vinyl","141000","Zeit zum Träumen","1984","Richard Clayderman","f1989680-d4c2-48c0-9b3a-fd22d5b18ebe"
"313","The Most Beautiful Girl","Feelings","1984","1984","NL","Album","1","B2","12"" Vinyl","157000","Zeit zum Träumen","1984","Richard Clayderman","f1989680-d4c2-48c0-9b3a-fd22d5b18ebe"
"314","Up Where We Belong","Feelings","1984","1984","NL","Album","1","A6","12"" Vinyl","179000","Zeit zum Träumen","1984","Richard Clayderman","f1989680-d4c2-48c0-9b3a-fd22d5b18ebe"
"315","Woman in Love","Feelings","1984","1984","NL","Album","1","A1","12"" Vinyl","149000","Zeit zum Träumen","1984","Richard Clayderman","f1989680-d4c2-48c0-9b3a-fd22d5b18ebe"
"316","Tristesse","Les Musiques De L'Amour","1984","1984","FR","Album","1","1","CD","153000","Träumereien 2","1984","Richard Clayderman","de6d34d0-606d-480f-a7aa-653c2307ec69"
"317","Plaisir d'amour","Les Musiques De L'Amour","1984","1984","FR","Album","1","2","CD","159000","Träumereien 2","1984","Richard Clayderman","de6d34d0-606d-480f-a7aa-653c2307ec69"
"318","Aline","Les Musiques De L'Amour","1984","1984","FR","Album","1","3","CD","154000","Träumereien 2","1984","Richard Clayderman","de6d34d0-606d-480f-a7aa-653c2307ec69"
"319","Lara's Theme","Les Musiques De L'Amour","1984","1984","FR","Album","1","4","CD","152000","Träumereien 2","1984","Richard Clayderman","de6d34d0-606d-480f-a7aa-653c2307ec69"
"320","Feelings","Les Musiques De L'Amour","1984","1984","FR","Album","1","5","CD","196000","Träumereien 2","1984","Richard Clayderman","de6d34d0-606d-480f-a7aa-653c2307ec69"
"321","Let It Be","Les Musiques De L'Amour","1984","1984","FR","Album","1","6","CD","219000","Träumereien 2","1984","Richard Clayderman","de6d34d0-606d-480f-a7aa-653c2307ec69"
"322","Love Is Blue","Les Musiques De L'Amour","1984","1984","FR","Album","1","7","CD","104000","Träumereien 2","1984","Richard Clayderman","de6d34d0-606d-480f-a7aa-653c2307ec69"
"323","Vaya con dios","Les Musiques De L'Amour","1984","1984","FR","Album","1","8","CD","108000","Träumereien 2","1984","Richard Clayderman","de6d34d0-606d-480f-a7aa-653c2307ec69"
"324","Voyage a Venise","Les Musiques De L'Amour","1984","1984","FR","Album","1","9","CD","171000","Träumereien 2","1984","Richard Clayderman","de6d34d0-606d-480f-a7aa-653c2307ec69"
"325","Ballade pour Adeline","Les Musiques De L'Amour","1984","1984","FR","Album","1","10","CD","157000","Träumereien 2","1984","Richard Clayderman","de6d34d0-606d-480f-a7aa-653c2307ec69"
"326","Strangers in the Night","Les Musiques De L'Amour","1984","1984","FR","Album","1","11","CD","196000","Träumereien 2","1984","Richard Clayderman","de6d34d0-606d-480f-a7aa-653c2307ec69"
"327","When a Man Loves a Woman","Les Musiques De L'Amour","1984","1984","FR","Album","1","12","CD","166000","Träumereien 2","1984","Richard Clayderman","de6d34d0-606d-480f-a7aa-653c2307ec69"
"328","The Sound of Silence","Les Musiques De L'Amour","1984","1984","FR","Album","1","13","CD","208000","Träumereien 2","1984","Richard Clayderman","de6d34d0-606d-480f-a7aa-653c2307ec69"
"329","Parlez-moi d'amour","Les Musiques De L'Amour","1984","1984","FR","Album","1","14","CD","140000","Träumereien 2","1984","Richard Clayderman","de6d34d0-606d-480f-a7aa-653c2307ec69"
"330","Jardin Secret","Les Musiques De L'Amour","1984","1984","FR","Album","1","15","CD","134000","Träumereien 2","1984","Richard Clayderman","de6d34d0-606d-480f-a7aa-653c2307ec69"
"331","Ave Maria","Les Musiques De L'Amour","1984","1984","FR","Album","1","16","CD","163000","Träumereien 2","1984","Richard Clayderman","de6d34d0-606d-480f-a7aa-653c2307ec69"
"332","Summertime","Les Musiques De L'Amour","1984","1984","FR","Album","1","17","CD","156000","Träumereien 2","1984","Richard Clayderman","de6d34d0-606d-480f-a7aa-653c2307ec69"
"333","La vraie musique de l'amour","Les Musiques De L'Amour","1984","1984","FR","Album","1","18","CD","121000","Träumereien 2","1984","Richard Clayderman","de6d34d0-606d-480f-a7aa-653c2307ec69"
"334","My Way","Les Musiques De L'Amour","1984","1984","FR","Album","1","19","CD","228000","Träumereien 2","1984","Richard Clayderman","de6d34d0-606d-480f-a7aa-653c2307ec69"
"335","Wiegenlied","Les Musiques De L'Amour","1984","1984","FR","Album","1","20","CD","105000","Träumereien 2","1984","Richard Clayderman","de6d34d0-606d-480f-a7aa-653c2307ec69"
"336","Dolannes Melodie","Rêveries","1984","1984","FR","Album","1","1","CD","204466","Träumereien: Die schönsten Klavier-Melodien","1979","Richard Clayderman","5aea2df2-9278-45f2-b5c3-b372f5e60c1e"
"337","Dolannes Melodie","Rêveries","1984","1984","AU","Album","1","1","CD","204400","Träumereien: Die schönsten Klavier-Melodien","1979","Richard Clayderman","beb76e4f-48a3-47f8-ac21-dac884130504"
"338","Yesterday","Rêveries","1984","1984","FR","Album","1","2","CD","144093","Träumereien: Die schönsten Klavier-Melodien","1979","Richard Clayderman","5aea2df2-9278-45f2-b5c3-b372f5e60c1e"
"339","Yesterday","Rêveries","1984","1984","AU","Album","1","2","CD","144026","Träumereien: Die schönsten Klavier-Melodien","1979","Richard Clayderman","beb76e4f-48a3-47f8-ac21-dac884130504"
"340","Lieberstraum","Rêveries","1984","1984","FR","Album","1","3","CD","189466","Träumereien: Die schönsten Klavier-Melodien","1979","Richard Clayderman","5aea2df2-9278-45f2-b5c3-b372f5e60c1e"
"341","Lieberstraum","Rêveries","1984","1984","AU","Album","1","3","CD","189333","Träumereien: Die schönsten Klavier-Melodien","1979","Richard Clayderman","beb76e4f-48a3-47f8-ac21-dac884130504"
"342","Don’t Cry for Me Argentina","Rêveries","1984","1984","FR","Album","1","4","CD","191133","Träumereien: Die schönsten Klavier-Melodien","1979","Richard Clayderman","5aea2df2-9278-45f2-b5c3-b372f5e60c1e"
"343","Don’t Cry for Me Argentina","Rêveries","1984","1984","AU","Album","1","4","CD","191240","Träumereien: Die schönsten Klavier-Melodien","1979","Richard Clayderman","beb76e4f-48a3-47f8-ac21-dac884130504"
"344","Hymne a La Joie","Rêveries","1984","1984","FR","Album","1","5","CD","190133","Träumereien: Die schönsten Klavier-Melodien","1979","Richard Clayderman","5aea2df2-9278-45f2-b5c3-b372f5e60c1e"
"345","Hymne à la joie","Rêveries","1984","1984","AU","Album","1","5","CD","190026","Träumereien: Die schönsten Klavier-Melodien","1979","Richard Clayderman","beb76e4f-48a3-47f8-ac21-dac884130504"
"346","Pour Elise","Rêveries","1984","1984","AU","Album","1","6","CD","145933","Träumereien: Die schönsten Klavier-Melodien","1979","Richard Clayderman","beb76e4f-48a3-47f8-ac21-dac884130504"
"347","Pour Elise","Rêveries","1984","1984","FR","Album","1","6","CD","146040","Träumereien: Die schönsten Klavier-Melodien","1979","Richard Clayderman","5aea2df2-9278-45f2-b5c3-b372f5e60c1e"
"348","Exodus","Rêveries","1984","1984","FR","Album","1","7","CD","177933","Träumereien: Die schönsten Klavier-Melodien","1979","Richard Clayderman","5aea2df2-9278-45f2-b5c3-b372f5e60c1e"
"349","Exodus","Rêveries","1984","1984","AU","Album","1","7","CD","177906","Träumereien: Die schönsten Klavier-Melodien","1979","Richard Clayderman","beb76e4f-48a3-47f8-ac21-dac884130504"
"350","Ballade Pour Adeline","Rêveries","1984","1984","FR","Album","1","8","CD","156960","Träumereien: Die schönsten Klavier-Melodien","1979","Richard Clayderman","5aea2df2-9278-45f2-b5c3-b372f5e60c1e"
"351","Ballade Pour Adeline (version: Piano & Orchestra)","Rêveries","1984","1984","AU","Album","1","8","CD","156933","Träumereien: Die schönsten Klavier-Melodien","1979","Richard Clayderman","beb76e4f-48a3-47f8-ac21-dac884130504"
"352","Romeo and Juliet","Rêveries","1984","1984","AU","Album","1","9","CD","140466","Träumereien: Die schönsten Klavier-Melodien","1979","Richard Clayderman","beb76e4f-48a3-47f8-ac21-dac884130504"
"353","Romeo and Juliet","Rêveries","1984","1984","FR","Album","1","9","CD","140533","Träumereien: Die schönsten Klavier-Melodien","1979","Richard Clayderman","5aea2df2-9278-45f2-b5c3-b372f5e60c1e"
"354","Elisabethen Serenade","Rêveries","1984","1984","FR","Album","1","10","CD","117573","Träumereien: Die schönsten Klavier-Melodien","1979","Richard Clayderman","5aea2df2-9278-45f2-b5c3-b372f5e60c1e"
"355","Elisabethen Serenade","Rêveries","1984","1984","AU","Album","1","10","CD","117493","Träumereien: Die schönsten Klavier-Melodien","1979","Richard Clayderman","beb76e4f-48a3-47f8-ac21-dac884130504"
"356","Bridge Over Troubled Water","Rêveries","1984","1984","FR","Album","1","11","CD","185693","Träumereien: Die schönsten Klavier-Melodien","1979","Richard Clayderman","5aea2df2-9278-45f2-b5c3-b372f5e60c1e"
"357","Bridge Over Troubled Water","Rêveries","1984","1984","AU","Album","1","11","CD","185640","Träumereien: Die schönsten Klavier-Melodien","1979","Richard Clayderman","beb76e4f-48a3-47f8-ac21-dac884130504"
"358","Barcarolle","Rêveries","1984","1984","AU","Album","1","12","CD","179933","Träumereien: Die schönsten Klavier-Melodien","1979","Richard Clayderman","beb76e4f-48a3-47f8-ac21-dac884130504"
"359","Barcarolle","Rêveries","1984","1984","FR","Album","1","12","CD","180040","Träumereien: Die schönsten Klavier-Melodien","1979","Richard Clayderman","5aea2df2-9278-45f2-b5c3-b372f5e60c1e"
"360","Love Story","Rêveries","1984","1984","FR","Album","1","13","CD","179760","Träumereien: Die schönsten Klavier-Melodien","1979","Richard Clayderman","5aea2df2-9278-45f2-b5c3-b372f5e60c1e"
"361","Love Story","Rêveries","1984","1984","AU","Album","1","13","CD","179693","Träumereien: Die schönsten Klavier-Melodien","1979","Richard Clayderman","beb76e4f-48a3-47f8-ac21-dac884130504"
"362","Moon River","Rêveries","1984","1984","FR","Album","1","14","CD","191866","Träumereien: Die schönsten Klavier-Melodien","1979","Richard Clayderman","5aea2df2-9278-45f2-b5c3-b372f5e60c1e"
"363","Moon River","Rêveries","1984","1984","AU","Album","1","14","CD","191773","Träumereien: Die schönsten Klavier-Melodien","1979","Richard Clayderman","beb76e4f-48a3-47f8-ac21-dac884130504"
"364","Sonate au Clair de Lune","Rêveries","1984","1984","FR","Album","1","15","CD","193266","Träumereien: Die schönsten Klavier-Melodien","1979","Richard Clayderman","5aea2df2-9278-45f2-b5c3-b372f5e60c1e"
"365","Sonate au Clair de lune","Rêveries","1984","1984","AU","Album","1","15","CD","193226","Träumereien: Die schönsten Klavier-Melodien","1979","Richard Clayderman","beb76e4f-48a3-47f8-ac21-dac884130504"
"366","La Mer","Rêveries","1984","1984","AU","Album","1","16","CD","192466","Träumereien: Die schönsten Klavier-Melodien","1979","Richard Clayderman","beb76e4f-48a3-47f8-ac21-dac884130504"
"367","La Mer","Rêveries","1984","1984","FR","Album","1","16","CD","192106","Träumereien: Die schönsten Klavier-Melodien","1979","Richard Clayderman","5aea2df2-9278-45f2-b5c3-b372f5e60c1e"
"368","Till","The Music Of Love","1984","1984","FR","Album","1","1","Cassette","","The Music Of Love","1984","Richard Clayderman","4d245dbf-3db3-4ec5-8549-962ba3592d3c"
"369","How Deep Is Your Love","The Music Of Love","1984","1984","FR","Album","1","2","Cassette","","The Music Of Love","1984","Richard Clayderman","4d245dbf-3db3-4ec5-8549-962ba3592d3c"
"370","Begin the Beguine","The Music Of Love","1984","1984","FR","Album","1","3","Cassette","","The Music Of Love","1984","Richard Clayderman","4d245dbf-3db3-4ec5-8549-962ba3592d3c"
"371","Hello","The Music Of Love","1984","1984","FR","Album","1","4","Cassette","","The Music Of Love","1984","Richard Clayderman","4d245dbf-3db3-4ec5-8549-962ba3592d3c"
"372","Only You","The Music Of Love","1984","1984","FR","Album","1","5","Cassette","","The Music Of Love","1984","Richard Clayderman","4d245dbf-3db3-4ec5-8549-962ba3592d3c"
"373","The Way We Were","The Music Of Love","1984","1984","FR","Album","1","6","Cassette","","The Music Of Love","1984","Richard Clayderman","4d245dbf-3db3-4ec5-8549-962ba3592d3c"
"374","Theme From the Thorn Birds","The Music Of Love","1984","1984","FR","Album","1","7","Cassette","","The Music Of Love","1984","Richard Clayderman","4d245dbf-3db3-4ec5-8549-962ba3592d3c"
"375","Memory","The Music Of Love","1984","1984","FR","Album","1","8","Cassette","","The Music Of Love","1984","Richard Clayderman","4d245dbf-3db3-4ec5-8549-962ba3592d3c"
"376","Stranger in Paradise","The Music Of Love","1984","1984","FR","Album","1","9","Cassette","","The Music Of Love","1984","Richard Clayderman","4d245dbf-3db3-4ec5-8549-962ba3592d3c"
"377","And I Love You So","The Music Of Love","1984","1984","FR","Album","1","10","Cassette","","The Music Of Love","1984","Richard Clayderman","4d245dbf-3db3-4ec5-8549-962ba3592d3c"
"378","As Time Goes By","The Music Of Love","1984","1984","FR","Album","1","11","Cassette","","The Music Of Love","1984","Richard Clayderman","4d245dbf-3db3-4ec5-8549-962ba3592d3c"
"379","Le Vrai Musique D'Lamour","The Music Of Love","1984","1984","FR","Album","1","12","Cassette","","The Music Of Love","1984","Richard Clayderman","4d245dbf-3db3-4ec5-8549-962ba3592d3c"
"380","Chariots of Fire","The Music Of Love","1984","1984","FR","Album","1","13","Cassette","","The Music Of Love","1984","Richard Clayderman","4d245dbf-3db3-4ec5-8549-962ba3592d3c"
"381","Shadow of Your Smile","The Music Of Love","1984","1984","FR","Album","1","14","Cassette","","The Music Of Love","1984","Richard Clayderman","4d245dbf-3db3-4ec5-8549-962ba3592d3c"
"382","Dolannes Melodoie","The Music Of Love","1984","1984","FR","Album","1","15","Cassette","","The Music Of Love","1984","Richard Clayderman","4d245dbf-3db3-4ec5-8549-962ba3592d3c"
"383","Blue Eyes","The Music Of Love","1984","1984","FR","Album","1","16","Cassette","","The Music Of Love","1984","Richard Clayderman","4d245dbf-3db3-4ec5-8549-962ba3592d3c"
"384","Yesterday","The Music Of Love","1984","1984","FR","Album","1","17","Cassette","","The Music Of Love","1984","Richard Clayderman","4d245dbf-3db3-4ec5-8549-962ba3592d3c"
"385","Flashdance... What Feeling","The Music Of Love","1984","1984","FR","Album","1","18","Cassette","","The Music Of Love","1984","Richard Clayderman","4d245dbf-3db3-4ec5-8549-962ba3592d3c"
"386","Dolannes Melodie","Träumereien","1984","1984","DE","Album","1","1","CD","203000","Träumereien: Die schönsten Klavier-Melodien","1979","Richard Clayderman","aa0acdab-b969-41d5-a00e-a310b0ac7a76"
"387","Yesterday","Träumereien","1984","1984","DE","Album","1","2","CD","142000","Träumereien: Die schönsten Klavier-Melodien","1979","Richard Clayderman","aa0acdab-b969-41d5-a00e-a310b0ac7a76"
"388","Liebestraum","Träumereien","1984","1984","DE","Album","1","3","CD","188000","Träumereien: Die schönsten Klavier-Melodien","1979","Richard Clayderman","aa0acdab-b969-41d5-a00e-a310b0ac7a76"
"389","Don't Cry For Me Argentina","Träumereien","1984","1984","DE","Album","1","4","CD","188000","Träumereien: Die schönsten Klavier-Melodien","1979","Richard Clayderman","aa0acdab-b969-41d5-a00e-a310b0ac7a76"
"390","Ode to Joy","Träumereien","1984","1984","DE","Album","1","5","CD","187000","Träumereien: Die schönsten Klavier-Melodien","1979","Richard Clayderman","aa0acdab-b969-41d5-a00e-a310b0ac7a76"
"391","Für Elise","Träumereien","1984","1984","DE","Album","1","6","CD","144000","Träumereien: Die schönsten Klavier-Melodien","1979","Richard Clayderman","aa0acdab-b969-41d5-a00e-a310b0ac7a76"
"392","Exodus","Träumereien","1984","1984","DE","Album","1","7","CD","175000","Träumereien: Die schönsten Klavier-Melodien","1979","Richard Clayderman","aa0acdab-b969-41d5-a00e-a310b0ac7a76"
"393","Ballade pour Adeline","Träumereien","1984","1984","DE","Album","1","8","CD","155000","Träumereien: Die schönsten Klavier-Melodien","1979","Richard Clayderman","aa0acdab-b969-41d5-a00e-a310b0ac7a76"
"394","Romeo & Julia","Träumereien","1984","1984","DE","Album","1","9","CD","138000","Träumereien: Die schönsten Klavier-Melodien","1979","Richard Clayderman","aa0acdab-b969-41d5-a00e-a310b0ac7a76"
"395","Elisabeth-Serenade","Träumereien","1984","1984","DE","Album","1","10","CD","115000","Träumereien: Die schönsten Klavier-Melodien","1979","Richard Clayderman","aa0acdab-b969-41d5-a00e-a310b0ac7a76"
"396","Bridge Over Troubled Water","Träumereien","1984","1984","DE","Album","1","11","CD","183000","Träumereien: Die schönsten Klavier-Melodien","1979","Richard Clayderman","aa0acdab-b969-41d5-a00e-a310b0ac7a76"
"397","Barcarole","Träumereien","1984","1984","DE","Album","1","12","CD","177000","Träumereien: Die schönsten Klavier-Melodien","1979","Richard Clayderman","aa0acdab-b969-41d5-a00e-a310b0ac7a76"
"398","Love Story","Träumereien","1984","1984","DE","Album","1","13","CD","177000","Träumereien: Die schönsten Klavier-Melodien","1979","Richard Clayderman","aa0acdab-b969-41d5-a00e-a310b0ac7a76"
"399","Moon River","Träumereien","1984","1984","DE","Album","1","14","CD","189000","Träumereien: Die schönsten Klavier-Melodien","1979","Richard Clayderman","aa0acdab-b969-41d5-a00e-a310b0ac7a76"
"400","Mondscheinsonate","Träumereien","1984","1984","DE","Album","1","15","CD","190000","Träumereien: Die schönsten Klavier-Melodien","1979","Richard Clayderman","aa0acdab-b969-41d5-a00e-a310b0ac7a76"
"401","La mer","Träumereien","1984","1984","DE","Album","1","16","CD","191000","Träumereien: Die schönsten Klavier-Melodien","1979","Richard Clayderman","aa0acdab-b969-41d5-a00e-a310b0ac7a76"
"402","Tristesse","Träumereien 2","1984","1984","DE","Album","1","1","CD","153000","Träumereien 2","1984","Richard Clayderman","8bd9185f-c451-47b6-927c-095eb5f500c5"
"403","Plaisir d'amour","Träumereien 2","1984","1984","DE","Album","1","2","CD","159000","Träumereien 2","1984","Richard Clayderman","8bd9185f-c451-47b6-927c-095eb5f500c5"
"404","Aline","Träumereien 2","1984","1984","DE","Album","1","3","CD","154000","Träumereien 2","1984","Richard Clayderman","8bd9185f-c451-47b6-927c-095eb5f500c5"
"405","Schiwago-Melodie","Träumereien 2","1984","1984","DE","Album","1","4","CD","152000","Träumereien 2","1984","Richard Clayderman","8bd9185f-c451-47b6-927c-095eb5f500c5"
"406","Feelings","Träumereien 2","1984","1984","DE","Album","1","5","CD","196000","Träumereien 2","1984","Richard Clayderman","8bd9185f-c451-47b6-927c-095eb5f500c5"
"407","Let It Be","Träumereien 2","1984","1984","DE","Album","1","6","CD","219000","Träumereien 2","1984","Richard Clayderman","8bd9185f-c451-47b6-927c-095eb5f500c5"
"408","Love Is Blue","Träumereien 2","1984","1984","DE","Album","1","7","CD","104000","Träumereien 2","1984","Richard Clayderman","8bd9185f-c451-47b6-927c-095eb5f500c5"
"409","Vaya con dios","Träumereien 2","1984","1984","DE","Album","1","8","CD","108000","Träumereien 2","1984","Richard Clayderman","8bd9185f-c451-47b6-927c-095eb5f500c5"
"410","Reise nach Venedig","Träumereien 2","1984","1984","DE","Album","1","9","CD","171000","Träumereien 2","1984","Richard Clayderman","8bd9185f-c451-47b6-927c-095eb5f500c5"
"411","Ballade pour Adeline","Träumereien 2","1984","1984","DE","Album","1","10","CD","157000","Träumereien 2","1984","Richard Clayderman","8bd9185f-c451-47b6-927c-095eb5f500c5"
"412","Strangers in the Night","Träumereien 2","1984","1984","DE","Album","1","11","CD","196000","Träumereien 2","1984","Richard Clayderman","8bd9185f-c451-47b6-927c-095eb5f500c5"
"413","When a Man Loves a Woman","Träumereien 2","1984","1984","DE","Album","1","12","CD","166000","Träumereien 2","1984","Richard Clayderman","8bd9185f-c451-47b6-927c-095eb5f500c5"
"414","The Sound of Silence","Träumereien 2","1984","1984","DE","Album","1","13","CD","208000","Träumereien 2","1984","Richard Clayderman","8bd9185f-c451-47b6-927c-095eb5f500c5"
"415","Parlez-moi d'amour","Träumereien 2","1984","1984","DE","Album","1","14","CD","140000","Träumereien 2","1984","Richard Clayderman","8bd9185f-c451-47b6-927c-095eb5f500c5"
"416","Jardin Secret","Träumereien 2","1984","1984","DE","Album","1","15","CD","134000","Träumereien 2","1984","Richard Clayderman","8bd9185f-c451-47b6-927c-095eb5f500c5"
"417","Ave Maria","Träumereien 2","1984","1984","DE","Album","1","16","CD","163000","Träumereien 2","1984","Richard Clayderman","8bd9185f-c451-47b6-927c-095eb5f500c5"
"418","Summertime","Träumereien 2","1984","1984","DE","Album","1","17","CD","156000","Träumereien 2","1984","Richard Clayderman","8bd9185f-c451-47b6-927c-095eb5f500c5"
"419","La vraie musique de l'amour","Träumereien 2","1984","1984","DE","Album","1","18","CD","121000","Träumereien 2","1984","Richard Clayderman","8bd9185f-c451-47b6-927c-095eb5f500c5"
"420","My Way","Träumereien 2","1984","1984","DE","Album","1","19","CD","228000","Träumereien 2","1984","Richard Clayderman","8bd9185f-c451-47b6-927c-095eb5f500c5"
"421","Guten Abend, gute Nacht","Träumereien 2","1984","1984","DE","Album","1","20","CD","105000","Träumereien 2","1984","Richard Clayderman","8bd9185f-c451-47b6-927c-095eb5f500c5"
"422","Liebeslied","Träumereien 3","1984","1984","DE","Album","1","1","CD","152906","Träumereien 3","1984","Richard Clayderman","d5872358-2825-4bcf-b61d-eaac0e038912"
"423","Zarte Rose","Träumereien 3","1984","1984","DE","Album","1","2","CD","174426","Träumereien 3","1984","Richard Clayderman","d5872358-2825-4bcf-b61d-eaac0e038912"
"424","Rondo (Piano und Orchester)","Träumereien 3","1984","1984","DE","Album","1","3","CD","94600","Träumereien 3","1984","Richard Clayderman","d5872358-2825-4bcf-b61d-eaac0e038912"
"425","Die Hoffnung","Träumereien 3","1984","1984","DE","Album","1","4","CD","195333","Träumereien 3","1984","Richard Clayderman","d5872358-2825-4bcf-b61d-eaac0e038912"
"426","Vanessa","Träumereien 3","1984","1984","DE","Album","1","5","CD","139466","Träumereien 3","1984","Richard Clayderman","d5872358-2825-4bcf-b61d-eaac0e038912"
"427","Zeitlos","Träumereien 3","1984","1984","DE","Album","1","6","CD","188400","Träumereien 3","1984","Richard Clayderman","d5872358-2825-4bcf-b61d-eaac0e038912"
"428","Einsames Herz","Träumereien 3","1984","1984","DE","Album","1","7","CD","168733","Träumereien 3","1984","Richard Clayderman","d5872358-2825-4bcf-b61d-eaac0e038912"
"429","Schattenspiele","Träumereien 3","1984","1984","DE","Album","1","8","CD","169040","Träumereien 3","1984","Richard Clayderman","d5872358-2825-4bcf-b61d-eaac0e038912"
"430","Die blaue Stunde","Träumereien 3","1984","1984","DE","Album","1","9","CD","220360","Träumereien 3","1984","Richard Clayderman","d5872358-2825-4bcf-b61d-eaac0e038912"
"431","Concerto","Träumereien 3","1984","1984","DE","Album","1","10","CD","224240","Träumereien 3","1984","Richard Clayderman","d5872358-2825-4bcf-b61d-eaac0e038912"
"432","Liebesleid","Träumereien 3","1984","1984","DE","Album","1","11","CD","165800","Träumereien 3","1984","Richard Clayderman","d5872358-2825-4bcf-b61d-eaac0e038912"
"433","Am Ufer des Flusses","Träumereien 3","1984","1984","DE","Album","1","12","CD","233893","Träumereien 3","1984","Richard Clayderman","d5872358-2825-4bcf-b61d-eaac0e038912"
"434","Hochzeitsglocken","Träumereien 3","1984","1984","DE","Album","1","13","CD","162333","Träumereien 3","1984","Richard Clayderman","d5872358-2825-4bcf-b61d-eaac0e038912"
"435","Erste Tränen","Träumereien 3","1984","1984","DE","Album","1","14","CD","200906","Träumereien 3","1984","Richard Clayderman","d5872358-2825-4bcf-b61d-eaac0e038912"
"436","Der Ozean","Träumereien 3","1984","1984","DE","Album","1","15","CD","166533","Träumereien 3","1984","Richard Clayderman","d5872358-2825-4bcf-b61d-eaac0e038912"
"437","Wiegenlied","Träumereien 3","1984","1984","DE","Album","1","16","CD","193133","Träumereien 3","1984","Richard Clayderman","d5872358-2825-4bcf-b61d-eaac0e038912"
"438","Bilder aus der Kindheit","Träumereien 3","1984","1984","DE","Album","1","17","CD","169893","Träumereien 3","1984","Richard Clayderman","d5872358-2825-4bcf-b61d-eaac0e038912"
"439","Sommertraum","Träumereien 3","1984","1984","DE","Album","1","18","CD","176906","Träumereien 3","1984","Richard Clayderman","d5872358-2825-4bcf-b61d-eaac0e038912"
"440","Woman in Love","Zeit zum Träumen","1984","1984","DE","Album","1","1","CD","149000","Zeit zum Träumen","1984","Richard Clayderman","e49078c5-eaa8-48e1-9d64-00c48f9e1bc8"
"441","I Have a Dream","Zeit zum Träumen","1984","1984","DE","Album","1","2","CD","190000","Zeit zum Träumen","1984","Richard Clayderman","e49078c5-eaa8-48e1-9d64-00c48f9e1bc8"
"442","Bright Eyes","Zeit zum Träumen","1984","1984","DE","Album","1","3","CD","175000","Zeit zum Träumen","1984","Richard Clayderman","e49078c5-eaa8-48e1-9d64-00c48f9e1bc8"
"443","Hey Jude","Zeit zum Träumen","1984","1984","DE","Album","1","4","CD","167000","Zeit zum Träumen","1984","Richard Clayderman","e49078c5-eaa8-48e1-9d64-00c48f9e1bc8"
"444","Bridge Over Troubled Water","Zeit zum Träumen","1984","1984","DE","Album","1","5","CD","186000","Zeit zum Träumen","1984","Richard Clayderman","e49078c5-eaa8-48e1-9d64-00c48f9e1bc8"
"445","Up Where We Belong","Zeit zum Träumen","1984","1984","DE","Album","1","6","CD","179000","Zeit zum Träumen","1984","Richard Clayderman","e49078c5-eaa8-48e1-9d64-00c48f9e1bc8"
"446","Juliet","Zeit zum Träumen","1984","1984","DE","Album","1","7","CD","192000","Zeit zum Träumen","1984","Richard Clayderman","e49078c5-eaa8-48e1-9d64-00c48f9e1bc8"
"447","Don't Cry for Me Argentina","Zeit zum Träumen","1984","1984","DE","Album","1","8","CD","159000","Zeit zum Träumen","1984","Richard Clayderman","e49078c5-eaa8-48e1-9d64-00c48f9e1bc8"
"448","Blue Eyes","Zeit zum Träumen","1984","1984","DE","Album","1","9","CD","185000","Zeit zum Träumen","1984","Richard Clayderman","e49078c5-eaa8-48e1-9d64-00c48f9e1bc8"
"449","The Most Beautiful Girl","Zeit zum Träumen","1984","1984","DE","Album","1","10","CD","157000","Zeit zum Träumen","1984","Richard Clayderman","e49078c5-eaa8-48e1-9d64-00c48f9e1bc8"
"450","Chariots of Fire","Zeit zum Träumen","1984","1984","DE","Album","1","11","CD","179000","Zeit zum Träumen","1984","Richard Clayderman","e49078c5-eaa8-48e1-9d64-00c48f9e1bc8"
"451","Flashdance... What a Feeling","Zeit zum Träumen","1984","1984","DE","Album","1","12","CD","159000","Zeit zum Träumen","1984","Richard Clayderman","e49078c5-eaa8-48e1-9d64-00c48f9e1bc8"
"452","Ebony and Ivory","Zeit zum Träumen","1984","1984","DE","Album","1","13","CD","166000","Zeit zum Träumen","1984","Richard Clayderman","e49078c5-eaa8-48e1-9d64-00c48f9e1bc8"
"453","Memory","Zeit zum Träumen","1984","1984","DE","Album","1","14","CD","186000","Zeit zum Träumen","1984","Richard Clayderman","e49078c5-eaa8-48e1-9d64-00c48f9e1bc8"
"454","Feelings","Zeit zum Träumen","1984","1984","DE","Album","1","15","CD","194000","Zeit zum Träumen","1984","Richard Clayderman","e49078c5-eaa8-48e1-9d64-00c48f9e1bc8"
"455","Only You","Zeit zum Träumen","1984","1984","DE","Album","1","16","CD","141000","Zeit zum Träumen","1984","Richard Clayderman","e49078c5-eaa8-48e1-9d64-00c48f9e1bc8"
"456","Blue Eyes","Zeit zum Träumen","1984","1984","DE","Album","1","B1","12"" Vinyl","185000","Zeit zum Träumen","1984","Richard Clayderman","18c401ae-36c4-4c66-9a4b-8edb13f3d81c"
"457","Bridge Over Troubled Water","Zeit zum Träumen","1984","1984","DE","Album","1","A5","12"" Vinyl","186000","Zeit zum Träumen","1984","Richard Clayderman","18c401ae-36c4-4c66-9a4b-8edb13f3d81c"
"458","Bright Eyes","Zeit zum Träumen","1984","1984","DE","Album","1","A3","12"" Vinyl","175000","Zeit zum Träumen","1984","Richard Clayderman","18c401ae-36c4-4c66-9a4b-8edb13f3d81c"
"459","Chariots of Fire","Zeit zum Träumen","1984","1984","DE","Album","1","B3","12"" Vinyl","179000","Zeit zum Träumen","1984","Richard Clayderman","18c401ae-36c4-4c66-9a4b-8edb13f3d81c"
"460","Don't Cry for Me Argentina","Zeit zum Träumen","1984","1984","DE","Album","1","A8","12"" Vinyl","159000","Zeit zum Träumen","1984","Richard Clayderman","18c401ae-36c4-4c66-9a4b-8edb13f3d81c"
"461","Ebony and Ivory","Zeit zum Träumen","1984","1984","DE","Album","1","B5","12"" Vinyl","166000","Zeit zum Träumen","1984","Richard Clayderman","18c401ae-36c4-4c66-9a4b-8edb13f3d81c"
"462","Feelings","Zeit zum Träumen","1984","1984","DE","Album","1","B7","12"" Vinyl","194000","Zeit zum Träumen","1984","Richard Clayderman","18c401ae-36c4-4c66-9a4b-8edb13f3d81c"
"463","Flashdance... What a Feeling","Zeit zum Träumen","1984","1984","DE","Album","1","B4","12"" Vinyl","159000","Zeit zum Träumen","1984","Richard Clayderman","18c401ae-36c4-4c66-9a4b-8edb13f3d81c"
"464","Hey Jude","Zeit zum Träumen","1984","1984","DE","Album","1","A4","12"" Vinyl","167000","Zeit zum Träumen","1984","Richard Clayderman","18c401ae-36c4-4c66-9a4b-8edb13f3d81c"
"465","I Have a Dream","Zeit zum Träumen","1984","1984","DE","Album","1","A2","12"" Vinyl","190000","Zeit zum Träumen","1984","Richard Clayderman","18c401ae-36c4-4c66-9a4b-8edb13f3d81c"
"466","Juliet","Zeit zum Träumen","1984","1984","DE","Album","1","A7","12"" Vinyl","191000","Zeit zum Träumen","1984","Richard Clayderman","18c401ae-36c4-4c66-9a4b-8edb13f3d81c"
"467","Memory","Zeit zum Träumen","1984","1984","DE","Album","1","B6","12"" Vinyl","186000","Zeit zum Träumen","1984","Richard Clayderman","18c401ae-36c4-4c66-9a4b-8edb13f3d81c"
"468","Only You","Zeit zum Träumen","1984","1984","DE","Album","1","B8","12"" Vinyl","141000","Zeit zum Träumen","1984","Richard Clayderman","18c401ae-36c4-4c66-9a4b-8edb13f3d81c"
"469","The Most Beautiful Girl","Zeit zum Träumen","1984","1984","DE","Album","1","B2","12"" Vinyl","157000","Zeit zum Träumen","1984","Richard Clayderman","18c401ae-36c4-4c66-9a4b-8edb13f3d81c"
"470","Up Where We Belong","Zeit zum Träumen","1984","1984","DE","Album","1","A6","12"" Vinyl","179000","Zeit zum Träumen","1984","Richard Clayderman","18c401ae-36c4-4c66-9a4b-8edb13f3d81c"
"471","Woman in Love","Zeit zum Träumen","1984","1984","DE","Album","1","A1","12"" Vinyl","149000","Zeit zum Träumen","1984","Richard Clayderman","18c401ae-36c4-4c66-9a4b-8edb13f3d81c"
"472","White Christmas","A Romantic Christmas","1985","1985","US","Album","1","1","CD","159093","A Romantic Christmas","1985","Richard Clayderman","5d7c7e2d-88bf-42d5-b4b8-c1f10787cd89"
"473","Rudolph, The Red-Nosed Reindeer","A Romantic Christmas","1985","1985","US","Album","1","2","CD","137973","A Romantic Christmas","1985","Richard Clayderman","5d7c7e2d-88bf-42d5-b4b8-c1f10787cd89"
"474","Silver Bells","A Romantic Christmas","1985","1985","US","Album","1","3","CD","149826","A Romantic Christmas","1985","Richard Clayderman","5d7c7e2d-88bf-42d5-b4b8-c1f10787cd89"
"475","The Little Drummer Boy","A Romantic Christmas","1985","1985","US","Album","1","4","CD","230266","A Romantic Christmas","1985","Richard Clayderman","5d7c7e2d-88bf-42d5-b4b8-c1f10787cd89"
"476","Ave Maria (Gounod)","A Romantic Christmas","1985","1985","US","Album","1","5","CD","165506","A Romantic Christmas","1985","Richard Clayderman","5d7c7e2d-88bf-42d5-b4b8-c1f10787cd89"
"477","Silent Night, Holy Night","A Romantic Christmas","1985","1985","US","Album","1","6","CD","126360","A Romantic Christmas","1985","Richard Clayderman","5d7c7e2d-88bf-42d5-b4b8-c1f10787cd89"
"478","Jingle Bells","A Romantic Christmas","1985","1985","US","Album","1","7","CD","163533","A Romantic Christmas","1985","Richard Clayderman","5d7c7e2d-88bf-42d5-b4b8-c1f10787cd89"
"479","O Tannenbaum","A Romantic Christmas","1985","1985","US","Album","1","8","CD","137400","A Romantic Christmas","1985","Richard Clayderman","5d7c7e2d-88bf-42d5-b4b8-c1f10787cd89"
"480","Santa Claus Is Comin' To Town","A Romantic Christmas","1985","1985","US","Album","1","9","CD","151733","A Romantic Christmas","1985","Richard Clayderman","5d7c7e2d-88bf-42d5-b4b8-c1f10787cd89"
"481","Christmas Concerto","A Romantic Christmas","1985","1985","US","Album","1","10","CD","219640","A Romantic Christmas","1985","Richard Clayderman","5d7c7e2d-88bf-42d5-b4b8-c1f10787cd89"
"482","Largo","A Romantic Christmas","1985","1985","US","Album","1","11","CD","167226","A Romantic Christmas","1985","Richard Clayderman","5d7c7e2d-88bf-42d5-b4b8-c1f10787cd89"
"483","Leise Rieselt Der Shnee","A Romantic Christmas","1985","1985","US","Album","1","12","CD","140173","A Romantic Christmas","1985","Richard Clayderman","5d7c7e2d-88bf-42d5-b4b8-c1f10787cd89"
"484","Hymne A La Joie","A Romantic Christmas","1985","1985","US","Album","1","13","CD","193466","A Romantic Christmas","1985","Richard Clayderman","5d7c7e2d-88bf-42d5-b4b8-c1f10787cd89"
"485","Jesu Joy Of Man's Desire","A Romantic Christmas","1985","1985","US","Album","1","14","CD","206200","A Romantic Christmas","1985","Richard Clayderman","5d7c7e2d-88bf-42d5-b4b8-c1f10787cd89"
"486","Traumerei","A Romantic Christmas","1985","1985","US","Album","1","15","CD","255560","A Romantic Christmas","1985","Richard Clayderman","5d7c7e2d-88bf-42d5-b4b8-c1f10787cd89"
"487","Jingle Bells","Ein Weihnachtstraum","1985","1985","XG","EP","1","B2","7"" Vinyl","160000","Ein Weihnachtstraum","1985","Richard Clayderman","11ca3aaf-ca88-4a7c-a67f-00a044922c69"
"488","Leise rieselt der Schnee","Ein Weihnachtstraum","1985","1985","XG","EP","1","A1","7"" Vinyl","136000","Ein Weihnachtstraum","1985","Richard Clayderman","11ca3aaf-ca88-4a7c-a67f-00a044922c69"
"489","O Tannenbaum","Ein Weihnachtstraum","1985","1985","XG","EP","1","A2","7"" Vinyl","134000","Ein Weihnachtstraum","1985","Richard Clayderman","11ca3aaf-ca88-4a7c-a67f-00a044922c69"
"490","White Christmas","Ein Weihnachtstraum","1985","1985","XG","EP","1","B1","7"" Vinyl","160000","Ein Weihnachtstraum","1985","Richard Clayderman","11ca3aaf-ca88-4a7c-a67f-00a044922c69"
"491","'L' for Love (A Comme Amour)","Introducing Richard Clayderman","1985","1985","GB","Album","1","1","CD","199000","Introducing Richard Clayderman","1985","Richard Clayderman","100545af-60bf-4dfc-8297-2b931adedbde"
"492","La Mer","Introducing Richard Clayderman","1985","1985","GB","Album","1","2","CD","197000","Introducing Richard Clayderman","1985","Richard Clayderman","100545af-60bf-4dfc-8297-2b931adedbde"
"493","My Way","Introducing Richard Clayderman","1985","1985","GB","Album","1","3","CD","231493","Introducing Richard Clayderman","1985","Richard Clayderman","100545af-60bf-4dfc-8297-2b931adedbde"
"494","Lyphard Melody","Introducing Richard Clayderman","1985","1985","GB","Album","1","4","CD","283000","Introducing Richard Clayderman","1985","Richard Clayderman","100545af-60bf-4dfc-8297-2b931adedbde"
"495","Romantique Serenade","Introducing Richard Clayderman","1985","1985","GB","Album","1","5","CD","209000","Introducing Richard Clayderman","1985","Richard Clayderman","100545af-60bf-4dfc-8297-2b931adedbde"
"496","Yesterday","Introducing Richard Clayderman","1985","1985","GB","Album","1","6","CD","145000","Introducing Richard Clayderman","1985","Richard Clayderman","100545af-60bf-4dfc-8297-2b931adedbde"
"497","Tristesse","Introducing Richard Clayderman","1985","1985","GB","Album","1","7","CD","154333","Introducing Richard Clayderman","1985","Richard Clayderman","100545af-60bf-4dfc-8297-2b931adedbde"
"498","Rhapsody in Blue","Introducing Richard Clayderman","1985","1985","GB","Album","1","8","CD","208000","Introducing Richard Clayderman","1985","Richard Clayderman","100545af-60bf-4dfc-8297-2b931adedbde"
"499","Bach Gammon","Introducing Richard Clayderman","1985","1985","GB","Album","1","9","CD","168506","Introducing Richard Clayderman","1985","Richard Clayderman","100545af-60bf-4dfc-8297-2b931adedbde"
"500","Sentimental Melody","Introducing Richard Clayderman","1985","1985","GB","Album","1","10","CD","301666","Introducing Richard Clayderman","1985","Richard Clayderman","100545af-60bf-4dfc-8297-2b931adedbde"
"501","Ballad for Adeline","Introducing Richard Clayderman","1985","1985","GB","Album","1","11","CD","159000","Introducing Richard Clayderman","1985","Richard Clayderman","100545af-60bf-4dfc-8297-2b931adedbde"
"502","'Love Theme' from Romeo & Juliet","Introducing Richard Clayderman","1985","1985","GB","Album","1","12","CD","143826","Introducing Richard Clayderman","1985","Richard Clayderman","100545af-60bf-4dfc-8297-2b931adedbde"
"503","Don't Cry for Me Argentina","Introducing Richard Clayderman","1985","1985","GB","Album","1","13","CD","160333","Introducing Richard Clayderman","1985","Richard Clayderman","100545af-60bf-4dfc-8297-2b931adedbde"
"504","Theme from 'Love Story'","Introducing Richard Clayderman","1985","1985","GB","Album","1","14","CD","183506","Introducing Richard Clayderman","1985","Richard Clayderman","100545af-60bf-4dfc-8297-2b931adedbde"
"505","Moon River","Introducing Richard Clayderman","1985","1985","GB","Album","1","15","CD","197000","Introducing Richard Clayderman","1985","Richard Clayderman","100545af-60bf-4dfc-8297-2b931adedbde"
"506","Bridge Over Troubled Water","Introducing Richard Clayderman","1985","1985","GB","Album","1","16","CD","189826","Introducing Richard Clayderman","1985","Richard Clayderman","100545af-60bf-4dfc-8297-2b931adedbde"
"507","Liebestraum","Introducing Richard Clayderman","1985","1985","GB","Album","1","17","CD","192666","Introducing Richard Clayderman","1985","Richard Clayderman","100545af-60bf-4dfc-8297-2b931adedbde"
"508","Für Elise","Introducing Richard Clayderman","1985","1985","GB","Album","1","18","CD","149333","Introducing Richard Clayderman","1985","Richard Clayderman","100545af-60bf-4dfc-8297-2b931adedbde"
"509","Moonlight Sonata","Introducing Richard Clayderman","1985","1985","GB","Album","1","19","CD","197333","Introducing Richard Clayderman","1985","Richard Clayderman","100545af-60bf-4dfc-8297-2b931adedbde"
"510","Ave Maria","Introducing Richard Clayderman","1985","1985","GB","Album","1","20","CD","169173","Introducing Richard Clayderman","1985","Richard Clayderman","100545af-60bf-4dfc-8297-2b931adedbde"
"511","Murmurs","Introducing Richard Clayderman","1985","1985","GB","Album","1","21","CD","162093","Introducing Richard Clayderman","1985","Richard Clayderman","100545af-60bf-4dfc-8297-2b931adedbde"
"512","Ballade Pour Adeline","Ballade pour Adeline","1986","1986","BE","Album","1","1","CD","155000","Ballade pour Adeline","1986","Richard Clayderman","00cee0ba-2a1a-45c7-be38-1cac37c99872"
"513","Secret of My Love, pt. 1","Ballade pour Adeline","1986","1986","BE","Album","1","2","CD","176000","Ballade pour Adeline","1986","Richard Clayderman","00cee0ba-2a1a-45c7-be38-1cac37c99872"
"514","L'enfant et la mer","Ballade pour Adeline","1986","1986","BE","Album","1","3","CD","215000","Ballade pour Adeline","1986","Richard Clayderman","00cee0ba-2a1a-45c7-be38-1cac37c99872"
"515","Moon River","Ballade pour Adeline","1986","1986","BE","Album","1","4","CD","192000","Ballade pour Adeline","1986","Richard Clayderman","00cee0ba-2a1a-45c7-be38-1cac37c99872"
"516","Black Deal","Ballade pour Adeline","1986","1986","BE","Album","1","5","CD","180000","Ballade pour Adeline","1986","Richard Clayderman","00cee0ba-2a1a-45c7-be38-1cac37c99872"
"517","Lyphard Melodie","Ballade pour Adeline","1986","1986","BE","Album","1","6","CD","280000","Ballade pour Adeline","1986","Richard Clayderman","00cee0ba-2a1a-45c7-be38-1cac37c99872"
"518","Für Elise","Ballade pour Adeline","1986","1986","BE","Album","1","7","CD","144000","Ballade pour Adeline","1986","Ludwig van Beethoven","00cee0ba-2a1a-45c7-be38-1cac37c99872"
"519","Romantica Serenade","Ballade pour Adeline","1986","1986","BE","Album","1","8","CD","202000","Ballade pour Adeline","1986","Richard Clayderman","00cee0ba-2a1a-45c7-be38-1cac37c99872"
"520","Don't Cry for Me Argentina","Ballade pour Adeline","1986","1986","BE","Album","1","9","CD","191000","Ballade pour Adeline","1986","Richard Clayderman","00cee0ba-2a1a-45c7-be38-1cac37c99872"
"521","Bridge Over Troubled Water","Ballade pour Adeline","1986","1986","BE","Album","1","10","CD","183000","Ballade pour Adeline","1986","Richard Clayderman","00cee0ba-2a1a-45c7-be38-1cac37c99872"
"522","Yesterday","Ballade pour Adeline","1986","1986","BE","Album","1","11","CD","142000","Ballade pour Adeline","1986","Richard Clayderman","00cee0ba-2a1a-45c7-be38-1cac37c99872"
"523","Exodus","Ballade pour Adeline","1986","1986","BE","Album","1","12","CD","178000","Ballade pour Adeline","1986","Richard Clayderman","00cee0ba-2a1a-45c7-be38-1cac37c99872"
"524","Theme From ""Love Story""","Ballade pour Adeline","1986","1986","BE","Album","1","13","CD","180000","Ballade pour Adeline","1986","Richard Clayderman","00cee0ba-2a1a-45c7-be38-1cac37c99872"
"525","La Milliere","Ballade pour Adeline","1986","1986","BE","Album","1","14","CD","228000","Ballade pour Adeline","1986","Richard Clayderman","00cee0ba-2a1a-45c7-be38-1cac37c99872"
"526","Lys River","Ballade pour Adeline","1986","1986","BE","Album","1","15","CD","272000","Ballade pour Adeline","1986","Richard Clayderman","00cee0ba-2a1a-45c7-be38-1cac37c99872"
"527","Secret of My Love, pt. 2","Ballade pour Adeline","1986","1986","BE","Album","1","16","CD","192000","Ballade pour Adeline","1986","Richard Clayderman","00cee0ba-2a1a-45c7-be38-1cac37c99872"
"528","Piano Concerto N° 1 In B Flat Minor Op.23","Concerto","1986","1986","FR","","1","1","CD","237426","Concerto","1986","Richard Clayderman","8d3571f0-25e9-4ccd-918f-d6c14bb5ce95"
"529","Warsaw Concerto","Concerto","1986","1986","AU","Album","1","1","CD","231426","Concerto","1986","Richard Addinsell","fad64cbb-36a9-468e-ac5e-d6204a42fa52"
"530","Elvira Madigan Piano Concerto N° 21 In C Major","Concerto","1986","1986","FR","","1","2","CD","202373","Concerto","1986","Richard Clayderman","8d3571f0-25e9-4ccd-918f-d6c14bb5ce95"
"531","Piano Concerto No. 1 in B Flat Minor","Concerto","1986","1986","AU","Album","1","2","CD","239066","Concerto","1986","Pyotr Ilyich Tchaikovsky","fad64cbb-36a9-468e-ac5e-d6204a42fa52"
"532","18th Variation on a Theme of Paganini","Concerto","1986","1986","AU","Album","1","3","CD","198106","Concerto","1986","Sergei Rachmaninoff","fad64cbb-36a9-468e-ac5e-d6204a42fa52"
"533","Cornish Rhapsody","Concerto","1986","1986","FR","","1","3","CD","325933","Concerto","1986","Richard Clayderman","8d3571f0-25e9-4ccd-918f-d6c14bb5ce95"
"534","Gymnopedie 1","Concerto","1986","1986","AU","Album","1","4","CD","191426","Concerto","1986","Erik Satie","fad64cbb-36a9-468e-ac5e-d6204a42fa52"
"535","Liebestraum (Nocturne N° 3)","Concerto","1986","1986","FR","","1","4","CD","368000","Concerto","1986","Richard Clayderman","8d3571f0-25e9-4ccd-918f-d6c14bb5ce95"
"536","Concerto in A Minor","Concerto","1986","1986","AU","Album","1","5","CD","244933","Concerto","1986","Edvard Grieg","fad64cbb-36a9-468e-ac5e-d6204a42fa52"
"537","Concerto N° 2 Op.18","Concerto","1986","1986","FR","","1","5","CD","185733","Concerto","1986","Richard Clayderman","8d3571f0-25e9-4ccd-918f-d6c14bb5ce95"
"538","Dream of Olwen","Concerto","1986","1986","AU","Album","1","6","CD","256173","Concerto","1986","Charles Williams","fad64cbb-36a9-468e-ac5e-d6204a42fa52"
"539","La Pathétique (Sonata - Adagio Cantabile)","Concerto","1986","1986","FR","","1","6","CD","250026","Concerto","1986","Richard Clayderman","8d3571f0-25e9-4ccd-918f-d6c14bb5ce95"
"540","Dream Of Olwen","Concerto","1986","1986","FR","","1","7","CD","253733","Concerto","1986","Richard Clayderman","8d3571f0-25e9-4ccd-918f-d6c14bb5ce95"
"541","Piano Concerto No. 2","Concerto","1986","1986","AU","Album","1","7","CD","188293","Concerto","1986","Sergei Rachmaninoff","fad64cbb-36a9-468e-ac5e-d6204a42fa52"
"542","Cornish Rhapsody","Concerto","1986","1986","AU","Album","1","8","CD","328066","Concerto","1986","Hubert Bath","fad64cbb-36a9-468e-ac5e-d6204a42fa52"
"543","Fur Elise ""Lettre A Elise""","Concerto","1986","1986","FR","","1","8","CD","255333","Concerto","1986","Richard Clayderman","8d3571f0-25e9-4ccd-918f-d6c14bb5ce95"
"544","Arabesque","Concerto","1986","1986","FR","","1","9","CD","248800","Concerto","1986","Richard Clayderman","8d3571f0-25e9-4ccd-918f-d6c14bb5ce95"
"545","Piano Concerto No. 21 in C Major","Concerto","1986","1986","AU","Album","1","9","CD","203866","Concerto","1986","Wolfgang Amadeus Mozart","fad64cbb-36a9-468e-ac5e-d6204a42fa52"
"546","Nocturne, Op. 9, No. 2 in E Flat Major","Concerto","1986","1986","AU","Album","1","10","CD","261933","Concerto","1986","Fryderyk Chopin","fad64cbb-36a9-468e-ac5e-d6204a42fa52"
"547","Warsaw Concerto ""Le Concerto De Varsovie""","Concerto","1986","1986","FR","","1","10","CD","228800","Concerto","1986","Richard Clayderman","8d3571f0-25e9-4ccd-918f-d6c14bb5ce95"
"548","Badinerie","Concerto","1986","1986","AU","Album","1","11","CD","218973","Concerto","1986","Johann Sebastian Bach","fad64cbb-36a9-468e-ac5e-d6204a42fa52"
"549","Moonlight Sonata ""Sonate Au Clair De Lune""","Concerto","1986","1986","FR","","1","11","CD","278933","Concerto","1986","Richard Clayderman","8d3571f0-25e9-4ccd-918f-d6c14bb5ce95"
"550","Elisabethan Serenade","Concerto","1986","1986","AU","Album","1","12","CD","116266","Concerto","1986","Ronald Binge","fad64cbb-36a9-468e-ac5e-d6204a42fa52"
"551","Rhapsody In Blue","Concerto","1986","1986","FR","","1","12","CD","303600","Concerto","1986","Richard Clayderman","8d3571f0-25e9-4ccd-918f-d6c14bb5ce95"
"552","Clair De Lune","Concerto","1986","1986","FR","","1","13","CD","292106","Concerto","1986","Richard Clayderman","8d3571f0-25e9-4ccd-918f-d6c14bb5ce95"
"553","Concerto In A Minor Op.16","Concerto","1986","1986","FR","","1","14","CD","242293","Concerto","1986","Richard Clayderman","8d3571f0-25e9-4ccd-918f-d6c14bb5ce95"
"554","Nocturne (Op.9 N° 2 In E Flat Major)","Concerto","1986","1986","FR","","1","15","CD","259973","Concerto","1986","Richard Clayderman","8d3571f0-25e9-4ccd-918f-d6c14bb5ce95"
"555","18th Variation Op.43","Concerto","1986","1986","FR","","1","16","CD","197266","Concerto","1986","Richard Clayderman","8d3571f0-25e9-4ccd-918f-d6c14bb5ce95"
"556","Gymnopedie 1","Concerto","1986","1986","FR","","1","17","CD","188600","Concerto","1986","Richard Clayderman","8d3571f0-25e9-4ccd-918f-d6c14bb5ce95"
"557","All the Things You Are, Are Mine","Hollywood & Broadway","1986","1986","BR","Album","1","B2","12"" Vinyl","187000","Hollywood & Broadway","1986","Richard Clayderman","a32eb75f-5e48-4472-ac28-4ab8d50d2bc5"
"558","Bewitched","Hollywood & Broadway","1986","1986","BR","Album","1","A1","12"" Vinyl","214000","Hollywood & Broadway","1986","Richard Clayderman","a32eb75f-5e48-4472-ac28-4ab8d50d2bc5"
"559","Embraceable You","Hollywood & Broadway","1986","1986","BR","Album","1","A2","12"" Vinyl","151000","Hollywood & Broadway","1986","Richard Clayderman","a32eb75f-5e48-4472-ac28-4ab8d50d2bc5"
"560","If I Loved You","Hollywood & Broadway","1986","1986","BR","Album","1","B5","12"" Vinyl","147000","Hollywood & Broadway","1986","Richard Clayderman","a32eb75f-5e48-4472-ac28-4ab8d50d2bc5"
"561","I've Grown Accustomed to Her Face","Hollywood & Broadway","1986","1986","BR","Album","1","B3","12"" Vinyl","203000","Hollywood & Broadway","1986","Richard Clayderman","a32eb75f-5e48-4472-ac28-4ab8d50d2bc5"
"562","Long Ago & Far Away","Hollywood & Broadway","1986","1986","BR","Album","1","A3","12"" Vinyl","196000","Hollywood & Broadway","1986","Richard Clayderman","a32eb75f-5e48-4472-ac28-4ab8d50d2bc5"
"563","Night and Day","Hollywood & Broadway","1986","1986","BR","Album","1","A4","12"" Vinyl","166000","Hollywood & Broadway","1986","Richard Clayderman","a32eb75f-5e48-4472-ac28-4ab8d50d2bc5"
"564","On the Street Where You Live","Hollywood & Broadway","1986","1986","BR","Album","1","B4","12"" Vinyl","148000","Hollywood & Broadway","1986","Richard Clayderman","a32eb75f-5e48-4472-ac28-4ab8d50d2bc5"
"565","People","Hollywood & Broadway","1986","1986","BR","Album","1","B1","12"" Vinyl","217000","Hollywood & Broadway","1986","Richard Clayderman","a32eb75f-5e48-4472-ac28-4ab8d50d2bc5"
"566","Smoke Gets in Your Eyes","Hollywood & Broadway","1986","1986","BR","Album","1","A6","12"" Vinyl","154000","Hollywood & Broadway","1986","Richard Clayderman","a32eb75f-5e48-4472-ac28-4ab8d50d2bc5"
"567","The Way You Look Tonight","Hollywood & Broadway","1986","1986","BR","Album","1","A5","12"" Vinyl","137000","Hollywood & Broadway","1986","Richard Clayderman","a32eb75f-5e48-4472-ac28-4ab8d50d2bc5"
"568","You'll Never Walk Alone","Hollywood & Broadway","1986","1986","BR","Album","1","B6","12"" Vinyl","177000","Hollywood & Broadway","1986","Richard Clayderman","a32eb75f-5e48-4472-ac28-4ab8d50d2bc5"
"569","Love me tender","Sweet Memories","1986","1986","","Album","1","1","CD","140693","Sweet Memories","1986","Richard Clayderman","d99c0a02-61cb-4731-bd24-cbdb09b755f2"
"570","Cavatina","Sweet Memories","1986","1986","","Album","1","2","CD","213106","Sweet Memories","1986","Richard Clayderman","d99c0a02-61cb-4731-bd24-cbdb09b755f2"
"571","When a man loves a woman","Sweet Memories","1986","1986","","Album","1","3","CD","166293","Sweet Memories","1986","Richard Clayderman","d99c0a02-61cb-4731-bd24-cbdb09b755f2"
"572","Hello","Sweet Memories","1986","1986","","Album","1","4","CD","186840","Sweet Memories","1986","Richard Clayderman","d99c0a02-61cb-4731-bd24-cbdb09b755f2"
"573","Up where we belong","Sweet Memories","1986","1986","","Album","1","5","CD","177493","Sweet Memories","1986","Richard Clayderman","d99c0a02-61cb-4731-bd24-cbdb09b755f2"
"574","I have a dream","Sweet Memories","1986","1986","","Album","1","6","CD","187306","Sweet Memories","1986","Richard Clayderman","d99c0a02-61cb-4731-bd24-cbdb09b755f2"
"575","My way","Sweet Memories","1986","1986","","Album","1","7","CD","229400","Sweet Memories","1986","Richard Clayderman","d99c0a02-61cb-4731-bd24-cbdb09b755f2"
"576","Feelings","Sweet Memories","1986","1986","","Album","1","8","CD","194866","Sweet Memories","1986","Richard Clayderman","d99c0a02-61cb-4731-bd24-cbdb09b755f2"
"577","Lara's theme","Sweet Memories","1986","1986","","Album","1","9","CD","153293","Sweet Memories","1986","Richard Clayderman","d99c0a02-61cb-4731-bd24-cbdb09b755f2"
"578","Greensleeves","Sweet Memories","1986","1986","","Album","1","10","CD","186066","Sweet Memories","1986","Richard Clayderman","d99c0a02-61cb-4731-bd24-cbdb09b755f2"
"579","Strangers in the night","Sweet Memories","1986","1986","","Album","1","11","CD","196906","Sweet Memories","1986","Richard Clayderman","d99c0a02-61cb-4731-bd24-cbdb09b755f2"
"580","Plaisir d'amour","Sweet Memories","1986","1986","","Album","1","12","CD","159160","Sweet Memories","1986","Richard Clayderman","d99c0a02-61cb-4731-bd24-cbdb09b755f2"
"581","Michelle","Sweet Memories","1986","1986","","Album","1","13","CD","209973","Sweet Memories","1986","Richard Clayderman","d99c0a02-61cb-4731-bd24-cbdb09b755f2"
"582","Nostalgy","Sweet Memories","1986","1986","","Album","1","14","CD","175266","Sweet Memories","1986","Richard Clayderman","d99c0a02-61cb-4731-bd24-cbdb09b755f2"
"583","Dolannes melody","Sweet Memories","1986","1986","","Album","1","15","CD","203226","Sweet Memories","1986","Richard Clayderman","d99c0a02-61cb-4731-bd24-cbdb09b755f2"
"584","Blue eyes","Sweet Memories","1986","1986","","Album","1","16","CD","185040","Sweet Memories","1986","Richard Clayderman","d99c0a02-61cb-4731-bd24-cbdb09b755f2"
"585","Ballade pour Adeline","Ballade pour Adeline","1987","1987","DE","Album","1","1","CD","157000","Ballade pour Adeline","1987","Richard Clayderman","eb6e504c-9d48-4246-8438-3497db2ed0a9"
"586","Fleurs savages","Ballade pour Adeline","1987","1987","DE","Album","1","2","CD","177000","Ballade pour Adeline","1987","Richard Clayderman","eb6e504c-9d48-4246-8438-3497db2ed0a9"
"587","Liebestraum","Ballade pour Adeline","1987","1987","DE","Album","1","3","CD","190000","Ballade pour Adeline","1987","Richard Clayderman","eb6e504c-9d48-4246-8438-3497db2ed0a9"
"588","Romantica Serenade","Ballade pour Adeline","1987","1987","DE","Album","1","4","CD","206000","Ballade pour Adeline","1987","Richard Clayderman","eb6e504c-9d48-4246-8438-3497db2ed0a9"
"589","Au bord de la reviere","Ballade pour Adeline","1987","1987","DE","Album","1","5","CD","236000","Ballade pour Adeline","1987","Richard Clayderman","eb6e504c-9d48-4246-8438-3497db2ed0a9"
"590","Dolannes Melodie","Ballade pour Adeline","1987","1987","DE","Album","1","6","CD","204000","Ballade pour Adeline","1987","Richard Clayderman","eb6e504c-9d48-4246-8438-3497db2ed0a9"
"591","Für Elise","Ballade pour Adeline","1987","1987","DE","Album","1","7","CD","146000","Ballade pour Adeline","1987","Richard Clayderman","eb6e504c-9d48-4246-8438-3497db2ed0a9"
"592","Lyphard Melodie","Ballade pour Adeline","1987","1987","DE","Album","1","8","CD","280000","Ballade pour Adeline","1987","Richard Clayderman","eb6e504c-9d48-4246-8438-3497db2ed0a9"
"593","Memories of My Youth","Ballade pour Adeline","1987","1987","DE","Album","1","9","CD","169000","Ballade pour Adeline","1987","Richard Clayderman","eb6e504c-9d48-4246-8438-3497db2ed0a9"
"594","Letter to My Mother","Ballade pour Adeline","1987","1987","DE","Album","1","10","CD","164000","Ballade pour Adeline","1987","Richard Clayderman","eb6e504c-9d48-4246-8438-3497db2ed0a9"
"595","Nostalgy","Ballade pour Adeline","1987","1987","DE","Album","1","11","CD","175000","Ballade pour Adeline","1987","Richard Clayderman","eb6e504c-9d48-4246-8438-3497db2ed0a9"
"596","Moon River","Ballade pour Adeline","1987","1987","DE","Album","1","12","CD","190000","Ballade pour Adeline","1987","Richard Clayderman","eb6e504c-9d48-4246-8438-3497db2ed0a9"
"597","Always There / Anyone Can Fall in Love","Songs of love","1987","1987","GB","Album","1","1","CD","","Songs of love","1987","Richard Clayderman","cf548e5b-d597-4277-adc3-e72cc3b42aba"
"598","Nikita","Songs of love","1987","1987","GB","Album","1","2","CD","","Songs of love","1987","Richard Clayderman","cf548e5b-d597-4277-adc3-e72cc3b42aba"
"599","Do You Know Where You’re Going To","Songs of love","1987","1987","GB","Album","1","3","CD","","Songs of love","1987","Richard Clayderman","cf548e5b-d597-4277-adc3-e72cc3b42aba"
"600","The Lady in Red / Take My Breath Away","Songs of love","1987","1987","GB","Album","1","4","CD","","Songs of love","1987","Richard Clayderman","cf548e5b-d597-4277-adc3-e72cc3b42aba"
"601","You Are My World","Songs of love","1987","1987","GB","Album","1","5","CD","","Songs of love","1987","Richard Clayderman","cf548e5b-d597-4277-adc3-e72cc3b42aba"
"602","We Are the World","Songs of love","1987","1987","GB","Album","1","6","CD","","Songs of love","1987","Richard Clayderman","cf548e5b-d597-4277-adc3-e72cc3b42aba"
"603","Theme from “The Bretts”","Songs of love","1987","1987","GB","Album","1","7","CD","","Songs of love","1987","Richard Clayderman","cf548e5b-d597-4277-adc3-e72cc3b42aba"
"604","I Know Him So Well","Songs of love","1987","1987","GB","Album","1","8","CD","","Songs of love","1987","Richard Clayderman","cf548e5b-d597-4277-adc3-e72cc3b42aba"
"605","Eleana","Songs of love","1987","1987","GB","Album","1","9","CD","","Songs of love","1987","Richard Clayderman","cf548e5b-d597-4277-adc3-e72cc3b42aba"
"606","Colin Maillard","Songs of love","1987","1987","GB","Album","1","10","CD","","Songs of love","1987","Richard Clayderman","cf548e5b-d597-4277-adc3-e72cc3b42aba"
"607","Eroica","Songs of love","1987","1987","GB","Album","1","11","CD","","Songs of love","1987","Richard Clayderman","cf548e5b-d597-4277-adc3-e72cc3b42aba"
"608","La Sorellina","Songs of love","1987","1987","GB","Album","1","12","CD","","Songs of love","1987","Richard Clayderman","cf548e5b-d597-4277-adc3-e72cc3b42aba"
"609","All by Myself","Songs of love","1987","1987","GB","Album","1","13","CD","","Songs of love","1987","Richard Clayderman","cf548e5b-d597-4277-adc3-e72cc3b42aba"
"610","I Dreamed a Dream","Songs of love","1987","1987","GB","Album","1","14","CD","","Songs of love","1987","Richard Clayderman","cf548e5b-d597-4277-adc3-e72cc3b42aba"
"611","All I Ask of You","Songs of love","1987","1987","GB","Album","1","15","CD","","Songs of love","1987","Richard Clayderman","cf548e5b-d597-4277-adc3-e72cc3b42aba"
"612","The Way We Were","The Prince of Romance","1987","1987","AU","Album","1","1","CD","167000","The Prince of Romance","1987","Richard Clayderman","ac749844-984e-4552-bfd6-e9d4a639d6ff"
"613","Begin the Beguine","The Prince of Romance","1987","1987","AU","Album","1","2","CD","207000","The Prince of Romance","1987","Richard Clayderman","ac749844-984e-4552-bfd6-e9d4a639d6ff"
"614","Stranger in Paradise","The Prince of Romance","1987","1987","AU","Album","1","3","CD","159000","The Prince of Romance","1987","Richard Clayderman","ac749844-984e-4552-bfd6-e9d4a639d6ff"
"615","As Time Goes By","The Prince of Romance","1987","1987","AU","Album","1","4","CD","142000","The Prince of Romance","1987","Richard Clayderman","ac749844-984e-4552-bfd6-e9d4a639d6ff"
"616","Only You","The Prince of Romance","1987","1987","AU","Album","1","5","CD","144000","The Prince of Romance","1987","Richard Clayderman","ac749844-984e-4552-bfd6-e9d4a639d6ff"
"617","How Deep Is Your Love?","The Prince of Romance","1987","1987","AU","Album","1","6","CD","170000","The Prince of Romance","1987","Richard Clayderman","ac749844-984e-4552-bfd6-e9d4a639d6ff"
"618","And I Love You So","The Prince of Romance","1987","1987","AU","Album","1","7","CD","153000","The Prince of Romance","1987","Richard Clayderman","ac749844-984e-4552-bfd6-e9d4a639d6ff"
"619","(Poatarau) Now Is the Hour","The Prince of Romance","1987","1987","AU","Album","1","8","CD","161000","The Prince of Romance","1987","Richard Clayderman","ac749844-984e-4552-bfd6-e9d4a639d6ff"
"620","Mandy","The Prince of Romance","1987","1987","AU","Album","1","9","CD","144000","The Prince of Romance","1987","Richard Clayderman","ac749844-984e-4552-bfd6-e9d4a639d6ff"
"621","All the Love in the World","The Prince of Romance","1987","1987","AU","Album","1","10","CD","211000","The Prince of Romance","1987","Richard Clayderman","ac749844-984e-4552-bfd6-e9d4a639d6ff"
"622","I Only Have Eyes for You","The Prince of Romance","1987","1987","AU","Album","1","11","CD","177000","The Prince of Romance","1987","Richard Clayderman","ac749844-984e-4552-bfd6-e9d4a639d6ff"
"623","Theme From ''The Thorn Birds''","The Prince of Romance","1987","1987","AU","Album","1","12","CD","154000","The Prince of Romance","1987","Richard Clayderman","ac749844-984e-4552-bfd6-e9d4a639d6ff"
"624","The Shadow of Your Smile","The Prince of Romance","1987","1987","AU","Album","1","13","CD","186000","The Prince of Romance","1987","Richard Clayderman","ac749844-984e-4552-bfd6-e9d4a639d6ff"
"625","Hello","The Prince of Romance","1987","1987","AU","Album","1","14","CD","190000","The Prince of Romance","1987","Richard Clayderman","ac749844-984e-4552-bfd6-e9d4a639d6ff"
"626","Till","The Prince of Romance","1987","1987","AU","Album","1","15","CD","136000","The Prince of Romance","1987","Richard Clayderman","ac749844-984e-4552-bfd6-e9d4a639d6ff"
"627","Waltzing Matilda","The Prince of Romance","1987","1987","AU","Album","1","16","CD","159000","The Prince of Romance","1987","Richard Clayderman","ac749844-984e-4552-bfd6-e9d4a639d6ff"
"628","Ballade pour Adeline","Ballade pour Adeline / Dolannes melodie","1988","1988","XE","Single","1","A","7"" Vinyl","175000","Ballade pour Adeline / Dolannes melodie","1988","Richard Clayderman","d0ac0162-3f49-43ac-bf52-33d0d1a4ab8e"
"629","Dolannes melodie","Ballade pour Adeline / Dolannes melodie","1988","1988","XE","Single","1","B","7"" Vinyl","210000","Ballade pour Adeline / Dolannes melodie","1988","Paul de Senneville & Olivier Toussaint","d0ac0162-3f49-43ac-bf52-33d0d1a4ab8e"
"630","Eléana","Eléana","1988","1988","JP","Album","1","1","CD","220000","Eléana","1988","Richard Clayderman","505af594-daaa-43c9-ae81-5b91ba781ab1"
"631","La Sorellina","Eléana","1988","1988","JP","Album","1","2","CD","189000","Eléana","1988","Richard Clayderman","505af594-daaa-43c9-ae81-5b91ba781ab1"
"632","Blue Concerto","Eléana","1988","1988","JP","Album","1","3","CD","169000","Eléana","1988","Richard Clayderman","505af594-daaa-43c9-ae81-5b91ba781ab1"
"633","Boulevard Des Solitudes","Eléana","1988","1988","JP","Album","1","4","CD","224000","Eléana","1988","Richard Clayderman","505af594-daaa-43c9-ae81-5b91ba781ab1"
"634","Colin Maillard","Eléana","1988","1988","JP","Album","1","5","CD","196000","Eléana","1988","Richard Clayderman","505af594-daaa-43c9-ae81-5b91ba781ab1"
"635","Les Yex Saphir","Eléana","1988","1988","JP","Album","1","6","CD","237000","Eléana","1988","Richard Clayderman","505af594-daaa-43c9-ae81-5b91ba781ab1"
"636","Dolly","Eléana","1988","1988","JP","Album","1","7","CD","105000","Eléana","1988","Richard Clayderman","505af594-daaa-43c9-ae81-5b91ba781ab1"
"637","Finlandia","Eléana","1988","1988","JP","Album","1","8","CD","237000","Eléana","1988","Richard Clayderman","505af594-daaa-43c9-ae81-5b91ba781ab1"
"638","Eroïca","Eléana","1988","1988","JP","Album","1","9","CD","286000","Eléana","1988","Richard Clayderman","505af594-daaa-43c9-ae81-5b91ba781ab1"
"639","Les Poissons Lune","Eléana","1988","1988","JP","Album","1","10","CD","125000","Eléana","1988","Richard Clayderman","505af594-daaa-43c9-ae81-5b91ba781ab1"
"640","Les Colombes De Ténéré","Eléana","1988","1988","JP","Album","1","11","CD","203000","Eléana","1988","Richard Clayderman","505af594-daaa-43c9-ae81-5b91ba781ab1"
"641","Dernier Printemps","Eléana","1988","1988","JP","Album","1","12","CD","233000","Eléana","1988","Richard Clayderman","505af594-daaa-43c9-ae81-5b91ba781ab1"
"642","Revivre Sa Vie","Eléana","1988","1988","JP","Album","1","13","CD","172000","Eléana","1988","Richard Clayderman","505af594-daaa-43c9-ae81-5b91ba781ab1"
"643","Roses Pastel","Eléana","1988","1988","JP","Album","1","14","CD","254000","Eléana","1988","Richard Clayderman","505af594-daaa-43c9-ae81-5b91ba781ab1"
"644","Eléana (Piano Seul)","Eléana","1988","1988","JP","Album","1","15","CD","220000","Eléana","1988","Richard Clayderman","505af594-daaa-43c9-ae81-5b91ba781ab1"
"645","L'Heure Des Adieux","Eléana","1988","1988","JP","Album","1","16","CD","225000","Eléana","1988","Richard Clayderman","505af594-daaa-43c9-ae81-5b91ba781ab1"
"646","Memory","Memories","1988","1988","","Album","1","1","CD","187293","Memories","1988","Richard Clayderman","4595b882-8e36-4b5c-9151-1f8d7cd8bb6c"
"647","Woman in Love","Memories","1988","1988","","Album","1","2","CD","150600","Memories","1988","Richard Clayderman","4595b882-8e36-4b5c-9151-1f8d7cd8bb6c"
"648","Nothing's Gonna Change My Love for You","Memories","1988","1988","","Album","1","3","CD","199933","Memories","1988","Richard Clayderman","4595b882-8e36-4b5c-9151-1f8d7cd8bb6c"
"649","All I Ask of You","Memories","1988","1988","","Album","1","4","CD","206440","Memories","1988","Richard Clayderman","4595b882-8e36-4b5c-9151-1f8d7cd8bb6c"
"650","Careless Whisper","Memories","1988","1988","","Album","1","5","CD","170693","Memories","1988","Richard Clayderman","4595b882-8e36-4b5c-9151-1f8d7cd8bb6c"
"651","The Power of Love","Memories","1988","1988","","Album","1","6","CD","246266","Memories","1988","Richard Clayderman","4595b882-8e36-4b5c-9151-1f8d7cd8bb6c"
"652","Without You","Memories","1988","1988","","Album","1","7","CD","230600","Memories","1988","Richard Clayderman","4595b882-8e36-4b5c-9151-1f8d7cd8bb6c"
"653","Ballade Pour Adeline","Memories","1988","1988","","Album","1","8","CD","159773","Memories","1988","Richard Clayderman","4595b882-8e36-4b5c-9151-1f8d7cd8bb6c"
"654","I Know Him So Well","Memories","1988","1988","","Album","1","9","CD","246533","Memories","1988","Richard Clayderman","4595b882-8e36-4b5c-9151-1f8d7cd8bb6c"
"655","I Just Called to Say I Love You","Memories","1988","1988","","Album","1","10","CD","224560","Memories","1988","Richard Clayderman","4595b882-8e36-4b5c-9151-1f8d7cd8bb6c"
"656","I Dreamed a Dream","Memories","1988","1988","","Album","1","11","CD","230973","Memories","1988","Richard Clayderman","4595b882-8e36-4b5c-9151-1f8d7cd8bb6c"
"657","Ebony and Ivory","Memories","1988","1988","","Album","1","12","CD","166626","Memories","1988","Richard Clayderman","4595b882-8e36-4b5c-9151-1f8d7cd8bb6c"
"658","Only You","Memories","1988","1988","","Album","1","13","CD","144266","Memories","1988","Richard Clayderman","4595b882-8e36-4b5c-9151-1f8d7cd8bb6c"
"659","For All We Know","Memories","1988","1988","","Album","1","14","CD","261399","Memories","1988","Richard Clayderman","4595b882-8e36-4b5c-9151-1f8d7cd8bb6c"
"660","Blue Eyes","Memories","1988","1988","","Album","1","15","CD","187866","Memories","1988","Richard Clayderman","4595b882-8e36-4b5c-9151-1f8d7cd8bb6c"
"661","Princess of the Night","Memories","1988","1988","","Album","1","16","CD","159906","Memories","1988","Richard Clayderman","4595b882-8e36-4b5c-9151-1f8d7cd8bb6c"
"662","Romantic America","Romantic America","1988","1988","FR","Album","1","1","","162706","Romantic America","1988","Richard Clayderman","6e351f06-c7c5-4b8d-a604-4d292b1083e3"
"663","You Don't Know Love","Romantic America","1988","1988","FR","Album","1","2","","205200","Romantic America","1988","Richard Clayderman","6e351f06-c7c5-4b8d-a604-4d292b1083e3"
"664","America Love Story","Romantic America","1988","1988","FR","Album","1","3","","200666","Romantic America","1988","Richard Clayderman","6e351f06-c7c5-4b8d-a604-4d292b1083e3"
"665","Sometimes When We Touch","Romantic America","1988","1988","FR","Album","1","4","","241533","Romantic America","1988","Richard Clayderman","6e351f06-c7c5-4b8d-a604-4d292b1083e3"
"666","City of New Orleans","Romantic America","1988","1988","FR","Album","1","5","","202693","Romantic America","1988","Richard Clayderman","6e351f06-c7c5-4b8d-a604-4d292b1083e3"
"667","Spirit of Romance","Romantic America","1988","1988","FR","Album","1","6","","255306","Romantic America","1988","Richard Clayderman","6e351f06-c7c5-4b8d-a604-4d292b1083e3"
"668","Sing","Romantic America","1988","1988","FR","Album","1","7","","223866","Romantic America","1988","Richard Clayderman","6e351f06-c7c5-4b8d-a604-4d292b1083e3"
"669","River of No Return","Romantic America","1988","1988","FR","Album","1","8","","156426","Romantic America","1988","Richard Clayderman","6e351f06-c7c5-4b8d-a604-4d292b1083e3"
"670","Radio Heart","Romantic America","1988","1988","FR","Album","1","9","","217800","Romantic America","1988","Richard Clayderman","6e351f06-c7c5-4b8d-a604-4d292b1083e3"
"671","Grang Canyon Serenade","Romantic America","1988","1988","FR","Album","1","10","","287400","Romantic America","1988","Richard Clayderman","6e351f06-c7c5-4b8d-a604-4d292b1083e3"
"672","Yesterday Once More","Romantic America","1988","1988","FR","Album","1","11","","196573","Romantic America","1988","Richard Clayderman","6e351f06-c7c5-4b8d-a604-4d292b1083e3"
"673","16th Avenue","Romantic America","1988","1988","FR","Album","1","12","","184333","Romantic America","1988","Richard Clayderman","6e351f06-c7c5-4b8d-a604-4d292b1083e3"
"674","Horse and Carriage in Central Park","Romantic America","1988","1988","FR","Album","1","13","","180360","Romantic America","1988","Richard Clayderman","6e351f06-c7c5-4b8d-a604-4d292b1083e3"
"675","The Star Sprangled Banner","Romantic America","1988","1988","FR","Album","1","14","","127600","Romantic America","1988","Richard Clayderman","6e351f06-c7c5-4b8d-a604-4d292b1083e3"
"676","Romantic America (piano solo)","Romantic America","1988","1988","FR","Album","1","15","","176107","Romantic America","1988","Richard Clayderman","6e351f06-c7c5-4b8d-a604-4d292b1083e3"
"677","Gêmeos","Zodiacal Symphony","1988","1988","","Album","1","1","CD","190960","Zodiacal Symphony","1988","Richard Clayderman","fe8d2217-37d8-49b1-a6b9-c871a0b7f3c4"
"678","Virgem","Zodiacal Symphony","1988","1988","","Album","1","2","CD","227106","Zodiacal Symphony","1988","Richard Clayderman","fe8d2217-37d8-49b1-a6b9-c871a0b7f3c4"
"679","Libra","Zodiacal Symphony","1988","1988","","Album","1","3","CD","147626","Zodiacal Symphony","1988","Richard Clayderman","fe8d2217-37d8-49b1-a6b9-c871a0b7f3c4"
"680","Câncer","Zodiacal Symphony","1988","1988","","Album","1","4","CD","177173","Zodiacal Symphony","1988","Richard Clayderman","fe8d2217-37d8-49b1-a6b9-c871a0b7f3c4"
"681","Aquarius","Zodiacal Symphony","1988","1988","","Album","1","5","CD","217866","Zodiacal Symphony","1988","Richard Clayderman","fe8d2217-37d8-49b1-a6b9-c871a0b7f3c4"
"682","Escorpião","Zodiacal Symphony","1988","1988","","Album","1","6","CD","203893","Zodiacal Symphony","1988","Richard Clayderman","fe8d2217-37d8-49b1-a6b9-c871a0b7f3c4"
"683","Peixes","Zodiacal Symphony","1988","1988","","Album","1","7","CD","131173","Zodiacal Symphony","1988","Richard Clayderman","fe8d2217-37d8-49b1-a6b9-c871a0b7f3c4"
"684","Capricórnio","Zodiacal Symphony","1988","1988","","Album","1","8","CD","182160","Zodiacal Symphony","1988","Richard Clayderman","fe8d2217-37d8-49b1-a6b9-c871a0b7f3c4"
"685","Sagitário","Zodiacal Symphony","1988","1988","","Album","1","9","CD","144240","Zodiacal Symphony","1988","Richard Clayderman","fe8d2217-37d8-49b1-a6b9-c871a0b7f3c4"
"686","Áries","Zodiacal Symphony","1988","1988","","Album","1","10","CD","222466","Zodiacal Symphony","1988","Richard Clayderman","fe8d2217-37d8-49b1-a6b9-c871a0b7f3c4"
"687","Touro","Zodiacal Symphony","1988","1988","","Album","1","11","CD","242026","Zodiacal Symphony","1988","Richard Clayderman","fe8d2217-37d8-49b1-a6b9-c871a0b7f3c4"
"688","Leão","Zodiacal Symphony","1988","1988","","Album","1","12","CD","206200","Zodiacal Symphony","1988","Richard Clayderman","fe8d2217-37d8-49b1-a6b9-c871a0b7f3c4"
"689","Amour Pour Amour","Amour Pour Amour","1989","1989","NL","Album","1","1","CD","193360","Amour Pour Amour","1989","Berdien Stenberg / Richard Clayderman","6d7f2643-4692-4a75-a4cb-65c57011e490"
"690","L' Enfant Qui Parlait aux Oiseaux","Amour Pour Amour","1989","1989","NL","Album","1","2","CD","206173","Amour Pour Amour","1989","Berdien Stenberg / Richard Clayderman","6d7f2643-4692-4a75-a4cb-65c57011e490"
"691","Les Orages de l'Ete","Amour Pour Amour","1989","1989","NL","Album","1","3","CD","234493","Amour Pour Amour","1989","Berdien Stenberg / Richard Clayderman","6d7f2643-4692-4a75-a4cb-65c57011e490"
"692","Les Printemps du Coeur","Amour Pour Amour","1989","1989","NL","Album","1","4","CD","216400","Amour Pour Amour","1989","Berdien Stenberg / Richard Clayderman","6d7f2643-4692-4a75-a4cb-65c57011e490"
"693","Il y Avait Aussi des Etoiles","Amour Pour Amour","1989","1989","NL","Album","1","5","CD","216240","Amour Pour Amour","1989","Berdien Stenberg / Richard Clayderman","6d7f2643-4692-4a75-a4cb-65c57011e490"
"694","La Nuit des Magiciens","Amour Pour Amour","1989","1989","NL","Album","1","6","CD","173200","Amour Pour Amour","1989","Berdien Stenberg / Richard Clayderman","6d7f2643-4692-4a75-a4cb-65c57011e490"
"695","Bram Bogart Melodie","Amour Pour Amour","1989","1989","NL","Album","1","7","CD","270600","Amour Pour Amour","1989","Berdien Stenberg / Richard Clayderman","6d7f2643-4692-4a75-a4cb-65c57011e490"
"696","Les Oiseaux Tristes du Zuiderzee","Amour Pour Amour","1989","1989","NL","Album","1","8","CD","267293","Amour Pour Amour","1989","Berdien Stenberg / Richard Clayderman","6d7f2643-4692-4a75-a4cb-65c57011e490"
"697","Seulement Se Parler","Amour Pour Amour","1989","1989","NL","Album","1","9","CD","245306","Amour Pour Amour","1989","Berdien Stenberg / Richard Clayderman","6d7f2643-4692-4a75-a4cb-65c57011e490"
"698","Danseurs de Lune","Amour Pour Amour","1989","1989","NL","Album","1","10","CD","171293","Amour Pour Amour","1989","Berdien Stenberg / Richard Clayderman","6d7f2643-4692-4a75-a4cb-65c57011e490"
"699","Quelques Notes Pour Anna","Amour Pour Amour","1989","1989","NL","Album","1","11","CD","229640","Amour Pour Amour","1989","Berdien Stenberg / Richard Clayderman","6d7f2643-4692-4a75-a4cb-65c57011e490"
"700","White Christmas","Christmas Album","1989","1989","GB","Album","1","1","CD","157440","Christmas","1989","Richard Clayderman","314b2be6-030b-4c38-932d-e6b2e3dc49a1"
"701","Medley: Oh Christmas Tree / Christian Midnight / He Was Born the Holy Child","Christmas Album","1989","1989","GB","Album","1","2","CD","198293","Christmas","1989","Richard Clayderman","314b2be6-030b-4c38-932d-e6b2e3dc49a1"
"702","Silent Night, Holy Night","Christmas Album","1989","1989","GB","Album","1","3","CD","125933","Christmas","1989","Richard Clayderman","314b2be6-030b-4c38-932d-e6b2e3dc49a1"
"703","Ave Maria","Christmas Album","1989","1989","GB","Album","1","4","CD","166106","Christmas","1989","Richard Clayderman","314b2be6-030b-4c38-932d-e6b2e3dc49a1"
"704","Christmas Concerto","Christmas Album","1989","1989","GB","Album","1","5","CD","219600","Christmas","1989","Richard Clayderman","314b2be6-030b-4c38-932d-e6b2e3dc49a1"
"705","Rudolph the Red-Nosed Reindeer","Christmas Album","1989","1989","GB","Album","1","6","CD","137000","Christmas","1989","Richard Clayderman","314b2be6-030b-4c38-932d-e6b2e3dc49a1"
"706","Little Drummer Boy","Christmas Album","1989","1989","GB","Album","1","7","CD","230333","Christmas","1989","Richard Clayderman","314b2be6-030b-4c38-932d-e6b2e3dc49a1"
"707","Moonlight Sonata","Christmas Album","1989","1989","GB","Album","1","8","CD","203226","Christmas","1989","Richard Clayderman","314b2be6-030b-4c38-932d-e6b2e3dc49a1"
"708","Jingle Bells","Christmas Album","1989","1989","GB","Album","1","9","CD","164400","Christmas","1989","Richard Clayderman","314b2be6-030b-4c38-932d-e6b2e3dc49a1"
"709","Softly Falls the Snow","Christmas Album","1989","1989","GB","Album","1","10","CD","140933","Christmas","1989","Richard Clayderman","314b2be6-030b-4c38-932d-e6b2e3dc49a1"
"710","Largo (from ‘Xerxes’)","Christmas Album","1989","1989","GB","Album","1","11","CD","165933","Christmas","1989","Richard Clayderman","314b2be6-030b-4c38-932d-e6b2e3dc49a1"
"711","Romance","Christmas Album","1989","1989","GB","Album","1","12","CD","190373","Christmas","1989","Richard Clayderman","314b2be6-030b-4c38-932d-e6b2e3dc49a1"
"712","Jesu, Joy of Man’s Desiring","Christmas Album","1989","1989","GB","Album","1","13","CD","205133","Christmas","1989","Richard Clayderman","314b2be6-030b-4c38-932d-e6b2e3dc49a1"
"713","Ave Maria","Christmas Album","1989","1989","GB","Album","1","14","CD","159800","Christmas","1989","Richard Clayderman","314b2be6-030b-4c38-932d-e6b2e3dc49a1"
"714","Santa Claus Is Coming to Town","Christmas Album","1989","1989","GB","Album","1","15","CD","150733","Christmas","1989","Richard Clayderman","314b2be6-030b-4c38-932d-e6b2e3dc49a1"
"715","Silver Bells","Christmas Album","1989","1989","GB","Album","1","16","CD","146600","Christmas","1989","Richard Clayderman","314b2be6-030b-4c38-932d-e6b2e3dc49a1"
"716","A Whiter Shade of Pale","Night Dreams: The Music of Love","1989","1989","DE","Album","1","A5","12"" Vinyl","266000","Night Dreams: The Music of Love","1989","Richard Clayderman","b96ae948-4ba7-46e8-be5b-c8c9b1d9f8e5"
"717","Blue Eyes","Night Dreams: The Music of Love","1989","1989","DE","Album","1","B7","12"" Vinyl","185000","Night Dreams: The Music of Love","1989","Richard Clayderman","b96ae948-4ba7-46e8-be5b-c8c9b1d9f8e5"
"718","Could I Be Magic","Night Dreams: The Music of Love","1989","1989","DE","Album","1","B1","12"" Vinyl","315000","Night Dreams: The Music of Love","1989","Richard Clayderman","b96ae948-4ba7-46e8-be5b-c8c9b1d9f8e5"
"719","I Just Called to Say I Love You","Night Dreams: The Music of Love","1989","1989","DE","Album","1","A1","12"" Vinyl","220000","Night Dreams: The Music of Love","1989","Richard Clayderman","b96ae948-4ba7-46e8-be5b-c8c9b1d9f8e5"
"720","I Just Can’t Stop Loving You","Night Dreams: The Music of Love","1989","1989","DE","Album","1","B2","12"" Vinyl","226000","Night Dreams: The Music of Love","1989","Richard Clayderman","b96ae948-4ba7-46e8-be5b-c8c9b1d9f8e5"
"721","I Want to Know What Love Is","Night Dreams: The Music of Love","1989","1989","DE","Album","1","A7","12"" Vinyl","220000","Night Dreams: The Music of Love","1989","Richard Clayderman","b96ae948-4ba7-46e8-be5b-c8c9b1d9f8e5"
"722","I’m Not in Love","Night Dreams: The Music of Love","1989","1989","DE","Album","1","A8","12"" Vinyl","289000","Night Dreams: The Music of Love","1989","Richard Clayderman","b96ae948-4ba7-46e8-be5b-c8c9b1d9f8e5"
"723","Just the Way You Are","Night Dreams: The Music of Love","1989","1989","DE","Album","1","B4","12"" Vinyl","211000","Night Dreams: The Music of Love","1989","Richard Clayderman","b96ae948-4ba7-46e8-be5b-c8c9b1d9f8e5"
"724","Lady in Red / Take My Breath Away","Night Dreams: The Music of Love","1989","1989","DE","Album","1","A2","12"" Vinyl","252000","Night Dreams: The Music of Love","1989","Richard Clayderman","b96ae948-4ba7-46e8-be5b-c8c9b1d9f8e5"
"725","Nights in White Satin","Night Dreams: The Music of Love","1989","1989","DE","Album","1","B3","12"" Vinyl","303000","Night Dreams: The Music of Love","1989","Richard Clayderman","b96ae948-4ba7-46e8-be5b-c8c9b1d9f8e5"
"726","Nikita","Night Dreams: The Music of Love","1989","1989","DE","Album","1","A6","12"" Vinyl","226000","Night Dreams: The Music of Love","1989","Richard Clayderman","b96ae948-4ba7-46e8-be5b-c8c9b1d9f8e5"
"727","Nothing’s Gonna Changed My Love for You","Night Dreams: The Music of Love","1989","1989","DE","Album","1","B5","12"" Vinyl","196000","Night Dreams: The Music of Love","1989","Richard Clayderman","b96ae948-4ba7-46e8-be5b-c8c9b1d9f8e5"
"728","Princess of the Night","Night Dreams: The Music of Love","1989","1989","DE","Album","1","B8","12"" Vinyl","157000","Night Dreams: The Music of Love","1989","Richard Clayderman","b96ae948-4ba7-46e8-be5b-c8c9b1d9f8e5"
"729","Sailing","Night Dreams: The Music of Love","1989","1989","DE","Album","1","A4","12"" Vinyl","202000","Night Dreams: The Music of Love","1989","Richard Clayderman","b96ae948-4ba7-46e8-be5b-c8c9b1d9f8e5"
"730","The Power of Love","Night Dreams: The Music of Love","1989","1989","DE","Album","1","B6","12"" Vinyl","242000","Night Dreams: The Music of Love","1989","Richard Clayderman","b96ae948-4ba7-46e8-be5b-c8c9b1d9f8e5"
"731","We Are the World","Night Dreams: The Music of Love","1989","1989","DE","Album","1","A3","12"" Vinyl","160000","Night Dreams: The Music of Love","1989","Richard Clayderman","b96ae948-4ba7-46e8-be5b-c8c9b1d9f8e5"
"732","The Phantom of the Opera","The Love Songs of Andrew Lloyd Webber","1989","1989","","Album","1","1","CD","286600","The Love Songs of Andrew Lloyd Webber","1989","Richard Clayderman","73755018-005e-4ab3-a5f7-4769c1f712ed"
"733","The Music of the Night","The Love Songs of Andrew Lloyd Webber","1989","1989","","Album","1","2","CD","331293","The Love Songs of Andrew Lloyd Webber","1989","Richard Clayderman","73755018-005e-4ab3-a5f7-4769c1f712ed"
"734","Love Changes Everything","The Love Songs of Andrew Lloyd Webber","1989","1989","","Album","1","3","CD","315733","The Love Songs of Andrew Lloyd Webber","1989","Richard Clayderman","73755018-005e-4ab3-a5f7-4769c1f712ed"
"735","High Flying Adored","The Love Songs of Andrew Lloyd Webber","1989","1989","","Album","1","4","CD","267400","The Love Songs of Andrew Lloyd Webber","1989","Richard Clayderman","73755018-005e-4ab3-a5f7-4769c1f712ed"
"736","Seeing Is Believing","The Love Songs of Andrew Lloyd Webber","1989","1989","","Album","1","5","CD","215106","The Love Songs of Andrew Lloyd Webber","1989","Richard Clayderman","73755018-005e-4ab3-a5f7-4769c1f712ed"
"737","All I Ask of You","The Love Songs of Andrew Lloyd Webber","1989","1989","","Album","1","6","CD","212066","The Love Songs of Andrew Lloyd Webber","1989","Richard Clayderman","73755018-005e-4ab3-a5f7-4769c1f712ed"
"738","Don’t Cry for Me Argentina","The Love Songs of Andrew Lloyd Webber","1989","1989","","Album","1","7","CD","215960","The Love Songs of Andrew Lloyd Webber","1989","Richard Clayderman","73755018-005e-4ab3-a5f7-4769c1f712ed"
"739","Another Suitcase in Another Hall","The Love Songs of Andrew Lloyd Webber","1989","1989","","Album","1","8","CD","196333","The Love Songs of Andrew Lloyd Webber","1989","Richard Clayderman","73755018-005e-4ab3-a5f7-4769c1f712ed"
"740","Tell Me on a Sunday","The Love Songs of Andrew Lloyd Webber","1989","1989","","Album","1","9","CD","284306","The Love Songs of Andrew Lloyd Webber","1989","Richard Clayderman","73755018-005e-4ab3-a5f7-4769c1f712ed"
"741","I Don’t Know How to Love Him","The Love Songs of Andrew Lloyd Webber","1989","1989","","Album","1","10","CD","244200","The Love Songs of Andrew Lloyd Webber","1989","Richard Clayderman","73755018-005e-4ab3-a5f7-4769c1f712ed"
"742","Memory","The Love Songs of Andrew Lloyd Webber","1989","1989","","Album","1","11","CD","328560","The Love Songs of Andrew Lloyd Webber","1989","Richard Clayderman","73755018-005e-4ab3-a5f7-4769c1f712ed"
"743","Take That Look Off Your Face","The Love Songs of Andrew Lloyd Webber","1989","1989","","Album","1","12","CD","238893","The Love Songs of Andrew Lloyd Webber","1989","Richard Clayderman","73755018-005e-4ab3-a5f7-4769c1f712ed"
"744","As Time Goes By","The Magic of Richard Clayderman","1989","1989","","Album","1","1","CD","143000","The Magic of Richard Clayderman","1989","Richard Clayderman","e4e4092b-c827-464d-9cb0-b8a36cff9578"
"745","Smoke Gets in Your Eyes","The Magic of Richard Clayderman","1989","1989","","Album","1","2","CD","158000","The Magic of Richard Clayderman","1989","Richard Clayderman","e4e4092b-c827-464d-9cb0-b8a36cff9578"
"746","Yesterday","The Magic of Richard Clayderman","1989","1989","","Album","1","3","CD","145000","The Magic of Richard Clayderman","1989","Richard Clayderman","e4e4092b-c827-464d-9cb0-b8a36cff9578"
"747","Autumn Leaves","The Magic of Richard Clayderman","1989","1989","","Album","1","4","CD","167000","The Magic of Richard Clayderman","1989","Richard Clayderman","e4e4092b-c827-464d-9cb0-b8a36cff9578"
"748","Strangers in the Night","The Magic of Richard Clayderman","1989","1989","","Album","1","5","CD","198000","The Magic of Richard Clayderman","1989","Richard Clayderman","e4e4092b-c827-464d-9cb0-b8a36cff9578"
"749","Elizabethan Serenade","The Magic of Richard Clayderman","1989","1989","","Album","1","6","CD","118000","The Magic of Richard Clayderman","1989","Richard Clayderman","e4e4092b-c827-464d-9cb0-b8a36cff9578"
"750","All the Things You Are","The Magic of Richard Clayderman","1989","1989","","Album","1","7","CD","192000","The Magic of Richard Clayderman","1989","Richard Clayderman","e4e4092b-c827-464d-9cb0-b8a36cff9578"
"751","Memory","The Magic of Richard Clayderman","1989","1989","","Album","1","8","CD","188000","The Magic of Richard Clayderman","1989","Richard Clayderman","e4e4092b-c827-464d-9cb0-b8a36cff9578"
"752","The Way We Were","The Magic of Richard Clayderman","1989","1989","","Album","1","9","CD","166000","The Magic of Richard Clayderman","1989","Richard Clayderman","e4e4092b-c827-464d-9cb0-b8a36cff9578"
"753","Greensleeves","The Magic of Richard Clayderman","1989","1989","","Album","1","10","CD","189000","The Magic of Richard Clayderman","1989","Richard Clayderman","e4e4092b-c827-464d-9cb0-b8a36cff9578"
"754","Till","The Magic of Richard Clayderman","1989","1989","","Album","1","11","CD","136000","The Magic of Richard Clayderman","1989","Richard Clayderman","e4e4092b-c827-464d-9cb0-b8a36cff9578"
"755","Long Ago and Far Away","The Magic of Richard Clayderman","1989","1989","","Album","1","12","CD","201000","The Magic of Richard Clayderman","1989","Richard Clayderman","e4e4092b-c827-464d-9cb0-b8a36cff9578"
"756","Plaisir d’amour","The Magic of Richard Clayderman","1989","1989","","Album","1","13","CD","163000","The Magic of Richard Clayderman","1989","Richard Clayderman","e4e4092b-c827-464d-9cb0-b8a36cff9578"
"757","You’ll Never Walk Alone","The Magic of Richard Clayderman","1989","1989","","Album","1","14","CD","178000","The Magic of Richard Clayderman","1989","Richard Clayderman","e4e4092b-c827-464d-9cb0-b8a36cff9578"
"758","Feelings","The Magic of Richard Clayderman","1989","1989","","Album","2","1","CD","202000","The Magic of Richard Clayderman","1989","Richard Clayderman","e4e4092b-c827-464d-9cb0-b8a36cff9578"
"759","And I Love You So","The Magic of Richard Clayderman","1989","1989","","Album","2","2","CD","153000","The Magic of Richard Clayderman","1989","Richard Clayderman","e4e4092b-c827-464d-9cb0-b8a36cff9578"
"760","Woman in Love","The Magic of Richard Clayderman","1989","1989","","Album","2","3","CD","151000","The Magic of Richard Clayderman","1989","Richard Clayderman","e4e4092b-c827-464d-9cb0-b8a36cff9578"
"761","You Don’t Have to Say You Love Me","The Magic of Richard Clayderman","1989","1989","","Album","2","4","CD","188000","The Magic of Richard Clayderman","1989","Richard Clayderman","e4e4092b-c827-464d-9cb0-b8a36cff9578"
"762","I’ve Grown Accustomed to Her Face","The Magic of Richard Clayderman","1989","1989","","Album","2","5","CD","207000","The Magic of Richard Clayderman","1989","Richard Clayderman","e4e4092b-c827-464d-9cb0-b8a36cff9578"
"763","How Deep Is Your Love","The Magic of Richard Clayderman","1989","1989","","Album","2","6","CD","170000","The Magic of Richard Clayderman","1989","Richard Clayderman","e4e4092b-c827-464d-9cb0-b8a36cff9578"
"764","Hello","The Magic of Richard Clayderman","1989","1989","","Album","2","7","CD","190000","The Magic of Richard Clayderman","1989","Richard Clayderman","e4e4092b-c827-464d-9cb0-b8a36cff9578"
"765","Love Me Tender","The Magic of Richard Clayderman","1989","1989","","Album","2","8","CD","143000","The Magic of Richard Clayderman","1989","Richard Clayderman","e4e4092b-c827-464d-9cb0-b8a36cff9578"
"766","When a Man Loves a Woman","The Magic of Richard Clayderman","1989","1989","","Album","2","9","CD","171000","The Magic of Richard Clayderman","1989","Richard Clayderman","e4e4092b-c827-464d-9cb0-b8a36cff9578"
"767","A Man and a Woman","The Magic of Richard Clayderman","1989","1989","","Album","2","10","CD","182000","The Magic of Richard Clayderman","1989","Richard Clayderman","e4e4092b-c827-464d-9cb0-b8a36cff9578"
"768","If I Loved You","The Magic of Richard Clayderman","1989","1989","","Album","2","11","CD","151000","The Magic of Richard Clayderman","1989","Richard Clayderman","e4e4092b-c827-464d-9cb0-b8a36cff9578"
"769","Love Is a Many Splendoured Thing","The Magic of Richard Clayderman","1989","1989","","Album","2","12","CD","178000","The Magic of Richard Clayderman","1989","Richard Clayderman","e4e4092b-c827-464d-9cb0-b8a36cff9578"
"770","Somewhere My Love","The Magic of Richard Clayderman","1989","1989","","Album","2","13","CD","157000","The Magic of Richard Clayderman","1989","Richard Clayderman","e4e4092b-c827-464d-9cb0-b8a36cff9578"
"771","Speak to Me of Love","The Magic of Richard Clayderman","1989","1989","","Album","2","14","CD","145000","The Magic of Richard Clayderman","1989","Richard Clayderman","e4e4092b-c827-464d-9cb0-b8a36cff9578"
"772","Moon River","The Magic of Richard Clayderman","1989","1989","","Album","2","15","CD","197000","The Magic of Richard Clayderman","1989","Richard Clayderman","e4e4092b-c827-464d-9cb0-b8a36cff9578"
"773","The Way You Look Tonight","The Magic of Richard Clayderman","1989","1989","","Album","2","16","CD","141000","The Magic of Richard Clayderman","1989","Richard Clayderman","e4e4092b-c827-464d-9cb0-b8a36cff9578"
"774","Clair de lune","The Magic of Richard Clayderman","1989","1989","","Album","2","17","CD","296000","The Magic of Richard Clayderman","1989","Richard Clayderman","e4e4092b-c827-464d-9cb0-b8a36cff9578"
"775","Only You","The Magic of Richard Clayderman","1989","1989","","Album","2","18","CD","145000","The Magic of Richard Clayderman","1989","Richard Clayderman","e4e4092b-c827-464d-9cb0-b8a36cff9578"
"776","I Have a Dream","The Magic of Richard Clayderman","1989","1989","","Album","2","19","CD","193000","The Magic of Richard Clayderman","1989","Richard Clayderman","e4e4092b-c827-464d-9cb0-b8a36cff9578"
"777","Michelle","The Magic of Richard Clayderman","1989","1989","","Album","2","20","CD","214000","The Magic of Richard Clayderman","1989","Richard Clayderman","e4e4092b-c827-464d-9cb0-b8a36cff9578"
"778","Blue Eyes","The Magic of Richard Clayderman","1989","1989","","Album","2","21","CD","186000","The Magic of Richard Clayderman","1989","Richard Clayderman","e4e4092b-c827-464d-9cb0-b8a36cff9578"
"779","On the Street Where You Live","The Magic of Richard Clayderman","1989","1989","","Album","3","1","CD","162000","The Magic of Richard Clayderman","1989","Richard Clayderman","e4e4092b-c827-464d-9cb0-b8a36cff9578"
"780","Stranger in Paradise","The Magic of Richard Clayderman","1989","1989","","Album","3","2","CD","161000","The Magic of Richard Clayderman","1989","Richard Clayderman","e4e4092b-c827-464d-9cb0-b8a36cff9578"
"781","Theme from “Exodus”","The Magic of Richard Clayderman","1989","1989","","Album","3","3","CD","180000","The Magic of Richard Clayderman","1989","Richard Clayderman","e4e4092b-c827-464d-9cb0-b8a36cff9578"
"782","“Chariots of Fire” Theme","The Magic of Richard Clayderman","1989","1989","","Album","3","4","CD","183000","The Magic of Richard Clayderman","1989","Richard Clayderman","e4e4092b-c827-464d-9cb0-b8a36cff9578"
"783","Love Theme from “Romeo & Juliet”","The Magic of Richard Clayderman","1989","1989","","Album","3","5","CD","142000","The Magic of Richard Clayderman","1989","Richard Clayderman","e4e4092b-c827-464d-9cb0-b8a36cff9578"
"784","Do You Know Where You’re Going To","The Magic of Richard Clayderman","1989","1989","","Album","3","6","CD","213000","The Magic of Richard Clayderman","1989","Richard Clayderman","e4e4092b-c827-464d-9cb0-b8a36cff9578"
"785","Medley: Always There / Anyone Can Fall in Love","The Magic of Richard Clayderman","1989","1989","","Album","3","7","CD","251000","The Magic of Richard Clayderman","1989","Richard Clayderman","e4e4092b-c827-464d-9cb0-b8a36cff9578"
"786","Don’t Cry for Me Argentina","The Magic of Richard Clayderman","1989","1989","","Album","3","8","CD","191000","The Magic of Richard Clayderman","1989","Richard Clayderman","e4e4092b-c827-464d-9cb0-b8a36cff9578"
"787","Theme from “The Thorn Birds”","The Magic of Richard Clayderman","1989","1989","","Album","3","9","CD","155000","The Magic of Richard Clayderman","1989","Richard Clayderman","e4e4092b-c827-464d-9cb0-b8a36cff9578"
"788","Theme from “Love Story”","The Magic of Richard Clayderman","1989","1989","","Album","3","10","CD","183000","The Magic of Richard Clayderman","1989","Richard Clayderman","e4e4092b-c827-464d-9cb0-b8a36cff9578"
"789","All I Ask of You","The Magic of Richard Clayderman","1989","1989","","Album","3","11","CD","208000","The Magic of Richard Clayderman","1989","Richard Clayderman","e4e4092b-c827-464d-9cb0-b8a36cff9578"
"790","Elvira Madigan","The Magic of Richard Clayderman","1989","1989","","Album","3","12","CD","205000","The Magic of Richard Clayderman","1989","Richard Clayderman","e4e4092b-c827-464d-9cb0-b8a36cff9578"
"791","I Know Him So Well","The Magic of Richard Clayderman","1989","1989","","Album","3","13","CD","248000","The Magic of Richard Clayderman","1989","Richard Clayderman","e4e4092b-c827-464d-9cb0-b8a36cff9578"
"792","Cornish Rhapsody","The Magic of Richard Clayderman","1989","1989","","Album","3","14","CD","327000","The Magic of Richard Clayderman","1989","Richard Clayderman","e4e4092b-c827-464d-9cb0-b8a36cff9578"
"793","Night and Day","The Magic of Richard Clayderman","1989","1989","","Album","4","1","CD","171800","The Magic of Richard Clayderman","1989","Richard Clayderman","e4e4092b-c827-464d-9cb0-b8a36cff9578"
"794","The Shadow of Your Smile","The Magic of Richard Clayderman","1989","1989","","Album","4","2","CD","187133","The Magic of Richard Clayderman","1989","Richard Clayderman","e4e4092b-c827-464d-9cb0-b8a36cff9578"
"795","The Dream of Olwen","The Magic of Richard Clayderman","1989","1989","","Album","4","3","CD","256466","The Magic of Richard Clayderman","1989","Richard Clayderman","e4e4092b-c827-464d-9cb0-b8a36cff9578"
"796","Bewitched","The Magic of Richard Clayderman","1989","1989","","Album","4","4","CD","219866","The Magic of Richard Clayderman","1989","Richard Clayderman","e4e4092b-c827-464d-9cb0-b8a36cff9578"
"797","I Dreamed a Dream","The Magic of Richard Clayderman","1989","1989","","Album","4","5","CD","231560","The Magic of Richard Clayderman","1989","Richard Clayderman","e4e4092b-c827-464d-9cb0-b8a36cff9578"
"798","Mandy","The Magic of Richard Clayderman","1989","1989","","Album","4","6","CD","145866","The Magic of Richard Clayderman","1989","Richard Clayderman","e4e4092b-c827-464d-9cb0-b8a36cff9578"
"799","Bright Eyes","The Magic of Richard Clayderman","1989","1989","","Album","4","7","CD","175906","The Magic of Richard Clayderman","1989","Richard Clayderman","e4e4092b-c827-464d-9cb0-b8a36cff9578"
"800","Embraceable You","The Magic of Richard Clayderman","1989","1989","","Album","4","8","CD","156226","The Magic of Richard Clayderman","1989","Richard Clayderman","e4e4092b-c827-464d-9cb0-b8a36cff9578"
"801","My Way","The Magic of Richard Clayderman","1989","1989","","Album","4","9","CD","233640","The Magic of Richard Clayderman","1989","Richard Clayderman","e4e4092b-c827-464d-9cb0-b8a36cff9578"
"802","Ballade pour Adeline","The Magic of Richard Clayderman","1989","1989","","Album","4","10","CD","160000","The Magic of Richard Clayderman","1989","Richard Clayderman","e4e4092b-c827-464d-9cb0-b8a36cff9578"
"803","Begin the Beguine","The Magic of Richard Clayderman","1989","1989","","Album","4","11","CD","208093","The Magic of Richard Clayderman","1989","Richard Clayderman","e4e4092b-c827-464d-9cb0-b8a36cff9578"
"804","La Mer","The Magic of Richard Clayderman","1989","1989","","Album","4","12","CD","196640","The Magic of Richard Clayderman","1989","Richard Clayderman","e4e4092b-c827-464d-9cb0-b8a36cff9578"
"805","“The Deer Hunter” Theme","The Magic of Richard Clayderman","1989","1989","","Album","4","13","CD","219426","The Magic of Richard Clayderman","1989","Richard Clayderman","e4e4092b-c827-464d-9cb0-b8a36cff9578"
"806","If You Go Away","The Magic of Richard Clayderman","1989","1989","","Album","4","14","CD","175866","The Magic of Richard Clayderman","1989","Richard Clayderman","e4e4092b-c827-464d-9cb0-b8a36cff9578"
"807","Bridge Over Troubled Water","The Magic of Richard Clayderman","1989","1989","","Album","4","15","CD","192266","The Magic of Richard Clayderman","1989","Richard Clayderman","e4e4092b-c827-464d-9cb0-b8a36cff9578"
"808","People","The Magic of Richard Clayderman","1989","1989","","Album","4","16","CD","219666","The Magic of Richard Clayderman","1989","Richard Clayderman","e4e4092b-c827-464d-9cb0-b8a36cff9578"
"809","La Vie en rose","The Magic of Richard Clayderman","1989","1989","","Album","4","17","CD","162733","The Magic of Richard Clayderman","1989","Richard Clayderman","e4e4092b-c827-464d-9cb0-b8a36cff9578"
"810","Romeo (Salome)","The Magic of Richard Clayderman","1989","1989","","Album","4","18","CD","161106","The Magic of Richard Clayderman","1989","Richard Clayderman","e4e4092b-c827-464d-9cb0-b8a36cff9578"
"811","All by Myself","The Magic of Richard Clayderman","1989","1989","","Album","4","19","CD","192133","The Magic of Richard Clayderman","1989","Richard Clayderman","e4e4092b-c827-464d-9cb0-b8a36cff9578"
"812","Guantanamera","The Magic of Richard Clayderman","1989","1989","","Album","4","20","CD","150066","The Magic of Richard Clayderman","1989","Richard Clayderman","e4e4092b-c827-464d-9cb0-b8a36cff9578"
"813","Song of Joy","The Magic of Richard Clayderman","1989","1989","","Album","4","21","CD","191094","The Magic of Richard Clayderman","1989","Richard Clayderman","e4e4092b-c827-464d-9cb0-b8a36cff9578"
"814","Moonlight Sonata","The Magic of Richard Clayderman","1989","1989","","Album","5","1","CD","197000","The Magic of Richard Clayderman","1989","Richard Clayderman","e4e4092b-c827-464d-9cb0-b8a36cff9578"
"815","Ave Maria","The Magic of Richard Clayderman","1989","1989","","Album","5","2","CD","166000","The Magic of Richard Clayderman","1989","Richard Clayderman","e4e4092b-c827-464d-9cb0-b8a36cff9578"
"816","Valse des adieux","The Magic of Richard Clayderman","1989","1989","","Album","5","3","CD","192000","The Magic of Richard Clayderman","1989","Richard Clayderman","e4e4092b-c827-464d-9cb0-b8a36cff9578"
"817","Reveries","The Magic of Richard Clayderman","1989","1989","","Album","5","4","CD","257000","The Magic of Richard Clayderman","1989","Richard Clayderman","e4e4092b-c827-464d-9cb0-b8a36cff9578"
"818","Serenade","The Magic of Richard Clayderman","1989","1989","","Album","5","5","CD","191000","The Magic of Richard Clayderman","1989","Richard Clayderman","e4e4092b-c827-464d-9cb0-b8a36cff9578"
"819","Romanse","The Magic of Richard Clayderman","1989","1989","","Album","5","6","CD","191000","The Magic of Richard Clayderman","1989","Richard Clayderman","e4e4092b-c827-464d-9cb0-b8a36cff9578"
"820","Largo","The Magic of Richard Clayderman","1989","1989","","Album","5","7","CD","167000","The Magic of Richard Clayderman","1989","Richard Clayderman","e4e4092b-c827-464d-9cb0-b8a36cff9578"
"821","Love’s Dream","The Magic of Richard Clayderman","1989","1989","","Album","5","8","CD","192000","The Magic of Richard Clayderman","1989","Richard Clayderman","e4e4092b-c827-464d-9cb0-b8a36cff9578"
"822","Fur Elise","The Magic of Richard Clayderman","1989","1989","","Album","5","9","CD","150000","The Magic of Richard Clayderman","1989","Richard Clayderman","e4e4092b-c827-464d-9cb0-b8a36cff9578"
"823","Jesu, Joy of Man’s Desiring","The Magic of Richard Clayderman","1989","1989","","Album","5","10","CD","206000","The Magic of Richard Clayderman","1989","Richard Clayderman","e4e4092b-c827-464d-9cb0-b8a36cff9578"
"824","The Swan","The Magic of Richard Clayderman","1989","1989","","Album","5","11","CD","188000","The Magic of Richard Clayderman","1989","Richard Clayderman","e4e4092b-c827-464d-9cb0-b8a36cff9578"
"825","Barcarolle","The Magic of Richard Clayderman","1989","1989","","Album","5","12","CD","181000","The Magic of Richard Clayderman","1989","Richard Clayderman","e4e4092b-c827-464d-9cb0-b8a36cff9578"
"826","Tristesse","The Magic of Richard Clayderman","1989","1989","","Album","5","13","CD","154000","The Magic of Richard Clayderman","1989","Richard Clayderman","e4e4092b-c827-464d-9cb0-b8a36cff9578"
"827","Ave Maria","The Magic of Richard Clayderman","1989","1989","","Album","5","14","CD","161000","The Magic of Richard Clayderman","1989","Richard Clayderman","e4e4092b-c827-464d-9cb0-b8a36cff9578"
"828","Ballade pour Adeline","Ballade pour Adeline and Other Love Stories","1990","1990","BE","Album","1","1","CD","159226","Ballade pour Adeline and Other Love Stories","1990","Richard Clayderman","37f3e90e-a192-41a5-b4f4-70b6868fef77"
"829","Woman in Love","Ballade pour Adeline and Other Love Stories","1990","1990","BE","Album","1","2","CD","149906","Ballade pour Adeline and Other Love Stories","1990","Richard Clayderman","37f3e90e-a192-41a5-b4f4-70b6868fef77"
"830","Aline","Ballade pour Adeline and Other Love Stories","1990","1990","BE","Album","1","3","CD","155533","Ballade pour Adeline and Other Love Stories","1990","Richard Clayderman","37f3e90e-a192-41a5-b4f4-70b6868fef77"
"831","Plaisir d'Amour","Ballade pour Adeline and Other Love Stories","1990","1990","BE","Album","1","4","CD","162426","Ballade pour Adeline and Other Love Stories","1990","Richard Clayderman","37f3e90e-a192-41a5-b4f4-70b6868fef77"
"832","Lara's Theme","Ballade pour Adeline and Other Love Stories","1990","1990","BE","Album","1","5","CD","155400","Ballade pour Adeline and Other Love Stories","1990","Richard Clayderman","37f3e90e-a192-41a5-b4f4-70b6868fef77"
"833","Vaya con Dios","Ballade pour Adeline and Other Love Stories","1990","1990","BE","Album","1","6","CD","112400","Ballade pour Adeline and Other Love Stories","1990","Richard Clayderman","37f3e90e-a192-41a5-b4f4-70b6868fef77"
"834","Strangers in the Night","Ballade pour Adeline and Other Love Stories","1990","1990","BE","Album","1","7","CD","197266","Ballade pour Adeline and Other Love Stories","1990","Richard Clayderman","37f3e90e-a192-41a5-b4f4-70b6868fef77"
"835","I Don't Know How to Love Him","Ballade pour Adeline and Other Love Stories","1990","1990","BE","Album","1","8","CD","243866","Ballade pour Adeline and Other Love Stories","1990","Richard Clayderman","37f3e90e-a192-41a5-b4f4-70b6868fef77"
"836","Don't Cry for Me Argentina","Ballade pour Adeline and Other Love Stories","1990","1990","BE","Album","1","9","CD","216773","Ballade pour Adeline and Other Love Stories","1990","Richard Clayderman","37f3e90e-a192-41a5-b4f4-70b6868fef77"
"837","Up Where We Belong","Ballade pour Adeline and Other Love Stories","1990","1990","BE","Album","1","10","CD","180493","Ballade pour Adeline and Other Love Stories","1990","Richard Clayderman","37f3e90e-a192-41a5-b4f4-70b6868fef77"
"838","Parlez-moi d'amour","Ballade pour Adeline and Other Love Stories","1990","1990","BE","Album","1","11","CD","142106","Ballade pour Adeline and Other Love Stories","1990","Richard Clayderman","37f3e90e-a192-41a5-b4f4-70b6868fef77"
"839","Mandy","Ballade pour Adeline and Other Love Stories","1990","1990","BE","Album","1","12","CD","143466","Ballade pour Adeline and Other Love Stories","1990","Richard Clayderman","37f3e90e-a192-41a5-b4f4-70b6868fef77"
"840","Love Is Blue","Ballade pour Adeline and Other Love Stories","1990","1990","BE","Album","1","13","CD","107693","Ballade pour Adeline and Other Love Stories","1990","Richard Clayderman","37f3e90e-a192-41a5-b4f4-70b6868fef77"
"841","La Mer","Ballade pour Adeline and Other Love Stories","1990","1990","BE","Album","1","14","CD","196173","Ballade pour Adeline and Other Love Stories","1990","Richard Clayderman","37f3e90e-a192-41a5-b4f4-70b6868fef77"
"842","Careless Whisper","Ballade pour Adeline and Other Love Stories","1990","1990","BE","Album","1","15","CD","168626","Ballade pour Adeline and Other Love Stories","1990","Richard Clayderman","37f3e90e-a192-41a5-b4f4-70b6868fef77"
"843","Theme From Love Story","Ballade pour Adeline and Other Love Stories","1990","1990","BE","Album","1","16","CD","179400","Ballade pour Adeline and Other Love Stories","1990","Richard Clayderman","37f3e90e-a192-41a5-b4f4-70b6868fef77"
"844","Elisabethan Serenade","Digital Concerto","1990","1990","BE","Album","1","1","CD","120533","Digital Concerto","1990","Richard Clayderman","9dd13888-fcab-4fc0-a5bf-7fa57d402b12"
"845","Barcarolle","Digital Concerto","1990","1990","BE","Album","1","2","CD","181200","Digital Concerto","1990","Richard Clayderman","9dd13888-fcab-4fc0-a5bf-7fa57d402b12"
"846","Badinerie","Digital Concerto","1990","1990","BE","Album","1","3","CD","221066","Digital Concerto","1990","Richard Clayderman","9dd13888-fcab-4fc0-a5bf-7fa57d402b12"
"847","Hymne a la Joe","Digital Concerto","1990","1990","BE","Album","1","4","CD","189333","Digital Concerto","1990","Richard Clayderman","9dd13888-fcab-4fc0-a5bf-7fa57d402b12"
"848","Für Elise","Digital Concerto","1990","1990","BE","Album","1","5","CD","255760","Digital Concerto","1990","Richard Clayderman","9dd13888-fcab-4fc0-a5bf-7fa57d402b12"
"849","Liebstraum","Digital Concerto","1990","1990","BE","Album","1","6","CD","369106","Digital Concerto","1990","Richard Clayderman","9dd13888-fcab-4fc0-a5bf-7fa57d402b12"
"850","Piano Concerto #1","Digital Concerto","1990","1990","BE","Album","1","7","CD","239000","Digital Concerto","1990","Richard Clayderman","9dd13888-fcab-4fc0-a5bf-7fa57d402b12"
"851","Arabesque","Digital Concerto","1990","1990","BE","Album","1","8","CD","248426","Digital Concerto","1990","Richard Clayderman","9dd13888-fcab-4fc0-a5bf-7fa57d402b12"
"852","Concerto #2 Opus 18","Digital Concerto","1990","1990","BE","Album","1","9","CD","188066","Digital Concerto","1990","Richard Clayderman","9dd13888-fcab-4fc0-a5bf-7fa57d402b12"
"853","Rhapsody in Blue","Digital Concerto","1990","1990","BE","Album","1","10","CD","305133","Digital Concerto","1990","Richard Clayderman","9dd13888-fcab-4fc0-a5bf-7fa57d402b12"
"854","Ave Maria","Digital Concerto","1990","1990","BE","Album","1","11","CD","165973","Digital Concerto","1990","Richard Clayderman","9dd13888-fcab-4fc0-a5bf-7fa57d402b12"
"855","Elvira Madigan C. Dur","Digital Concerto","1990","1990","BE","Album","1","12","CD","202466","Digital Concerto","1990","Richard Clayderman","9dd13888-fcab-4fc0-a5bf-7fa57d402b12"
"856","Romance","Digital Concerto","1990","1990","BE","Album","1","13","CD","190533","Digital Concerto","1990","Richard Clayderman","9dd13888-fcab-4fc0-a5bf-7fa57d402b12"
"857","Le Cygne","Digital Concerto","1990","1990","BE","Album","1","14","CD","186826","Digital Concerto","1990","Richard Clayderman","9dd13888-fcab-4fc0-a5bf-7fa57d402b12"
"858","Tristesse","Digital Concerto","1990","1990","BE","Album","1","15","CD","153506","Digital Concerto","1990","Richard Clayderman","9dd13888-fcab-4fc0-a5bf-7fa57d402b12"
"859","Serenade","Digital Concerto","1990","1990","BE","Album","1","16","CD","188333","Digital Concerto","1990","Richard Clayderman","9dd13888-fcab-4fc0-a5bf-7fa57d402b12"
"860","Sunshine Above the Clouds","Dream Melodies","1990","1990","CA","Album","1","1","CD","174866","Traummelodien","1990","James Last & Richard Clayderman","c3361cf4-8dcd-40cb-99d2-8fa0f5e5ca6a"
"861","The Carousel of Love","Dream Melodies","1990","1990","CA","Album","1","2","CD","255840","Traummelodien","1990","James Last & Richard Clayderman","c3361cf4-8dcd-40cb-99d2-8fa0f5e5ca6a"
"862","Alicia","Dream Melodies","1990","1990","CA","Album","1","3","CD","235666","Traummelodien","1990","James Last & Richard Clayderman","c3361cf4-8dcd-40cb-99d2-8fa0f5e5ca6a"
"863","Distant Love","Dream Melodies","1990","1990","CA","Album","1","4","CD","262826","Traummelodien","1990","James Last & Richard Clayderman","c3361cf4-8dcd-40cb-99d2-8fa0f5e5ca6a"
"864","Mauritius River","Dream Melodies","1990","1990","CA","Album","1","5","CD","173840","Traummelodien","1990","James Last & Richard Clayderman","c3361cf4-8dcd-40cb-99d2-8fa0f5e5ca6a"
"865","Pretty Ballerina","Dream Melodies","1990","1990","CA","Album","1","6","CD","212026","Traummelodien","1990","James Last & Richard Clayderman","c3361cf4-8dcd-40cb-99d2-8fa0f5e5ca6a"
"866","Siamois (Siamese)","Dream Melodies","1990","1990","CA","Album","1","7","CD","218600","Traummelodien","1990","James Last & Richard Clayderman","c3361cf4-8dcd-40cb-99d2-8fa0f5e5ca6a"
"867","Sunrise","Dream Melodies","1990","1990","CA","Album","1","8","CD","276800","Traummelodien","1990","James Last & Richard Clayderman","c3361cf4-8dcd-40cb-99d2-8fa0f5e5ca6a"
"868","Duo Solo","Dream Melodies","1990","1990","CA","Album","1","9","CD","203933","Traummelodien","1990","James Last & Richard Clayderman","c3361cf4-8dcd-40cb-99d2-8fa0f5e5ca6a"
"869","L.A. Nights","Dream Melodies","1990","1990","CA","Album","1","10","CD","261200","Traummelodien","1990","James Last & Richard Clayderman","c3361cf4-8dcd-40cb-99d2-8fa0f5e5ca6a"
"870","Le pont (The Bridge)","Dream Melodies","1990","1990","CA","Album","1","11","CD","211266","Traummelodien","1990","James Last & Richard Clayderman","c3361cf4-8dcd-40cb-99d2-8fa0f5e5ca6a"
"871","Lazy Afternoon","Dream Melodies","1990","1990","CA","Album","1","12","CD","258707","Traummelodien","1990","James Last & Richard Clayderman","c3361cf4-8dcd-40cb-99d2-8fa0f5e5ca6a"
"872","White Christmas","Festliche Weihnacht","1990","1990","DE","Album","1","1","CD","160293","Festliche Weihnacht","1990","Richard Clayderman","5275557e-a84d-41f3-9370-d95d50606d6c"
"873","O Tannenbaum","Festliche Weihnacht","1990","1990","DE","Album","1","2","CD","139600","Festliche Weihnacht","1990","Richard Clayderman","5275557e-a84d-41f3-9370-d95d50606d6c"
"874","Stille Nacht, heilige Nacht","Festliche Weihnacht","1990","1990","DE","Album","1","3","CD","125773","Festliche Weihnacht","1990","Richard Clayderman","5275557e-a84d-41f3-9370-d95d50606d6c"
"875","Ave Maria","Festliche Weihnacht","1990","1990","DE","Album","1","4","CD","165866","Festliche Weihnacht","1990","Richard Clayderman","5275557e-a84d-41f3-9370-d95d50606d6c"
"876","Weihnachts-Konzert","Festliche Weihnacht","1990","1990","DE","Album","1","5","CD","221266","Festliche Weihnacht","1990","Richard Clayderman","5275557e-a84d-41f3-9370-d95d50606d6c"
"877","Little Red-Nosed Reindeer","Festliche Weihnacht","1990","1990","DE","Album","1","6","CD","138066","Festliche Weihnacht","1990","Richard Clayderman","5275557e-a84d-41f3-9370-d95d50606d6c"
"878","Little Drummer Boy","Festliche Weihnacht","1990","1990","DE","Album","1","7","CD","231760","Festliche Weihnacht","1990","Richard Clayderman","5275557e-a84d-41f3-9370-d95d50606d6c"
"879","Mondschein-Sonate","Festliche Weihnacht","1990","1990","DE","Album","1","8","CD","198640","Festliche Weihnacht","1990","Richard Clayderman","5275557e-a84d-41f3-9370-d95d50606d6c"
"880","Leise rieselt der Schnee","Festliche Weihnacht","1990","1990","DE","Album","1","9","CD","142066","Festliche Weihnacht","1990","Richard Clayderman","5275557e-a84d-41f3-9370-d95d50606d6c"
"881","Largo","Festliche Weihnacht","1990","1990","DE","Album","1","10","CD","169533","Festliche Weihnacht","1990","Richard Clayderman","5275557e-a84d-41f3-9370-d95d50606d6c"
"882","Romanze","Festliche Weihnacht","1990","1990","DE","Album","1","11","CD","192866","Festliche Weihnacht","1990","Richard Clayderman","5275557e-a84d-41f3-9370-d95d50606d6c"
"883","Medley: O Tannenbaum / Minuit Chrétien / He Was Born A Holy Child","Festliche Weihnacht","1990","1990","DE","Album","1","12","CD","201160","Festliche Weihnacht","1990","Richard Clayderman","5275557e-a84d-41f3-9370-d95d50606d6c"
"884","Medley: Am Weihnachtsbaume die Lichter brennen / Heidschi-bum-beidschi-bum-bum","Festliche Weihnacht","1990","1990","DE","Album","1","13","CD","121600","Festliche Weihnacht","1990","Richard Clayderman","5275557e-a84d-41f3-9370-d95d50606d6c"
"885","Jingle Bells","Festliche Weihnacht","1990","1990","DE","Album","1","14","CD","163666","Festliche Weihnacht","1990","Richard Clayderman","5275557e-a84d-41f3-9370-d95d50606d6c"
"886","Jesus bleibet meine Freude","Festliche Weihnacht","1990","1990","DE","Album","1","15","CD","208133","Festliche Weihnacht","1990","Richard Clayderman","5275557e-a84d-41f3-9370-d95d50606d6c"
"887","Ave Maria","Festliche Weihnacht","1990","1990","DE","Album","1","16","CD","158733","Festliche Weihnacht","1990","Richard Clayderman","5275557e-a84d-41f3-9370-d95d50606d6c"
"888","Careless Whisper","From Me to You, Volume 1","1990","1990","US","Album","1","1","CD","171000","From Me to You, Volume 1","1990","Richard Clayderman","84c68f91-9009-4d42-86e7-cf23cbfd95ab"
"889","Ebony and Ivory","From Me to You, Volume 1","1990","1990","US","Album","1","2","CD","168000","From Me to You, Volume 1","1990","Richard Clayderman","84c68f91-9009-4d42-86e7-cf23cbfd95ab"
"890","Without You","From Me to You, Volume 1","1990","1990","US","Album","1","3","CD","230000","From Me to You, Volume 1","1990","Richard Clayderman","84c68f91-9009-4d42-86e7-cf23cbfd95ab"
"891","Woman in Love","From Me to You, Volume 1","1990","1990","US","Album","1","4","CD","149000","From Me to You, Volume 1","1990","Richard Clayderman","84c68f91-9009-4d42-86e7-cf23cbfd95ab"
"892","Whiter Shade of Pale","From Me to You, Volume 1","1990","1990","US","Album","1","5","CD","268000","From Me to You, Volume 1","1990","Richard Clayderman","84c68f91-9009-4d42-86e7-cf23cbfd95ab"
"893","Sailing","From Me to You, Volume 1","1990","1990","US","Album","1","6","CD","204000","From Me to You, Volume 1","1990","Richard Clayderman","84c68f91-9009-4d42-86e7-cf23cbfd95ab"
"894","Mandy","From Me to You, Volume 1","1990","1990","US","Album","1","7","CD","145000","From Me to You, Volume 1","1990","Richard Clayderman","84c68f91-9009-4d42-86e7-cf23cbfd95ab"
"895","The Sounds of Silence","From Me to You, Volume 1","1990","1990","US","Album","1","8","CD","213000","From Me to You, Volume 1","1990","Richard Clayderman","84c68f91-9009-4d42-86e7-cf23cbfd95ab"
"896","When a Man Loves a Woman","From Me to You, Volume 1","1990","1990","US","Album","1","9","CD","170000","From Me to You, Volume 1","1990","Richard Clayderman","84c68f91-9009-4d42-86e7-cf23cbfd95ab"
"897","Nothing's Gonna Change My Love for You","From Me to You, Volume 1","1990","1990","US","Album","1","10","CD","200000","From Me to You, Volume 1","1990","Richard Clayderman","84c68f91-9009-4d42-86e7-cf23cbfd95ab"
"898","Blue Eyes","From Me to You, Volume 1","1990","1990","US","Album","1","11","CD","189000","From Me to You, Volume 1","1990","Richard Clayderman","84c68f91-9009-4d42-86e7-cf23cbfd95ab"
"899","Nights in White Satin","From Me to You, Volume 1","1990","1990","US","Album","1","12","CD","303000","From Me to You, Volume 1","1990","Richard Clayderman","84c68f91-9009-4d42-86e7-cf23cbfd95ab"
"900","Il y a Toujours du Soleil Au-Dessus Des Nuages","Golden Hearts","1990","1990","NL","Album","1","1","CD","169826","Golden Hearts","1990","Richard Clayderman & James Last","4f853b85-88fa-4d66-bc0d-04fc5b8a07c2"
"901","Le Bonheur D'aimer","Golden Hearts","1990","1990","NL","Album","1","2","CD","252173","Golden Hearts","1990","Richard Clayderman & James Last","4f853b85-88fa-4d66-bc0d-04fc5b8a07c2"
"902","Aliscia","Golden Hearts","1990","1990","NL","Album","1","3","CD","231360","Golden Hearts","1990","Richard Clayderman & James Last","4f853b85-88fa-4d66-bc0d-04fc5b8a07c2"
"903","Les Roses de L'exil","Golden Hearts","1990","1990","NL","Album","1","4","CD","260133","Golden Hearts","1990","Richard Clayderman & James Last","4f853b85-88fa-4d66-bc0d-04fc5b8a07c2"
"904","Quand Ma Mere Chantait","Golden Hearts","1990","1990","NL","Album","1","5","CD","170506","Golden Hearts","1990","Richard Clayderman & James Last","4f853b85-88fa-4d66-bc0d-04fc5b8a07c2"
"905","Ballerina","Golden Hearts","1990","1990","NL","Album","1","6","CD","209333","Golden Hearts","1990","Richard Clayderman & James Last","4f853b85-88fa-4d66-bc0d-04fc5b8a07c2"
"906","Le Pas Des Hommes Libres","Golden Hearts","1990","1990","NL","Album","1","7","CD","216400","Golden Hearts","1990","Richard Clayderman & James Last","4f853b85-88fa-4d66-bc0d-04fc5b8a07c2"
"907","La Force de L'amour","Golden Hearts","1990","1990","NL","Album","1","8","CD","272533","Golden Hearts","1990","Richard Clayderman & James Last","4f853b85-88fa-4d66-bc0d-04fc5b8a07c2"
"908","Les Mers Mortes","Golden Hearts","1990","1990","NL","Album","1","9","CD","201466","Golden Hearts","1990","Richard Clayderman & James Last","4f853b85-88fa-4d66-bc0d-04fc5b8a07c2"
"909","Fleur de Feu","Golden Hearts","1990","1990","NL","Album","1","10","CD","258093","Golden Hearts","1990","Richard Clayderman & James Last","4f853b85-88fa-4d66-bc0d-04fc5b8a07c2"
"910","Cæurs D'or","Golden Hearts","1990","1990","NL","Album","1","11","CD","206866","Golden Hearts","1990","Richard Clayderman & James Last","4f853b85-88fa-4d66-bc0d-04fc5b8a07c2"
"911","Les Oiseaux de la Mer et du Soleil","Golden Hearts","1990","1990","NL","Album","1","12","CD","259867","Golden Hearts","1990","Richard Clayderman & James Last","4f853b85-88fa-4d66-bc0d-04fc5b8a07c2"
"912","A comme amour","Les 32 Pianos d’or","1990","1990","GR","Album","1","B8","12"" Vinyl","198000","Les 32 Pianos d’or","1990","Richard Clayderman","4d6fa1b5-bd8c-43b6-9d63-3a584d5cb8bd"
"913","Ballade pour Adeline","Les 32 Pianos d’or","1990","1990","GR","Album","1","A1","12"" Vinyl","157000","Les 32 Pianos d’or","1990","Richard Clayderman","4d6fa1b5-bd8c-43b6-9d63-3a584d5cb8bd"
"914","Cœur fragile","Les 32 Pianos d’or","1990","1990","GR","Album","1","A6","12"" Vinyl","193000","Les 32 Pianos d’or","1990","Richard Clayderman","4d6fa1b5-bd8c-43b6-9d63-3a584d5cb8bd"
"915","Couleur tendresse","Les 32 Pianos d’or","1990","1990","GR","Album","1","B4","12"" Vinyl","218000","Les 32 Pianos d’or","1990","Richard Clayderman","4d6fa1b5-bd8c-43b6-9d63-3a584d5cb8bd"
"916","Histoire d’un rêve","Les 32 Pianos d’or","1990","1990","GR","Album","1","A3","12"" Vinyl","174000","Les 32 Pianos d’or","1990","Richard Clayderman","4d6fa1b5-bd8c-43b6-9d63-3a584d5cb8bd"
"917","Jardin secret","Les 32 Pianos d’or","1990","1990","GR","Album","1","B2","12"" Vinyl","134000","Les 32 Pianos d’or","1990","Richard Clayderman","4d6fa1b5-bd8c-43b6-9d63-3a584d5cb8bd"
"918","L’Océan","Les 32 Pianos d’or","1990","1990","GR","Album","1","B3","12"" Vinyl","164000","Les 32 Pianos d’or","1990","Richard Clayderman","4d6fa1b5-bd8c-43b6-9d63-3a584d5cb8bd"
"919","Lady Di","Les 32 Pianos d’or","1990","1990","GR","Album","1","B6","12"" Vinyl","153000","Les 32 Pianos d’or","1990","Richard Clayderman","4d6fa1b5-bd8c-43b6-9d63-3a584d5cb8bd"
"920","Le Deuxième Slow","Les 32 Pianos d’or","1990","1990","GR","Album","1","B7","12"" Vinyl","207000","Les 32 Pianos d’or","1990","Richard Clayderman","4d6fa1b5-bd8c-43b6-9d63-3a584d5cb8bd"
"921","Les Fleurs sauvages","Les 32 Pianos d’or","1990","1990","GR","Album","1","B1","12"" Vinyl","174000","Les 32 Pianos d’or","1990","Richard Clayderman","4d6fa1b5-bd8c-43b6-9d63-3a584d5cb8bd"
"922","Les Regrets","Les 32 Pianos d’or","1990","1990","GR","Album","1","A7","12"" Vinyl","193000","Les 32 Pianos d’or","1990","Richard Clayderman","4d6fa1b5-bd8c-43b6-9d63-3a584d5cb8bd"
"923","Murmures","Les 32 Pianos d’or","1990","1990","GR","Album","1","B5","12"" Vinyl","150000","Les 32 Pianos d’or","1990","Richard Clayderman","4d6fa1b5-bd8c-43b6-9d63-3a584d5cb8bd"
"924","Pastorale (Sonate no4)","Les 32 Pianos d’or","1990","1990","GR","Album","1","A8","12"" Vinyl","145000","Les 32 Pianos d’or","1990","Richard Clayderman","4d6fa1b5-bd8c-43b6-9d63-3a584d5cb8bd"
"925","Rondo pour un tout petit enfant","Les 32 Pianos d’or","1990","1990","GR","Album","1","A5","12"" Vinyl","92000","Les 32 Pianos d’or","1990","Richard Clayderman","4d6fa1b5-bd8c-43b6-9d63-3a584d5cb8bd"
"926","Souvenirs d’enfance","Les 32 Pianos d’or","1990","1990","GR","Album","1","A4","12"" Vinyl","169000","Les 32 Pianos d’or","1990","Richard Clayderman","4d6fa1b5-bd8c-43b6-9d63-3a584d5cb8bd"
"927","Triste Cœur","Les 32 Pianos d’or","1990","1990","GR","Album","1","A2","12"" Vinyl","166000","Les 32 Pianos d’or","1990","Richard Clayderman","4d6fa1b5-bd8c-43b6-9d63-3a584d5cb8bd"
"928","Amour pour amour","Les 32 Pianos d’or","1990","1990","GR","Album","2","C8","12"" Vinyl","188000","Les 32 Pianos d’or","1990","Richard Clayderman","4d6fa1b5-bd8c-43b6-9d63-3a584d5cb8bd"
"929","Concerto pour une jeune fille nommée 'Je t’aime'","Les 32 Pianos d’or","1990","1990","GR","Album","2","D2","12"" Vinyl","223000","Les 32 Pianos d’or","1990","Richard Clayderman","4d6fa1b5-bd8c-43b6-9d63-3a584d5cb8bd"
"930","Coup de cœur","Les 32 Pianos d’or","1990","1990","GR","Album","2","C2","12"" Vinyl","252000","Les 32 Pianos d’or","1990","Richard Clayderman","4d6fa1b5-bd8c-43b6-9d63-3a584d5cb8bd"
"931","Eleana","Les 32 Pianos d’or","1990","1990","GR","Album","2","D8","12"" Vinyl","220000","Les 32 Pianos d’or","1990","Richard Clayderman","4d6fa1b5-bd8c-43b6-9d63-3a584d5cb8bd"
"932","La Vraie Musique de l’amour","Les 32 Pianos d’or","1990","1990","GR","Album","2","D7","12"" Vinyl","110000","Les 32 Pianos d’or","1990","Richard Clayderman","4d6fa1b5-bd8c-43b6-9d63-3a584d5cb8bd"
"933","Le Sagittaire","Les 32 Pianos d’or","1990","1990","GR","Album","2","D6","12"" Vinyl","140000","Les 32 Pianos d’or","1990","Richard Clayderman","4d6fa1b5-bd8c-43b6-9d63-3a584d5cb8bd"
"934","Les Chagrins oubliés","Les 32 Pianos d’or","1990","1990","GR","Album","2","D5","12"" Vinyl","163000","Les 32 Pianos d’or","1990","Richard Clayderman","4d6fa1b5-bd8c-43b6-9d63-3a584d5cb8bd"
"935","Les Colombes de Tenere","Les 32 Pianos d’or","1990","1990","GR","Album","2","C7","12"" Vinyl","203000","Les 32 Pianos d’or","1990","Richard Clayderman","4d6fa1b5-bd8c-43b6-9d63-3a584d5cb8bd"
"936","Les Derniers Jours d’Anastasia Kemsky","Les 32 Pianos d’or","1990","1990","GR","Album","2","C4","12"" Vinyl","197000","Les 32 Pianos d’or","1990","Richard Clayderman","4d6fa1b5-bd8c-43b6-9d63-3a584d5cb8bd"
"937","Les Gémeaux","Les 32 Pianos d’or","1990","1990","GR","Album","2","C6","12"" Vinyl","188000","Les 32 Pianos d’or","1990","Richard Clayderman","4d6fa1b5-bd8c-43b6-9d63-3a584d5cb8bd"
"938","Les Premiers Sourires de Vanessa","Les 32 Pianos d’or","1990","1990","GR","Album","2","D1","12"" Vinyl","137000","Les 32 Pianos d’or","1990","Richard Clayderman","4d6fa1b5-bd8c-43b6-9d63-3a584d5cb8bd"
"939","Lettre à ma mère","Les 32 Pianos d’or","1990","1990","GR","Album","2","C1","12"" Vinyl","164000","Les 32 Pianos d’or","1990","Richard Clayderman","4d6fa1b5-bd8c-43b6-9d63-3a584d5cb8bd"
"940","Mariage d’amour","Les 32 Pianos d’or","1990","1990","GR","Album","2","C3","12"" Vinyl","161000","Les 32 Pianos d’or","1990","Richard Clayderman","4d6fa1b5-bd8c-43b6-9d63-3a584d5cb8bd"
"941","Nostalgie","Les 32 Pianos d’or","1990","1990","GR","Album","2","D4","12"" Vinyl","176000","Les 32 Pianos d’or","1990","Richard Clayderman","4d6fa1b5-bd8c-43b6-9d63-3a584d5cb8bd"
"942","Sonate no. 1","Les 32 Pianos d’or","1990","1990","GR","Album","2","C5","12"" Vinyl","180000","Les 32 Pianos d’or","1990","Richard Clayderman","4d6fa1b5-bd8c-43b6-9d63-3a584d5cb8bd"
"943","Voyage à Venise","Les 32 Pianos d’or","1990","1990","GR","Album","2","D3","12"" Vinyl","171000","Les 32 Pianos d’or","1990","Richard Clayderman","4d6fa1b5-bd8c-43b6-9d63-3a584d5cb8bd"
"944","Ballade pour Adeline","Memories","1990","1990","NO","Album","1","1","","158000","Memories","1990","Richard Clayderman","25ccb9c2-21b4-497e-a4f4-ebab2f3c0880"
"945","Dolannes Melodie","Memories","1990","1990","NO","Album","1","2","","203000","Memories","1990","Richard Clayderman","25ccb9c2-21b4-497e-a4f4-ebab2f3c0880"
"946","Bridge Over Troubled Water","Memories","1990","1990","NO","Album","1","3","","187000","Memories","1990","Richard Clayderman","25ccb9c2-21b4-497e-a4f4-ebab2f3c0880"
"947","Je t'aime","Memories","1990","1990","NO","Album","1","4","","226000","Memories","1990","Richard Clayderman","25ccb9c2-21b4-497e-a4f4-ebab2f3c0880"
"948","How Deep Is Your Love","Memories","1990","1990","NO","Album","1","5","","170000","Memories","1990","Richard Clayderman","25ccb9c2-21b4-497e-a4f4-ebab2f3c0880"
"949","L'Italienne","Memories","1990","1990","NO","Album","1","6","","197000","Memories","1990","Richard Clayderman","25ccb9c2-21b4-497e-a4f4-ebab2f3c0880"
"950","Bright Eyes","Memories","1990","1990","NO","Album","1","7","","175000","Memories","1990","Richard Clayderman","25ccb9c2-21b4-497e-a4f4-ebab2f3c0880"
"951","All the Love in the World","Memories","1990","1990","NO","Album","1","8","","210000","Memories","1990","Richard Clayderman","25ccb9c2-21b4-497e-a4f4-ebab2f3c0880"
"952","Hello","Memories","1990","1990","NO","Album","1","9","","188000","Memories","1990","Richard Clayderman","25ccb9c2-21b4-497e-a4f4-ebab2f3c0880"
"953","Lettre à ma mère","Memories","1990","1990","NO","Album","1","10","","165000","Memories","1990","Richard Clayderman","25ccb9c2-21b4-497e-a4f4-ebab2f3c0880"
"954","La mer","Memories","1990","1990","NO","Album","1","11","","194000","Memories","1990","Richard Clayderman","25ccb9c2-21b4-497e-a4f4-ebab2f3c0880"
"955","Pour Elise","Memories","1990","1990","NO","Album","1","12","","150000","Memories","1990","Richard Clayderman","25ccb9c2-21b4-497e-a4f4-ebab2f3c0880"
"956","Les Nuages","Memories","1990","1990","NO","Album","1","13","","166000","Memories","1990","Richard Clayderman","25ccb9c2-21b4-497e-a4f4-ebab2f3c0880"
"957","Romeo and Juliet","Memories","1990","1990","NO","Album","1","14","","141000","Memories","1990","Richard Clayderman","25ccb9c2-21b4-497e-a4f4-ebab2f3c0880"
"958","Careless Whisper","Memories","1990","1990","NO","Album","2","1","","168960","Memories","1990","Richard Clayderman","25ccb9c2-21b4-497e-a4f4-ebab2f3c0880"
"959","Hey Jude","Memories","1990","1990","NO","Album","2","2","","165173","Memories","1990","Richard Clayderman","25ccb9c2-21b4-497e-a4f4-ebab2f3c0880"
"960","Love Story","Memories","1990","1990","NO","Album","2","3","","179466","Memories","1990","Richard Clayderman","25ccb9c2-21b4-497e-a4f4-ebab2f3c0880"
"961","My Way","Memories","1990","1990","NO","Album","2","4","","230600","Memories","1990","Richard Clayderman","25ccb9c2-21b4-497e-a4f4-ebab2f3c0880"
"962","Romantica Serenade","Memories","1990","1990","NO","Album","2","5","","206960","Memories","1990","Richard Clayderman","25ccb9c2-21b4-497e-a4f4-ebab2f3c0880"
"963","West Side Story","Memories","1990","1990","NO","Album","2","6","","393173","Memories","1990","Richard Clayderman","25ccb9c2-21b4-497e-a4f4-ebab2f3c0880"
"964","Yesterday","Memories","1990","1990","NO","Album","2","7","","145093","Memories","1990","Richard Clayderman","25ccb9c2-21b4-497e-a4f4-ebab2f3c0880"
"965","Just the Way You Are","Memories","1990","1990","NO","Album","2","8","","212800","Memories","1990","Richard Clayderman","25ccb9c2-21b4-497e-a4f4-ebab2f3c0880"
"966","Love Is Blue","Memories","1990","1990","NO","Album","2","9","","103306","Memories","1990","Richard Clayderman","25ccb9c2-21b4-497e-a4f4-ebab2f3c0880"
"967","Rhapsody in Blue","Memories","1990","1990","NO","Album","2","10","","209000","Memories","1990","Richard Clayderman","25ccb9c2-21b4-497e-a4f4-ebab2f3c0880"
"968","Stranger in the Night","Memories","1990","1990","NO","Album","2","11","","197160","Memories","1990","Richard Clayderman","25ccb9c2-21b4-497e-a4f4-ebab2f3c0880"
"969","Take My Breath Away","Memories","1990","1990","NO","Album","2","12","","251440","Memories","1990","Richard Clayderman","25ccb9c2-21b4-497e-a4f4-ebab2f3c0880"
"970","When a Man Loves a Woman","Memories","1990","1990","NO","Album","2","13","","179000","Memories","1990","Richard Clayderman","25ccb9c2-21b4-497e-a4f4-ebab2f3c0880"
"971","Love Letters in the Sand","Memories","1990","1990","NO","Album","2","14","","129893","Memories","1990","Richard Clayderman","25ccb9c2-21b4-497e-a4f4-ebab2f3c0880"
"972","Four Seasons: Spring","My Classic Collection","1990","1990","XE","Album","1","1","CD","175693","My Classic Collection","1990","Antonio Vivaldi","fe8c7bef-f390-4177-b4d2-5d8a7ba32929"
"973","The Swan","My Classic Collection","1990","1990","XE","Album","1","2","CD","184906","My Classic Collection","1990","Camille Saint‐Saëns","fe8c7bef-f390-4177-b4d2-5d8a7ba32929"
"974","Italian Symphony no. 4 in A major, op 90: I. Allegro","My Classic Collection","1990","1990","XE","Album","1","3","CD","235333","My Classic Collection","1990","Felix Mendelssohn-Bartholdy","fe8c7bef-f390-4177-b4d2-5d8a7ba32929"
"975","Aria","My Classic Collection","1990","1990","XE","Album","1","4","CD","362733","My Classic Collection","1990","Johann Sebastian Bach","fe8c7bef-f390-4177-b4d2-5d8a7ba32929"
"976","Waltz in A‐flat","My Classic Collection","1990","1990","XE","Album","1","5","CD","191800","My Classic Collection","1990","Johannes Brahms","fe8c7bef-f390-4177-b4d2-5d8a7ba32929"
"977","Cavalleria rusticana","My Classic Collection","1990","1990","XE","Album","1","6","CD","227600","My Classic Collection","1990","Pietro Mascagni","fe8c7bef-f390-4177-b4d2-5d8a7ba32929"
"978","Barcarolle","My Classic Collection","1990","1990","XE","Album","1","7","CD","180866","My Classic Collection","1990","Jacques Offenbach","fe8c7bef-f390-4177-b4d2-5d8a7ba32929"
"979","Nocturne in D‐flat major, op. 27, no. 2","My Classic Collection","1990","1990","XE","Album","1","8","CD","263400","My Classic Collection","1990","Fryderyk Chopin","fe8c7bef-f390-4177-b4d2-5d8a7ba32929"
"980","Forever Green","My Classic Collection","1990","1990","XE","Album","1","9","CD","168760","My Classic Collection","1990","Patrick Gowers","fe8c7bef-f390-4177-b4d2-5d8a7ba32929"
"981","Hill Street Blues","My Classic Collection","1990","1990","XE","Album","1","10","CD","171400","My Classic Collection","1990","Mike Post","fe8c7bef-f390-4177-b4d2-5d8a7ba32929"
"982","Do You Know (Theme from Mahogany)","My Classic Collection","1990","1990","XE","Album","1","11","CD","213040","My Classic Collection","1990","Gerry Goffin, Michael Masser","fe8c7bef-f390-4177-b4d2-5d8a7ba32929"
"983","Sleepy Shores","My Classic Collection","1990","1990","XE","Album","1","12","CD","208666","My Classic Collection","1990","Johnny Pearson","fe8c7bef-f390-4177-b4d2-5d8a7ba32929"
"984","Evergreen (Love Theme from A Star Is Born)","My Classic Collection","1990","1990","XE","Album","1","13","CD","183000","My Classic Collection","1990","Barbra Streisand, Paul Williams","fe8c7bef-f390-4177-b4d2-5d8a7ba32929"
"985","Tara’s Theme (Main Theme from Gone With the Wind)","My Classic Collection","1990","1990","XE","Album","1","14","CD","207693","My Classic Collection","1990","Max Steiner","fe8c7bef-f390-4177-b4d2-5d8a7ba32929"
"986","Over the Rainbow","My Classic Collection","1990","1990","XE","Album","1","15","CD","170333","My Classic Collection","1990","Harold Arlen, E.Y. Harburg","fe8c7bef-f390-4177-b4d2-5d8a7ba32929"
"987","Medley of The Four Seasons","My Classic Collection","1990","1990","XE","Album","1","16","CD","314240","My Classic Collection","1990","Antonio Vivaldi","fe8c7bef-f390-4177-b4d2-5d8a7ba32929"
"988","Spring","My Private Collection","1990","1990","","Album","1","1","CD","175000","My Private Collection","1990","Richard Clayderman","c657decc-ac87-4137-be46-dad9662412a6"
"989","Hillstreet Blues","My Private Collection","1990","1990","","Album","1","2","CD","171000","My Private Collection","1990","Richard Clayderman","c657decc-ac87-4137-be46-dad9662412a6"
"990","Italian Symphony No.4 ""A"" Sharp Op 90 Allegro","My Private Collection","1990","1990","","Album","1","3","CD","235000","My Private Collection","1990","Richard Clayderman","c657decc-ac87-4137-be46-dad9662412a6"
"991","Do You Know (Theme From Mahogany)","My Private Collection","1990","1990","","Album","1","4","CD","213000","My Private Collection","1990","Richard Clayderman","c657decc-ac87-4137-be46-dad9662412a6"
"992","The Swan","My Private Collection","1990","1990","","Album","1","5","CD","185000","My Private Collection","1990","Richard Clayderman","c657decc-ac87-4137-be46-dad9662412a6"
"993","Over the Rainbow","My Private Collection","1990","1990","","Album","1","6","CD","171000","My Private Collection","1990","Richard Clayderman","c657decc-ac87-4137-be46-dad9662412a6"
"994","Tara's Theme (main Theme From Gone with the Wind)","My Private Collection","1990","1990","","Album","1","7","CD","207000","My Private Collection","1990","Richard Clayderman","c657decc-ac87-4137-be46-dad9662412a6"
"995","Nocturne - In ""D"" Flat Major Op 27 No.2","My Private Collection","1990","1990","","Album","1","8","CD","264000","My Private Collection","1990","Richard Clayderman","c657decc-ac87-4137-be46-dad9662412a6"
"996","Forever Green","My Private Collection","1990","1990","","Album","1","9","CD","169000","My Private Collection","1990","Richard Clayderman","c657decc-ac87-4137-be46-dad9662412a6"
"997","Waltz in ""A"" Flat","My Private Collection","1990","1990","","Album","1","10","CD","192000","My Private Collection","1990","Richard Clayderman","c657decc-ac87-4137-be46-dad9662412a6"
"998","Barcarolle","My Private Collection","1990","1990","","Album","1","11","CD","181000","My Private Collection","1990","Richard Clayderman","c657decc-ac87-4137-be46-dad9662412a6"
"999","Medley of Four Seasons","My Private Collection","1990","1990","","Album","1","12","CD","316000","My Private Collection","1990","Richard Clayderman","c657decc-ac87-4137-be46-dad9662412a6"
"1000","Evergreen (Love Theme From ""A Star Is Born"")","My Private Collection","1990","1990","","Album","1","13","CD","182000","My Private Collection","1990","Richard Clayderman","c657decc-ac87-4137-be46-dad9662412a6"
"1001","Sleepy Shores","My Private Collection","1990","1990","","Album","1","14","CD","208000","My Private Collection","1990","Richard Clayderman","c657decc-ac87-4137-be46-dad9662412a6"
"1002","Cavelleria Rusticana","My Private Collection","1990","1990","","Album","1","15","CD","228000","My Private Collection","1990","Richard Clayderman","c657decc-ac87-4137-be46-dad9662412a6"
"1003","Aria","My Private Collection","1990","1990","","Album","1","16","CD","361000","My Private Collection","1990","Richard Clayderman","c657decc-ac87-4137-be46-dad9662412a6"
"1004","Sonnenschein über den Wolken","Sonnenschein über den Wolken / Pretty Ballerina","1990","1990","DE","Single","1","1","CD","167000","Sonnenschein über den Wolken / Pretty Ballerina","1990","James Last & Richard Clayderman","e54ccf81-fcc1-414a-a537-aa16b66951bf"
"1005","Pretty Ballerina","Sonnenschein über den Wolken / Pretty Ballerina","1990","1990","DE","Single","1","2","CD","205000","Sonnenschein über den Wolken / Pretty Ballerina","1990","James Last & Richard Clayderman","e54ccf81-fcc1-414a-a537-aa16b66951bf"
"1006","A Fistful of Dynamite","The Fantastic Movie Story of Ennio Morricone","1990","1990","","Album","1","1","CD","224800","The Fantastic Movie Story of Ennio Morricone","1990","Richard Clayderman","92ca659c-6703-458e-928b-7f3579d05d81"
"1007","Once Upon a Time in the West","The Fantastic Movie Story of Ennio Morricone","1990","1990","","Album","1","2","CD","187666","The Fantastic Movie Story of Ennio Morricone","1990","Richard Clayderman","92ca659c-6703-458e-928b-7f3579d05d81"
"1008","Medley: Lontano / Il clan dei siciliani / My Name Is Nobody","The Fantastic Movie Story of Ennio Morricone","1990","1990","","Album","1","3","CD","316866","The Fantastic Movie Story of Ennio Morricone","1990","Richard Clayderman","92ca659c-6703-458e-928b-7f3579d05d81"
"1009","Medley: Chi mai / Intermezzo / Here’s to You","The Fantastic Movie Story of Ennio Morricone","1990","1990","","Album","1","4","CD","346733","The Fantastic Movie Story of Ennio Morricone","1990","Richard Clayderman","92ca659c-6703-458e-928b-7f3579d05d81"
"1010","Medley: L’aventuriero / Cosi como sei","The Fantastic Movie Story of Ennio Morricone","1990","1990","","Album","1","5","CD","369040","The Fantastic Movie Story of Ennio Morricone","1990","Richard Clayderman","92ca659c-6703-458e-928b-7f3579d05d81"
"1011","La ballata di Sacco e Vanzetti","The Fantastic Movie Story of Ennio Morricone","1990","1990","","Album","1","6","CD","243626","The Fantastic Movie Story of Ennio Morricone","1990","Richard Clayderman","92ca659c-6703-458e-928b-7f3579d05d81"
"1012","Tema di Mosè","The Fantastic Movie Story of Ennio Morricone","1990","1990","","Album","1","7","CD","230240","The Fantastic Movie Story of Ennio Morricone","1990","Richard Clayderman","92ca659c-6703-458e-928b-7f3579d05d81"
"1013","Medley: For a Few Dollars More","The Fantastic Movie Story of Ennio Morricone","1990","1990","","Album","1","8","CD","329066","The Fantastic Movie Story of Ennio Morricone","1990","Richard Clayderman","92ca659c-6703-458e-928b-7f3579d05d81"
"1014","Medley: Metello / Il maestro e Margherita","The Fantastic Movie Story of Ennio Morricone","1990","1990","","Album","1","9","CD","237560","The Fantastic Movie Story of Ennio Morricone","1990","Richard Clayderman","92ca659c-6703-458e-928b-7f3579d05d81"
"1015","Medley: Gabriel’s Oboe / Saharan Dreams","The Fantastic Movie Story of Ennio Morricone","1990","1990","","Album","1","10","CD","331106","The Fantastic Movie Story of Ennio Morricone","1990","Richard Clayderman","92ca659c-6703-458e-928b-7f3579d05d81"
"1016","Sonnenschein über den Wolken","Traummelodien","1990","1990","DE","Album","1","1","CD","175000","Traummelodien","1990","James Last Orchestra","c69d2409-ec64-4ad0-808e-a594aab27919"
"1017","Sonnenschein über den Wolken","Traummelodien","1990","1990","DE","Album","1","1","CD","174866","Traummelodien","1990","James Last Orchestra","b1db02c2-36c6-4985-8eb2-f8c2122f9498"
"1018","Karussell der Liebe","Traummelodien","1990","1990","DE","Album","1","2","CD","255826","Traummelodien","1990","James Last Orchestra","b1db02c2-36c6-4985-8eb2-f8c2122f9498"
"1019","Karussell der Liebe","Traummelodien","1990","1990","DE","Album","1","2","CD","256000","Traummelodien","1990","James Last Orchestra","c69d2409-ec64-4ad0-808e-a594aab27919"
"1020","Aliscia","Traummelodien","1990","1990","DE","Album","1","3","CD","235666","Traummelodien","1990","Richard Clayderman","b1db02c2-36c6-4985-8eb2-f8c2122f9498"
"1021","Aliscia","Traummelodien","1990","1990","DE","Album","1","3","CD","236000","Traummelodien","1990","Richard Clayderman","c69d2409-ec64-4ad0-808e-a594aab27919"
"1022","Distant Love","Traummelodien","1990","1990","DE","Album","1","4","CD","262840","Traummelodien","1990","James Last Orchestra","b1db02c2-36c6-4985-8eb2-f8c2122f9498"
"1023","Distant Love","Traummelodien","1990","1990","DE","Album","1","4","CD","263000","Traummelodien","1990","James Last Orchestra","c69d2409-ec64-4ad0-808e-a594aab27919"
"1024","Mauritius River","Traummelodien","1990","1990","DE","Album","1","5","CD","173826","Traummelodien","1990","James Last Orchestra","b1db02c2-36c6-4985-8eb2-f8c2122f9498"
"1025","Mauritius River","Traummelodien","1990","1990","DE","Album","1","5","CD","174000","Traummelodien","1990","James Last Orchestra","c69d2409-ec64-4ad0-808e-a594aab27919"
"1026","Pretty Ballerina","Traummelodien","1990","1990","DE","Album","1","6","CD","212040","Traummelodien","1990","Richard Clayderman","b1db02c2-36c6-4985-8eb2-f8c2122f9498"
"1027","Pretty Ballerina","Traummelodien","1990","1990","DE","Album","1","6","CD","212000","Traummelodien","1990","Richard Clayderman","c69d2409-ec64-4ad0-808e-a594aab27919"
"1028","Siamois","Traummelodien","1990","1990","DE","Album","1","7","CD","218600","Traummelodien","1990","James Last Orchestra","b1db02c2-36c6-4985-8eb2-f8c2122f9498"
"1029","Siamois","Traummelodien","1990","1990","DE","Album","1","7","CD","219000","Traummelodien","1990","James Last Orchestra","c69d2409-ec64-4ad0-808e-a594aab27919"
"1030","Sunrise","Traummelodien","1990","1990","DE","Album","1","8","CD","277000","Traummelodien","1990","Richard Clayderman","c69d2409-ec64-4ad0-808e-a594aab27919"
"1031","Sunrise","Traummelodien","1990","1990","DE","Album","1","8","CD","276800","Traummelodien","1990","Richard Clayderman","b1db02c2-36c6-4985-8eb2-f8c2122f9498"
"1032","Duo Solo","Traummelodien","1990","1990","DE","Album","1","9","CD","203933","Traummelodien","1990","Richard Clayderman","b1db02c2-36c6-4985-8eb2-f8c2122f9498"
"1033","Duo Solo","Traummelodien","1990","1990","DE","Album","1","9","CD","204000","Traummelodien","1990","Richard Clayderman","c69d2409-ec64-4ad0-808e-a594aab27919"
"1034","L.A. Nights","Traummelodien","1990","1990","DE","Album","1","10","CD","261200","Traummelodien","1990","James Last Orchestra","b1db02c2-36c6-4985-8eb2-f8c2122f9498"
"1035","L.A. Nights","Traummelodien","1990","1990","DE","Album","1","10","CD","261000","Traummelodien","1990","James Last Orchestra","c69d2409-ec64-4ad0-808e-a594aab27919"
"1036","Le pont","Traummelodien","1990","1990","DE","Album","1","11","CD","211266","Traummelodien","1990","Richard Clayderman","b1db02c2-36c6-4985-8eb2-f8c2122f9498"
"1037","Le pont","Traummelodien","1990","1990","DE","Album","1","11","CD","211000","Traummelodien","1990","Richard Clayderman","c69d2409-ec64-4ad0-808e-a594aab27919"
"1038","Lazy Afternoon","Traummelodien","1990","1990","DE","Album","1","12","CD","259533","Traummelodien","1990","Richard Clayderman","b1db02c2-36c6-4985-8eb2-f8c2122f9498"
"1039","Lazy Afternoon","Traummelodien","1990","1990","DE","Album","1","12","CD","260000","Traummelodien","1990","Richard Clayderman","c69d2409-ec64-4ad0-808e-a594aab27919"
"1040","Il Y A Toujours Du Soleil Au-Dessus Des Nuages","Um Piano Acima Das Nuvens","1990","1990","","Album","1","1","CD","170026","Um Piano Acima Das Nuvens","1990","Richard Clayderman & James Last","27197360-2f29-48cb-bd55-f2d6f92ca5a5"
"1041","Le Bonheur D'Aimer","Um Piano Acima Das Nuvens","1990","1990","","Album","1","2","CD","252200","Um Piano Acima Das Nuvens","1990","Richard Clayderman & James Last","27197360-2f29-48cb-bd55-f2d6f92ca5a5"
"1042","Aliscia","Um Piano Acima Das Nuvens","1990","1990","","Album","1","3","CD","231440","Um Piano Acima Das Nuvens","1990","Richard Clayderman & James Last","27197360-2f29-48cb-bd55-f2d6f92ca5a5"
"1043","Les Roses De L'exil","Um Piano Acima Das Nuvens","1990","1990","","Album","1","4","CD","260160","Um Piano Acima Das Nuvens","1990","Richard Clayderman & James Last","27197360-2f29-48cb-bd55-f2d6f92ca5a5"
"1044","Quand Ma Mere Chantait","Um Piano Acima Das Nuvens","1990","1990","","Album","1","5","CD","170573","Um Piano Acima Das Nuvens","1990","Richard Clayderman & James Last","27197360-2f29-48cb-bd55-f2d6f92ca5a5"
"1045","Ballerina","Um Piano Acima Das Nuvens","1990","1990","","Album","1","6","CD","209333","Um Piano Acima Das Nuvens","1990","Richard Clayderman & James Last","27197360-2f29-48cb-bd55-f2d6f92ca5a5"
"1046","Le Pas Des Hommes Libres","Um Piano Acima Das Nuvens","1990","1990","","Album","1","7","CD","216466","Um Piano Acima Das Nuvens","1990","Richard Clayderman & James Last","27197360-2f29-48cb-bd55-f2d6f92ca5a5"
"1047","La Force De L'amour","Um Piano Acima Das Nuvens","1990","1990","","Album","1","8","CD","272493","Um Piano Acima Das Nuvens","1990","Richard Clayderman & James Last","27197360-2f29-48cb-bd55-f2d6f92ca5a5"
"1048","Les Mers Mortes","Um Piano Acima Das Nuvens","1990","1990","","Album","1","9","CD","201600","Um Piano Acima Das Nuvens","1990","Richard Clayderman & James Last","27197360-2f29-48cb-bd55-f2d6f92ca5a5"
"1049","Fleurs De Feu","Um Piano Acima Das Nuvens","1990","1990","","Album","1","10","CD","258173","Um Piano Acima Das Nuvens","1990","Richard Clayderman & James Last","27197360-2f29-48cb-bd55-f2d6f92ca5a5"
"1050","Coeurs D'or","Um Piano Acima Das Nuvens","1990","1990","","Album","1","11","CD","207493","Um Piano Acima Das Nuvens","1990","Richard Clayderman & James Last","27197360-2f29-48cb-bd55-f2d6f92ca5a5"
"1051","Les Oiseaux De La Mer Et Du Soleil","Um Piano Acima Das Nuvens","1990","1990","","Album","1","12","CD","259106","Um Piano Acima Das Nuvens","1990","Richard Clayderman & James Last","27197360-2f29-48cb-bd55-f2d6f92ca5a5"
"1052","(Everything I Do) I Do It for You","(Everything I Do) I Do It for You","1991","1991","US","Album","1","1","CD","247000","(Everything I Do) I Do It for You","1991","Richard Clayderman","e3f1a6de-ffab-4af8-b09f-5be0ce0c475f"
"1053","Sacrifice","(Everything I Do) I Do It for You","1991","1991","US","Album","1","2","CD","218000","(Everything I Do) I Do It for You","1991","Richard Clayderman","e3f1a6de-ffab-4af8-b09f-5be0ce0c475f"
"1054","Chancer","(Everything I Do) I Do It for You","1991","1991","US","Album","1","3","CD","254000","(Everything I Do) I Do It for You","1991","Richard Clayderman","e3f1a6de-ffab-4af8-b09f-5be0ce0c475f"
"1055","Indigo Bay","(Everything I Do) I Do It for You","1991","1991","US","Album","1","4","CD","239000","(Everything I Do) I Do It for You","1991","Richard Clayderman","e3f1a6de-ffab-4af8-b09f-5be0ce0c475f"
"1056","From a Distance","(Everything I Do) I Do It for You","1991","1991","US","Album","1","5","CD","225000","(Everything I Do) I Do It for You","1991","Richard Clayderman","e3f1a6de-ffab-4af8-b09f-5be0ce0c475f"
"1057","Candle in the Wind","(Everything I Do) I Do It for You","1991","1991","US","Album","1","6","CD","232000","(Everything I Do) I Do It for You","1991","Richard Clayderman","e3f1a6de-ffab-4af8-b09f-5be0ce0c475f"
"1058","Moonfire","(Everything I Do) I Do It for You","1991","1991","US","Album","1","7","CD","259000","(Everything I Do) I Do It for You","1991","Richard Clayderman","e3f1a6de-ffab-4af8-b09f-5be0ce0c475f"
"1059","Unchained Melody","(Everything I Do) I Do It for You","1991","1991","US","Album","1","8","CD","189000","(Everything I Do) I Do It for You","1991","Richard Clayderman","e3f1a6de-ffab-4af8-b09f-5be0ce0c475f"
"1060","Senza Una Donna (Without a Woman)","(Everything I Do) I Do It for You","1991","1991","US","Album","1","9","CD","254000","(Everything I Do) I Do It for You","1991","Richard Clayderman","e3f1a6de-ffab-4af8-b09f-5be0ce0c475f"
"1061","Wind Beneath My Wings","(Everything I Do) I Do It for You","1991","1991","US","Album","1","10","CD","203000","(Everything I Do) I Do It for You","1991","Richard Clayderman","e3f1a6de-ffab-4af8-b09f-5be0ce0c475f"
"1062","Promise Me","(Everything I Do) I Do It for You","1991","1991","US","Album","1","11","CD","196000","(Everything I Do) I Do It for You","1991","Richard Clayderman","e3f1a6de-ffab-4af8-b09f-5be0ce0c475f"
"1063","Any Dream Will Do","(Everything I Do) I Do It for You","1991","1991","US","Album","1","12","CD","210000","(Everything I Do) I Do It for You","1991","Richard Clayderman","e3f1a6de-ffab-4af8-b09f-5be0ce0c475f"
"1064","Super Dreaming Day","(Everything I Do) I Do It for You","1991","1991","US","Album","1","13","CD","202000","(Everything I Do) I Do It for You","1991","Richard Clayderman","e3f1a6de-ffab-4af8-b09f-5be0ce0c475f"
"1065","Another World","(Everything I Do) I Do It for You","1991","1991","US","Album","1","14","CD","254000","(Everything I Do) I Do It for You","1991","Richard Clayderman","e3f1a6de-ffab-4af8-b09f-5be0ce0c475f"
"1066","From a Distance","Serenaden","1991","1991","DE","Album","1","1","CD","240333","Serenaden","1991","James Last & Richard Clayderman","83343a7b-d490-4c28-8379-b502e338bcaf"
"1067","From a Distance","Serenaden","1991","1991","DE","Album","1","1","CD","240333","Serenaden","1991","James Last & Richard Clayderman","6b8c731f-9dfc-465a-a1a3-5f8ea62f06ca"
"1068","Sacrifice","Serenaden","1991","1991","DE","Album","1","2","CD","302333","Serenaden","1991","James Last & Richard Clayderman","6b8c731f-9dfc-465a-a1a3-5f8ea62f06ca"
"1069","Sacrifice","Serenaden","1991","1991","DE","Album","1","2","CD","302333","Serenaden","1991","James Last & Richard Clayderman","83343a7b-d490-4c28-8379-b502e338bcaf"
"1070","Moonfire","Serenaden","1991","1991","DE","Album","1","3","CD","250800","Serenaden","1991","James Last & Richard Clayderman","6b8c731f-9dfc-465a-a1a3-5f8ea62f06ca"
"1071","Moonfire","Serenaden","1991","1991","DE","Album","1","3","CD","250800","Serenaden","1991","James Last & Richard Clayderman","83343a7b-d490-4c28-8379-b502e338bcaf"
"1072","Lizzie","Serenaden","1991","1991","DE","Album","1","4","CD","213693","Serenaden","1991","James Last & Richard Clayderman","6b8c731f-9dfc-465a-a1a3-5f8ea62f06ca"
"1073","Lizzie","Serenaden","1991","1991","DE","Album","1","4","CD","213693","Serenaden","1991","James Last & Richard Clayderman","83343a7b-d490-4c28-8379-b502e338bcaf"
"1074","Careless Whisper","Serenaden","1991","1991","DE","Album","1","5","CD","256173","Serenaden","1991","James Last & Richard Clayderman","83343a7b-d490-4c28-8379-b502e338bcaf"
"1075","Careless Whisper","Serenaden","1991","1991","DE","Album","1","5","CD","256173","Serenaden","1991","James Last & Richard Clayderman","6b8c731f-9dfc-465a-a1a3-5f8ea62f06ca"
"1076","Maracaibo","Serenaden","1991","1991","DE","Album","1","6","CD","346826","Serenaden","1991","James Last & Richard Clayderman","6b8c731f-9dfc-465a-a1a3-5f8ea62f06ca"
"1077","Maracaibo","Serenaden","1991","1991","DE","Album","1","6","CD","346826","Serenaden","1991","James Last & Richard Clayderman","83343a7b-d490-4c28-8379-b502e338bcaf"
"1078","Super Dreaming Day","Serenaden","1991","1991","DE","Album","1","7","CD","205706","Serenaden","1991","James Last & Richard Clayderman","83343a7b-d490-4c28-8379-b502e338bcaf"
"1079","Super Dreaming Day","Serenaden","1991","1991","DE","Album","1","7","CD","205706","Serenaden","1991","James Last & Richard Clayderman","6b8c731f-9dfc-465a-a1a3-5f8ea62f06ca"
"1080","Wind Beneath My Wings","Serenaden","1991","1991","DE","Album","1","8","CD","252626","Serenaden","1991","James Last & Richard Clayderman","6b8c731f-9dfc-465a-a1a3-5f8ea62f06ca"
"1081","Wind Beneath My Wings","Serenaden","1991","1991","DE","Album","1","8","CD","252626","Serenaden","1991","James Last & Richard Clayderman","83343a7b-d490-4c28-8379-b502e338bcaf"
"1082","Indigo Bay","Serenaden","1991","1991","DE","Album","1","9","CD","243000","Serenaden","1991","James Last & Richard Clayderman","83343a7b-d490-4c28-8379-b502e338bcaf"
"1083","Indigo Bay","Serenaden","1991","1991","DE","Album","1","9","CD","243000","Serenaden","1991","James Last & Richard Clayderman","6b8c731f-9dfc-465a-a1a3-5f8ea62f06ca"
"1084","Reflections","Serenaden","1991","1991","DE","Album","1","10","CD","268840","Serenaden","1991","James Last & Richard Clayderman","6b8c731f-9dfc-465a-a1a3-5f8ea62f06ca"
"1085","Reflections","Serenaden","1991","1991","DE","Album","1","10","CD","268840","Serenaden","1991","James Last & Richard Clayderman","83343a7b-d490-4c28-8379-b502e338bcaf"
"1086","Chancer","Serenaden","1991","1991","DE","Album","1","11","CD","261333","Serenaden","1991","James Last & Richard Clayderman","83343a7b-d490-4c28-8379-b502e338bcaf"
"1087","Chancer","Serenaden","1991","1991","DE","Album","1","11","CD","261333","Serenaden","1991","James Last & Richard Clayderman","6b8c731f-9dfc-465a-a1a3-5f8ea62f06ca"
"1088","Wind From the East","Serenaden","1991","1991","DE","Album","1","12","CD","194493","Serenaden","1991","James Last & Richard Clayderman","83343a7b-d490-4c28-8379-b502e338bcaf"
"1089","Wind From the East","Serenaden","1991","1991","DE","Album","1","12","CD","194493","Serenaden","1991","James Last & Richard Clayderman","6b8c731f-9dfc-465a-a1a3-5f8ea62f06ca"
"1090","Candle in the Wind","Serenaden","1991","1991","DE","Album","1","13","CD","231333","Serenaden","1991","James Last & Richard Clayderman","83343a7b-d490-4c28-8379-b502e338bcaf"
"1091","Candle in the Wind","Serenaden","1991","1991","DE","Album","1","13","CD","231333","Serenaden","1991","James Last & Richard Clayderman","6b8c731f-9dfc-465a-a1a3-5f8ea62f06ca"
"1092","Summer Serenade","Serenaden","1991","1991","DE","Album","1","14","CD","248173","Serenaden","1991","James Last & Richard Clayderman","83343a7b-d490-4c28-8379-b502e338bcaf"
"1093","Summer Serenade","Serenaden","1991","1991","DE","Album","1","14","CD","248173","Serenaden","1991","James Last & Richard Clayderman","6b8c731f-9dfc-465a-a1a3-5f8ea62f06ca"
"1094","From a Distance","Together at Last","1991","1991","GB","Album","1","1","CD","237693","Together at Last","1991","Richard Clayderman & James Last","b58b1a5c-7de2-47ea-bd8d-ca2f87c60b18"
"1095","(Everything I Do) I Do It for You","Together at Last","1991","1991","GB","Album","1","2","CD","248800","Together at Last","1991","Richard Clayderman & James Last","b58b1a5c-7de2-47ea-bd8d-ca2f87c60b18"
"1096","Sacrifice","Together at Last","1991","1991","GB","Album","1","3","CD","300040","Together at Last","1991","Richard Clayderman & James Last","b58b1a5c-7de2-47ea-bd8d-ca2f87c60b18"
"1097","Moonfire","Together at Last","1991","1991","GB","Album","1","4","CD","247666","Together at Last","1991","Richard Clayderman & James Last","b58b1a5c-7de2-47ea-bd8d-ca2f87c60b18"
"1098","Careless Whisper","Together at Last","1991","1991","GB","Album","1","5","CD","253493","Together at Last","1991","Richard Clayderman & James Last","b58b1a5c-7de2-47ea-bd8d-ca2f87c60b18"
"1099","Pretty Ballerina","Together at Last","1991","1991","GB","Album","1","6","CD","209506","Together at Last","1991","Richard Clayderman & James Last","b58b1a5c-7de2-47ea-bd8d-ca2f87c60b18"
"1100","The Theme from ‘Chancer’","Together at Last","1991","1991","GB","Album","1","7","CD","258600","Together at Last","1991","Richard Clayderman & James Last","b58b1a5c-7de2-47ea-bd8d-ca2f87c60b18"
"1101","Wind Beneath My Wings","Together at Last","1991","1991","GB","Album","1","8","CD","249133","Together at Last","1991","Richard Clayderman & James Last","b58b1a5c-7de2-47ea-bd8d-ca2f87c60b18"
"1102","Any Dream Will Do","Together at Last","1991","1991","GB","Album","1","9","CD","225760","Together at Last","1991","Richard Clayderman & James Last","b58b1a5c-7de2-47ea-bd8d-ca2f87c60b18"
"1103","Unchained Melody","Together at Last","1991","1991","GB","Album","1","10","CD","186106","Together at Last","1991","Richard Clayderman & James Last","b58b1a5c-7de2-47ea-bd8d-ca2f87c60b18"
"1104","Indigo Bay","Together at Last","1991","1991","GB","Album","1","11","CD","240293","Together at Last","1991","Richard Clayderman & James Last","b58b1a5c-7de2-47ea-bd8d-ca2f87c60b18"
"1105","Promise Me","Together at Last","1991","1991","GB","Album","1","12","CD","227706","Together at Last","1991","Richard Clayderman & James Last","b58b1a5c-7de2-47ea-bd8d-ca2f87c60b18"
"1106","Reflections","Together at Last","1991","1991","GB","Album","1","13","CD","265866","Together at Last","1991","Richard Clayderman & James Last","b58b1a5c-7de2-47ea-bd8d-ca2f87c60b18"
"1107","Candle in the Wind","Together at Last","1991","1991","GB","Album","1","14","CD","226334","Together at Last","1991","Richard Clayderman & James Last","b58b1a5c-7de2-47ea-bd8d-ca2f87c60b18"
"1108","Tristesse","Träumereien","1991","1991-03-05","DE","Album","1","1","CD","153000","Träumereien","1991","Richard Clayderman","275ee5d5-4ba3-4d8a-8d93-fb12660ea516"
"1109","Dolannes Melodie","Träumereien","1991","1991-03-05","DE","Album","1","2","CD","203000","Träumereien","1991","Richard Clayderman","275ee5d5-4ba3-4d8a-8d93-fb12660ea516"
"1110","Yesterday","Träumereien","1991","1991-03-05","DE","Album","1","3","CD","142000","Träumereien","1991","Richard Clayderman","275ee5d5-4ba3-4d8a-8d93-fb12660ea516"
"1111","Liebestraum","Träumereien","1991","1991-03-05","DE","Album","1","4","CD","188000","Träumereien","1991","Richard Clayderman","275ee5d5-4ba3-4d8a-8d93-fb12660ea516"
"1112","Plaisir d'amore","Träumereien","1991","1991-03-05","DE","Album","1","5","CD","159000","Träumereien","1991","Richard Clayderman","275ee5d5-4ba3-4d8a-8d93-fb12660ea516"
"1113","Strangers in the night","Träumereien","1991","1991-03-05","DE","Album","1","6","CD","196000","Träumereien","1991","Richard Clayderman","275ee5d5-4ba3-4d8a-8d93-fb12660ea516"
"1114","Ballade pour Adeline","Träumereien","1991","1991-03-05","DE","Album","1","7","CD","153000","Träumereien","1991","Richard Clayderman","275ee5d5-4ba3-4d8a-8d93-fb12660ea516"
"1115","Für Elise","Träumereien","1991","1991-03-05","DE","Album","1","8","CD","144000","Träumereien","1991","Richard Clayderman","275ee5d5-4ba3-4d8a-8d93-fb12660ea516"
"1116","Ave Maria","Träumereien","1991","1991-03-05","DE","Album","1","9","CD","163000","Träumereien","1991","Richard Clayderman","275ee5d5-4ba3-4d8a-8d93-fb12660ea516"
"1117","Parlez-moi d'amour","Träumereien","1991","1991-03-05","DE","Album","1","10","CD","140000","Träumereien","1991","Richard Clayderman","275ee5d5-4ba3-4d8a-8d93-fb12660ea516"
"1118","Vaya con dios","Träumereien","1991","1991-03-05","DE","Album","1","11","CD","108000","Träumereien","1991","Richard Clayderman","275ee5d5-4ba3-4d8a-8d93-fb12660ea516"
"1119","Bridge over troubled water","Träumereien","1991","1991-03-05","DE","Album","1","12","CD","183000","Träumereien","1991","Richard Clayderman","275ee5d5-4ba3-4d8a-8d93-fb12660ea516"
"1120","Moon River","Träumereien","1991","1991-03-05","DE","Album","1","13","CD","189000","Träumereien","1991","Richard Clayderman","275ee5d5-4ba3-4d8a-8d93-fb12660ea516"
"1121","Mondscheinsonate","Träumereien","1991","1991-03-05","DE","Album","1","14","CD","190000","Träumereien","1991","Richard Clayderman","275ee5d5-4ba3-4d8a-8d93-fb12660ea516"
"1122","Love story","Träumereien","1991","1991-03-05","DE","Album","1","15","CD","157000","Träumereien","1991","Richard Clayderman","275ee5d5-4ba3-4d8a-8d93-fb12660ea516"
"1123","La mer","Träumereien","1991","1991-03-05","DE","Album","1","16","CD","191000","Träumereien","1991","Richard Clayderman","275ee5d5-4ba3-4d8a-8d93-fb12660ea516"
"1124","Einsames Herz","Träumereien","1991","1991-03-05","DE","Album","1","17","CD","166000","Träumereien","1991","Richard Clayderman","275ee5d5-4ba3-4d8a-8d93-fb12660ea516"
"1125","Liebeslied","Träumereien","1991","1991-03-05","DE","Album","1","18","CD","151000","Träumereien","1991","Richard Clayderman","275ee5d5-4ba3-4d8a-8d93-fb12660ea516"
"1126","Querida","América latina... Mom amour","1992","1992","ES","Album","1","1","CD","234240","América latina... Mom amour","1992","Richard Clayderman","fc6ee65d-6fc5-42ee-b69c-7fce0279a83f"
"1127","La incondicional","América latina... Mom amour","1992","1992","ES","Album","1","2","CD","215560","América latina... Mom amour","1992","Richard Clayderman","fc6ee65d-6fc5-42ee-b69c-7fce0279a83f"
"1128","Esta tarde vi llover","América latina... Mom amour","1992","1992","ES","Album","1","3","CD","243426","América latina... Mom amour","1992","Richard Clayderman","fc6ee65d-6fc5-42ee-b69c-7fce0279a83f"
"1129","Gracias a la vida","América latina... Mom amour","1992","1992","ES","Album","1","4","CD","257533","América latina... Mom amour","1992","Richard Clayderman","fc6ee65d-6fc5-42ee-b69c-7fce0279a83f"
"1130","El reloj","América latina... Mom amour","1992","1992","ES","Album","1","5","CD","203173","América latina... Mom amour","1992","Richard Clayderman","fc6ee65d-6fc5-42ee-b69c-7fce0279a83f"
"1131","Bésame mucho","América latina... Mom amour","1992","1992","ES","Album","1","6","CD","212760","América latina... Mom amour","1992","Richard Clayderman","fc6ee65d-6fc5-42ee-b69c-7fce0279a83f"
"1132","Volver, volver","América latina... Mom amour","1992","1992","ES","Album","1","7","CD","221266","América latina... Mom amour","1992","Richard Clayderman","fc6ee65d-6fc5-42ee-b69c-7fce0279a83f"
"1133","El rey","América latina... Mom amour","1992","1992","ES","Album","1","8","CD","231133","América latina... Mom amour","1992","Richard Clayderman","fc6ee65d-6fc5-42ee-b69c-7fce0279a83f"
"1134","Cuando vuelva a tu lado","América latina... Mom amour","1992","1992","ES","Album","1","9","CD","230333","América latina... Mom amour","1992","Richard Clayderman","fc6ee65d-6fc5-42ee-b69c-7fce0279a83f"
"1135","El día ue me quieras","América latina... Mom amour","1992","1992","ES","Album","1","10","CD","223373","América latina... Mom amour","1992","Richard Clayderman","fc6ee65d-6fc5-42ee-b69c-7fce0279a83f"
"1136","La nave del olvido","América latina... Mom amour","1992","1992","ES","Album","1","11","CD","252173","América latina... Mom amour","1992","Richard Clayderman","fc6ee65d-6fc5-42ee-b69c-7fce0279a83f"
"1137","La chica de ipanema","América latina... Mom amour","1992","1992","ES","Album","1","12","CD","181666","América latina... Mom amour","1992","Richard Clayderman","fc6ee65d-6fc5-42ee-b69c-7fce0279a83f"
"1138","(Everything I Do) I Do It for You","Amour and More","1992","1992","CA","Album","1","1","CD","246000","Amour and More","1992","Richard Clayderman","0aff512c-ad12-43cf-b84b-b51d38cdab9d"
"1139","From a Distance","Amour and More","1992","1992","CA","Album","1","2","CD","223000","Amour and More","1992","Richard Clayderman","0aff512c-ad12-43cf-b84b-b51d38cdab9d"
"1140","Unchained Melody","Amour and More","1992","1992","CA","Album","1","3","CD","186000","Amour and More","1992","Richard Clayderman","0aff512c-ad12-43cf-b84b-b51d38cdab9d"
"1141","Senza Una Donna (Without a Woman)","Amour and More","1992","1992","CA","Album","1","4","CD","253000","Amour and More","1992","Richard Clayderman","0aff512c-ad12-43cf-b84b-b51d38cdab9d"
"1142","Sacrifice","Amour and More","1992","1992","CA","Album","1","5","CD","217000","Amour and More","1992","Richard Clayderman","0aff512c-ad12-43cf-b84b-b51d38cdab9d"
"1143","Ballade Pour Adeline","Amour and More","1992","1992","CA","Album","1","6","CD","159000","Amour and More","1992","Richard Clayderman","0aff512c-ad12-43cf-b84b-b51d38cdab9d"
"1144","I Just Called to Say I Love You","Amour and More","1992","1992","CA","Album","1","7","CD","224000","Amour and More","1992","Richard Clayderman","0aff512c-ad12-43cf-b84b-b51d38cdab9d"
"1145","Chariots of Fire","Amour and More","1992","1992","CA","Album","1","8","CD","183000","Amour and More","1992","Richard Clayderman","0aff512c-ad12-43cf-b84b-b51d38cdab9d"
"1146","My Way","Amour and More","1992","1992","CA","Album","1","9","CD","231000","Amour and More","1992","Richard Clayderman","0aff512c-ad12-43cf-b84b-b51d38cdab9d"
"1147","Wind Beneath My Wings","Amour and More","1992","1992","CA","Album","1","10","CD","202000","Amour and More","1992","Richard Clayderman","0aff512c-ad12-43cf-b84b-b51d38cdab9d"
"1148","Candle in the Wind","Amour and More","1992","1992","CA","Album","1","11","CD","228000","Amour and More","1992","Richard Clayderman","0aff512c-ad12-43cf-b84b-b51d38cdab9d"
"1149","How Deep Is Your Love","Amour and More","1992","1992","CA","Album","1","12","CD","168000","Amour and More","1992","Richard Clayderman","0aff512c-ad12-43cf-b84b-b51d38cdab9d"
"1150","Feelings","Amour and More","1992","1992","CA","Album","1","13","CD","200000","Amour and More","1992","Richard Clayderman","0aff512c-ad12-43cf-b84b-b51d38cdab9d"
"1151","La Vie En Rose","Amour and More","1992","1992","CA","Album","1","14","CD","159000","Amour and More","1992","Richard Clayderman","0aff512c-ad12-43cf-b84b-b51d38cdab9d"
"1152","Up Where We Belong","Amour and More","1992","1992","CA","Album","1","15","CD","179000","Amour and More","1992","Richard Clayderman","0aff512c-ad12-43cf-b84b-b51d38cdab9d"
"1153","Sometimes When We Touch","Amour and More","1992","1992","CA","Album","1","16","CD","239000","Amour and More","1992","Richard Clayderman","0aff512c-ad12-43cf-b84b-b51d38cdab9d"
"1154","Love Is a Many Splendored Thing","Candlelight & Music: The Romantic Piano of Richard Claydermann","1992","1992","US","Album","1","1","CD","176826","Candlelight & Music: The Romantic Piano of Richard Claydermann","1992","Richard Clayderman","379b16be-3ac3-4750-8a9f-4f4afeab0811"
"1155","As Time Goes By","Candlelight & Music: The Romantic Piano of Richard Claydermann","1992","1992","US","Album","1","2","CD","140506","Candlelight & Music: The Romantic Piano of Richard Claydermann","1992","Richard Clayderman","379b16be-3ac3-4750-8a9f-4f4afeab0811"
"1156","Somewhere My Love","Candlelight & Music: The Romantic Piano of Richard Claydermann","1992","1992","US","Album","1","3","CD","155666","Candlelight & Music: The Romantic Piano of Richard Claydermann","1992","Richard Clayderman","379b16be-3ac3-4750-8a9f-4f4afeab0811"
"1157","Up Where We Belong","Candlelight & Music: The Romantic Piano of Richard Claydermann","1992","1992","US","Album","1","4","CD","179826","Candlelight & Music: The Romantic Piano of Richard Claydermann","1992","Richard Clayderman","379b16be-3ac3-4750-8a9f-4f4afeab0811"
"1158","Plaisir D' Amour","Candlelight & Music: The Romantic Piano of Richard Claydermann","1992","1992","US","Album","1","5","CD","162333","Candlelight & Music: The Romantic Piano of Richard Claydermann","1992","Richard Clayderman","379b16be-3ac3-4750-8a9f-4f4afeab0811"
"1159","Sometimes When We Touch","Candlelight & Music: The Romantic Piano of Richard Claydermann","1992","1992","US","Album","1","6","CD","242000","Candlelight & Music: The Romantic Piano of Richard Claydermann","1992","Richard Clayderman","379b16be-3ac3-4750-8a9f-4f4afeab0811"
"1160","The Way You Look Tonight","Candlelight & Music: The Romantic Piano of Richard Claydermann","1992","1992","US","Album","1","7","CD","140133","Candlelight & Music: The Romantic Piano of Richard Claydermann","1992","Richard Clayderman","379b16be-3ac3-4750-8a9f-4f4afeab0811"
"1161","When a Man Loves a Woman","Candlelight & Music: The Romantic Piano of Richard Claydermann","1992","1992","US","Album","1","8","CD","168866","Candlelight & Music: The Romantic Piano of Richard Claydermann","1992","Richard Clayderman","379b16be-3ac3-4750-8a9f-4f4afeab0811"
"1162","Love Theme From Romeo and Juliet","Candlelight & Music: The Romantic Piano of Richard Claydermann","1992","1992","US","Album","1","9","CD","142666","Candlelight & Music: The Romantic Piano of Richard Claydermann","1992","Richard Clayderman","379b16be-3ac3-4750-8a9f-4f4afeab0811"
"1163","Mandy","Candlelight & Music: The Romantic Piano of Richard Claydermann","1992","1992","US","Album","1","10","CD","143333","Candlelight & Music: The Romantic Piano of Richard Claydermann","1992","Richard Clayderman","379b16be-3ac3-4750-8a9f-4f4afeab0811"
"1164","Strangers in the Night","Candlelight & Music: The Romantic Piano of Richard Claydermann","1992","1992","US","Album","1","11","CD","198506","Candlelight & Music: The Romantic Piano of Richard Claydermann","1992","Richard Clayderman","379b16be-3ac3-4750-8a9f-4f4afeab0811"
"1165","Unchained Melody","Candlelight & Music: The Romantic Piano of Richard Claydermann","1992","1992","US","Album","1","12","CD","184334","Candlelight & Music: The Romantic Piano of Richard Claydermann","1992","Richard Clayderman","379b16be-3ac3-4750-8a9f-4f4afeab0811"
"1166","Michelle","Candlelight & Music: The Romantic Piano of Richard Claydermann","1992","1992","US","Album","2","1","CD","213493","Candlelight & Music: The Romantic Piano of Richard Claydermann","1992","Richard Clayderman","379b16be-3ac3-4750-8a9f-4f4afeab0811"
"1167","Feelings","Candlelight & Music: The Romantic Piano of Richard Claydermann","1992","1992","US","Album","2","2","CD","199840","Candlelight & Music: The Romantic Piano of Richard Claydermann","1992","Richard Clayderman","379b16be-3ac3-4750-8a9f-4f4afeab0811"
"1168","Night and Day","Candlelight & Music: The Romantic Piano of Richard Claydermann","1992","1992","US","Album","2","3","CD","169000","Candlelight & Music: The Romantic Piano of Richard Claydermann","1992","Richard Clayderman","379b16be-3ac3-4750-8a9f-4f4afeab0811"
"1169","Till","Candlelight & Music: The Romantic Piano of Richard Claydermann","1992","1992","US","Album","2","4","CD","134493","Candlelight & Music: The Romantic Piano of Richard Claydermann","1992","Richard Clayderman","379b16be-3ac3-4750-8a9f-4f4afeab0811"
"1170","I Just Called to Say I Love You","Candlelight & Music: The Romantic Piano of Richard Claydermann","1992","1992","US","Album","2","5","CD","225173","Candlelight & Music: The Romantic Piano of Richard Claydermann","1992","Richard Clayderman","379b16be-3ac3-4750-8a9f-4f4afeab0811"
"1171","All the Things You Are","Candlelight & Music: The Romantic Piano of Richard Claydermann","1992","1992","US","Album","2","6","CD","190160","Candlelight & Music: The Romantic Piano of Richard Claydermann","1992","Richard Clayderman","379b16be-3ac3-4750-8a9f-4f4afeab0811"
"1172","This Guy's in Love With You","Candlelight & Music: The Romantic Piano of Richard Claydermann","1992","1992","US","Album","2","7","CD","183666","Candlelight & Music: The Romantic Piano of Richard Claydermann","1992","Richard Clayderman","379b16be-3ac3-4750-8a9f-4f4afeab0811"
"1173","Theme From Love Story","Candlelight & Music: The Romantic Piano of Richard Claydermann","1992","1992","US","Album","2","8","CD","183333","Candlelight & Music: The Romantic Piano of Richard Claydermann","1992","Richard Clayderman","379b16be-3ac3-4750-8a9f-4f4afeab0811"
"1174","Wonderland by Night","Candlelight & Music: The Romantic Piano of Richard Claydermann","1992","1992","US","Album","2","9","CD","208840","Candlelight & Music: The Romantic Piano of Richard Claydermann","1992","Richard Clayderman","379b16be-3ac3-4750-8a9f-4f4afeab0811"
"1175","Love Me Tender","Candlelight & Music: The Romantic Piano of Richard Claydermann","1992","1992","US","Album","2","10","CD","141800","Candlelight & Music: The Romantic Piano of Richard Claydermann","1992","Richard Clayderman","379b16be-3ac3-4750-8a9f-4f4afeab0811"
"1176","Only You","Candlelight & Music: The Romantic Piano of Richard Claydermann","1992","1992","US","Album","2","11","CD","190200","Candlelight & Music: The Romantic Piano of Richard Claydermann","1992","Richard Clayderman","379b16be-3ac3-4750-8a9f-4f4afeab0811"
"1177","I've Grown Accustomed to Her Face","Candlelight & Music: The Romantic Piano of Richard Claydermann","1992","1992","US","Album","2","12","CD","204000","Candlelight & Music: The Romantic Piano of Richard Claydermann","1992","Richard Clayderman","379b16be-3ac3-4750-8a9f-4f4afeab0811"
"1178","Just the Way You Are","Candlelight & Music: The Romantic Piano of Richard Claydermann","1992","1992","US","Album","3","1","CD","215333","Candlelight & Music: The Romantic Piano of Richard Claydermann","1992","Richard Clayderman","379b16be-3ac3-4750-8a9f-4f4afeab0811"
"1179","Embraceable You","Candlelight & Music: The Romantic Piano of Richard Claydermann","1992","1992","US","Album","3","2","CD","154493","Candlelight & Music: The Romantic Piano of Richard Claydermann","1992","Richard Clayderman","379b16be-3ac3-4750-8a9f-4f4afeab0811"
"1180","And I Love You So","Candlelight & Music: The Romantic Piano of Richard Claydermann","1992","1992","US","Album","3","3","CD","152506","Candlelight & Music: The Romantic Piano of Richard Claydermann","1992","Richard Clayderman","379b16be-3ac3-4750-8a9f-4f4afeab0811"
"1181","Long Ago (And Far Away)","Candlelight & Music: The Romantic Piano of Richard Claydermann","1992","1992","US","Album","3","4","CD","198493","Candlelight & Music: The Romantic Piano of Richard Claydermann","1992","Richard Clayderman","379b16be-3ac3-4750-8a9f-4f4afeab0811"
"1182","You Don't Have to Say You Love Me","Candlelight & Music: The Romantic Piano of Richard Claydermann","1992","1992","US","Album","3","5","CD","188173","Candlelight & Music: The Romantic Piano of Richard Claydermann","1992","Richard Clayderman","379b16be-3ac3-4750-8a9f-4f4afeab0811"
"1183","If I Loved You","Candlelight & Music: The Romantic Piano of Richard Claydermann","1992","1992","US","Album","3","6","CD","150160","Candlelight & Music: The Romantic Piano of Richard Claydermann","1992","Richard Clayderman","379b16be-3ac3-4750-8a9f-4f4afeab0811"
"1184","A Man and a Woman","Candlelight & Music: The Romantic Piano of Richard Claydermann","1992","1992","US","Album","3","7","CD","179840","Candlelight & Music: The Romantic Piano of Richard Claydermann","1992","Richard Clayderman","379b16be-3ac3-4750-8a9f-4f4afeab0811"
"1185","Stranger on the Shore","Candlelight & Music: The Romantic Piano of Richard Claydermann","1992","1992","US","Album","3","8","CD","152000","Candlelight & Music: The Romantic Piano of Richard Claydermann","1992","Richard Clayderman","379b16be-3ac3-4750-8a9f-4f4afeab0811"
"1186","The Shadow of Your Smile","Candlelight & Music: The Romantic Piano of Richard Claydermann","1992","1992","US","Album","3","9","CD","185160","Candlelight & Music: The Romantic Piano of Richard Claydermann","1992","Richard Clayderman","379b16be-3ac3-4750-8a9f-4f4afeab0811"
"1187","On the Street Where You Live","Candlelight & Music: The Romantic Piano of Richard Claydermann","1992","1992","US","Album","3","10","CD","160173","Candlelight & Music: The Romantic Piano of Richard Claydermann","1992","Richard Clayderman","379b16be-3ac3-4750-8a9f-4f4afeab0811"
"1188","Perhaps Love","Candlelight & Music: The Romantic Piano of Richard Claydermann","1992","1992","US","Album","3","11","CD","164000","Candlelight & Music: The Romantic Piano of Richard Claydermann","1992","Richard Clayderman","379b16be-3ac3-4750-8a9f-4f4afeab0811"
"1189","Stranger in Paradise","Candlelight & Music: The Romantic Piano of Richard Claydermann","1992","1992","US","Album","3","12","CD","155667","Candlelight & Music: The Romantic Piano of Richard Claydermann","1992","Richard Clayderman","379b16be-3ac3-4750-8a9f-4f4afeab0811"
"1190","Desperado","Desperado","1992","1992","IT","Album","1","1","CD","251706","Desperado","1992","Richard Clayderman","ce3caf37-8df1-4055-8442-26603a68056d"
"1191","Desperado","Desperado","1992","1992","DE","Album","1","1","CD","250000","Desperado","1992","Richard Clayderman","f09b0b33-203a-4ec0-80c0-b82eb2dcd026"
"1192","Desperado","Desperado","1992","1992","FR","Album","1","1","CD","242000","Desperado","1992","Richard Clayderman","37fe9df5-2e5e-4d8c-b419-c74413e54ca5"
"1193","Indigo","Desperado","1992","1992","FR","Album","1","2","CD","237000","Desperado","1992","Richard Clayderman","37fe9df5-2e5e-4d8c-b419-c74413e54ca5"
"1194","Indigo","Desperado","1992","1992","DE","Album","1","2","CD","237000","Desperado","1992","Richard Clayderman","f09b0b33-203a-4ec0-80c0-b82eb2dcd026"
"1195","Un hotel au bout du monde","Desperado","1992","1992","IT","Album","1","2","CD","264066","Desperado","1992","Richard Clayderman","ce3caf37-8df1-4055-8442-26603a68056d"
"1196","Music for nothing","Desperado","1992","1992","IT","Album","1","3","CD","246493","Desperado","1992","Richard Clayderman","ce3caf37-8df1-4055-8442-26603a68056d"
"1197","Un Hotel au Bout du Monde","Desperado","1992","1992","DE","Album","1","3","CD","262000","Desperado","1992","Richard Clayderman","f09b0b33-203a-4ec0-80c0-b82eb2dcd026"
"1198","Un Hotel Au Bout Du Monde","Desperado","1992","1992","FR","Album","1","3","CD","262000","Desperado","1992","Richard Clayderman","37fe9df5-2e5e-4d8c-b419-c74413e54ca5"
"1199","Prince of the rising sun","Desperado","1992","1992","IT","Album","1","4","CD","245306","Desperado","1992","Richard Clayderman","ce3caf37-8df1-4055-8442-26603a68056d"
"1200","Super Dreaming Day","Desperado","1992","1992","FR","Album","1","4","CD","255000","Desperado","1992","Richard Clayderman","37fe9df5-2e5e-4d8c-b419-c74413e54ca5"
"1201","Super Dreaming Day","Desperado","1992","1992","DE","Album","1","4","CD","255000","Desperado","1992","Richard Clayderman","f09b0b33-203a-4ec0-80c0-b82eb2dcd026"
"1202","Flamingo Road","Desperado","1992","1992","IT","Album","1","5","CD","194093","Desperado","1992","Richard Clayderman","ce3caf37-8df1-4055-8442-26603a68056d"
"1203","Flamingo Road","Desperado","1992","1992","FR","Album","1","5","CD","260000","Desperado","1992","Richard Clayderman","37fe9df5-2e5e-4d8c-b419-c74413e54ca5"
"1204","Flamingo Road","Desperado","1992","1992","DE","Album","1","5","CD","260000","Desperado","1992","Richard Clayderman","f09b0b33-203a-4ec0-80c0-b82eb2dcd026"
"1205","Desperado (Piano Version)","Desperado","1992","1992","IT","Album","1","6","CD","292266","Desperado","1992","Richard Clayderman","ce3caf37-8df1-4055-8442-26603a68056d"
"1206","Music For Nothing","Desperado","1992","1992","DE","Album","1","6","CD","245000","Desperado","1992","Richard Clayderman","f09b0b33-203a-4ec0-80c0-b82eb2dcd026"
"1207","Today's Colour","Desperado","1992","1992","FR","Album","1","6","CD","200000","Desperado","1992","Richard Clayderman","37fe9df5-2e5e-4d8c-b419-c74413e54ca5"
"1208","Music For Nothing","Desperado","1992","1992","FR","Album","1","7","CD","245000","Desperado","1992","Richard Clayderman","37fe9df5-2e5e-4d8c-b419-c74413e54ca5"
"1209","Prince of the Rising Sun","Desperado","1992","1992","DE","Album","1","7","CD","243000","Desperado","1992","Richard Clayderman","f09b0b33-203a-4ec0-80c0-b82eb2dcd026"
"1210","Whimsical seabird","Desperado","1992","1992","IT","Album","1","7","CD","185000","Desperado","1992","Richard Clayderman","ce3caf37-8df1-4055-8442-26603a68056d"
"1211","Prince Of The Rising Sun","Desperado","1992","1992","FR","Album","1","8","CD","243000","Desperado","1992","Richard Clayderman","37fe9df5-2e5e-4d8c-b419-c74413e54ca5"
"1212","The ultimate","Desperado","1992","1992","IT","Album","1","8","CD","192240","Desperado","1992","Richard Clayderman","ce3caf37-8df1-4055-8442-26603a68056d"
"1213","The Ultimate","Desperado","1992","1992","DE","Album","1","8","CD","193000","Desperado","1992","Richard Clayderman","f09b0b33-203a-4ec0-80c0-b82eb2dcd026"
"1214","Legend of Gorky","Desperado","1992","1992","DE","Album","1","9","CD","192000","Desperado","1992","Richard Clayderman","f09b0b33-203a-4ec0-80c0-b82eb2dcd026"
"1215","Magic Night","Desperado","1992","1992","FR","Album","1","9","CD","258000","Desperado","1992","Richard Clayderman","37fe9df5-2e5e-4d8c-b419-c74413e54ca5"
"1216","The Ultimate","Desperado","1992","1992","FR","Album","1","10","CD","193000","Desperado","1992","Richard Clayderman","37fe9df5-2e5e-4d8c-b419-c74413e54ca5"
"1217","Whimsical Seabird","Desperado","1992","1992","DE","Album","1","10","CD","182000","Desperado","1992","Richard Clayderman","f09b0b33-203a-4ec0-80c0-b82eb2dcd026"
"1218","Ballade pour Adeline","Ein Musikalisches Portrait","1992","1992","DE","Album","1","1","CD","160066","Ein Musikalisches Portrait","1992","Richard Clayderman","276a3f5b-ec5e-4aa9-bba4-c2eeec711e3d"
"1219","Mondschein-Sonate Sonate für Klavier Nr. 14 cis-Moll op. 27,2","Ein Musikalisches Portrait","1992","1992","DE","Album","1","2","CD","195133","Ein Musikalisches Portrait","1992","Richard Clayderman","276a3f5b-ec5e-4aa9-bba4-c2eeec711e3d"
"1220","Liebestraum Nr. 3 As-Dur op. 62","Ein Musikalisches Portrait","1992","1992","DE","Album","1","3","CD","192600","Ein Musikalisches Portrait","1992","Richard Clayderman","276a3f5b-ec5e-4aa9-bba4-c2eeec711e3d"
"1221","Ave Maria","Ein Musikalisches Portrait","1992","1992","DE","Album","1","4","CD","165906","Ein Musikalisches Portrait","1992","Richard Clayderman","276a3f5b-ec5e-4aa9-bba4-c2eeec711e3d"
"1222","Albumblatt ""Für Elise""","Ein Musikalisches Portrait","1992","1992","DE","Album","1","5","CD","256093","Ein Musikalisches Portrait","1992","Richard Clayderman","276a3f5b-ec5e-4aa9-bba4-c2eeec711e3d"
"1223","Clair de lune aus ""Suite Bergamasque"" Nr. 3","Ein Musikalisches Portrait","1992","1992","DE","Album","1","6","CD","295000","Ein Musikalisches Portrait","1992","Richard Clayderman","276a3f5b-ec5e-4aa9-bba4-c2eeec711e3d"
"1224","La Pathetique (1. Satz)","Ein Musikalisches Portrait","1992","1992","DE","Album","1","7","CD","251506","Ein Musikalisches Portrait","1992","Richard Clayderman","276a3f5b-ec5e-4aa9-bba4-c2eeec711e3d"
"1225","Summertime aus ""Porgy And Bess""","Ein Musikalisches Portrait","1992","1992","DE","Album","1","8","CD","159466","Ein Musikalisches Portrait","1992","Richard Clayderman","276a3f5b-ec5e-4aa9-bba4-c2eeec711e3d"
"1226","Träumerei","Ein Musikalisches Portrait","1992","1992","DE","Album","1","9","CD","257026","Ein Musikalisches Portrait","1992","Richard Clayderman","276a3f5b-ec5e-4aa9-bba4-c2eeec711e3d"
"1227","Rhapsody in Blue","Ein Musikalisches Portrait","1992","1992","DE","Album","1","10","CD","304706","Ein Musikalisches Portrait","1992","Richard Clayderman","276a3f5b-ec5e-4aa9-bba4-c2eeec711e3d"
"1228","Elvira Mardigan","Ein Musikalisches Portrait","1992","1992","DE","Album","1","11","CD","203866","Ein Musikalisches Portrait","1992","Richard Clayderman","276a3f5b-ec5e-4aa9-bba4-c2eeec711e3d"
"1229","In mir klingt ein Lied","Ein Musikalisches Portrait","1992","1992","DE","Album","1","12","CD","154733","Ein Musikalisches Portrait","1992","Richard Clayderman","276a3f5b-ec5e-4aa9-bba4-c2eeec711e3d"
"1230","Konzert für Klavier und Orchester Nr. 1 b-Moll op. 23 (Thema)","Ein Musikalisches Portrait","1992","1992","DE","Album","1","13","CD","239093","Ein Musikalisches Portrait","1992","Richard Clayderman","276a3f5b-ec5e-4aa9-bba4-c2eeec711e3d"
"1231","Barcarole","Ein Musikalisches Portrait","1992","1992","DE","Album","1","14","CD","182373","Ein Musikalisches Portrait","1992","Richard Clayderman","276a3f5b-ec5e-4aa9-bba4-c2eeec711e3d"
"1232","Largo","Ein Musikalisches Portrait","1992","1992","DE","Album","1","15","CD","167600","Ein Musikalisches Portrait","1992","Richard Clayderman","276a3f5b-ec5e-4aa9-bba4-c2eeec711e3d"
"1233","Ave Maria, Jungfrau Mild","Ein Musikalisches Portrait","1992","1992","DE","Album","1","16","CD","165600","Ein Musikalisches Portrait","1992","Richard Clayderman","276a3f5b-ec5e-4aa9-bba4-c2eeec711e3d"
"1234","Ode ""An die Freude""","Ein Musikalisches Portrait","1992","1992","DE","Album","1","17","CD","191933","Ein Musikalisches Portrait","1992","Richard Clayderman","276a3f5b-ec5e-4aa9-bba4-c2eeec711e3d"
"1235","Cornish Rhapsody","Ein Musikalisches Portrait","1992","1992","DE","Album","1","18","CD","327893","Ein Musikalisches Portrait","1992","Richard Clayderman","276a3f5b-ec5e-4aa9-bba4-c2eeec711e3d"
"1236","Der Schwan","Ein Musikalisches Portrait","1992","1992","DE","Album","1","19","CD","186906","Ein Musikalisches Portrait","1992","Richard Clayderman","276a3f5b-ec5e-4aa9-bba4-c2eeec711e3d"
"1237","Abschiedswalzer","Ein Musikalisches Portrait","1992","1992","DE","Album","1","20","CD","187360","Ein Musikalisches Portrait","1992","Richard Clayderman","276a3f5b-ec5e-4aa9-bba4-c2eeec711e3d"
"1238","Ballade Pour Adeline","Piano & Romance","1992","1992","","Album","1","1","CD","158171","Piano & Romance","1992","Richard Clayderman","2c8fad6f-790b-4457-ae53-78bc2335efd4"
"1239","As Time Goes By","Piano & Romance","1992","1992","","Album","1","2","CD","138893","Piano & Romance","1992","Richard Clayderman","2c8fad6f-790b-4457-ae53-78bc2335efd4"
"1240","Smoke Gets in Your Eyes","Piano & Romance","1992","1992","","Album","1","3","CD","155245","Piano & Romance","1992","Richard Clayderman","2c8fad6f-790b-4457-ae53-78bc2335efd4"
"1241","Yesterday","Piano & Romance","1992","1992","","Album","1","4","CD","140564","Piano & Romance","1992","Richard Clayderman","2c8fad6f-790b-4457-ae53-78bc2335efd4"
"1242","Autumn Leaves","Piano & Romance","1992","1992","","Album","1","5","CD","165668","Piano & Romance","1992","Richard Clayderman","2c8fad6f-790b-4457-ae53-78bc2335efd4"
"1243","Strangers in the Night","Piano & Romance","1992","1992","","Album","1","6","CD","194742","Piano & Romance","1992","Richard Clayderman","2c8fad6f-790b-4457-ae53-78bc2335efd4"
"1244","All the Things You Are","Piano & Romance","1992","1992","","Album","1","7","CD","188943","Piano & Romance","1992","Richard Clayderman","2c8fad6f-790b-4457-ae53-78bc2335efd4"
"1245","Memory","Piano & Romance","1992","1992","","Album","1","8","CD","183693","Piano & Romance","1992","Richard Clayderman","2c8fad6f-790b-4457-ae53-78bc2335efd4"
"1246","The Way We Were","Piano & Romance","1992","1992","","Album","1","9","CD","163552","Piano & Romance","1992","Richard Clayderman","2c8fad6f-790b-4457-ae53-78bc2335efd4"
"1247","Greensleeves","Piano & Romance","1992","1992","","Album","1","10","CD","187428","Piano & Romance","1992","Richard Clayderman","2c8fad6f-790b-4457-ae53-78bc2335efd4"
"1248","Till","Piano & Romance","1992","1992","","Album","1","11","CD","132728","Piano & Romance","1992","Richard Clayderman","2c8fad6f-790b-4457-ae53-78bc2335efd4"
"1249","Long Ago and Far Away","Piano & Romance","1992","1992","","Album","1","12","CD","196675","Piano & Romance","1992","Richard Clayderman","2c8fad6f-790b-4457-ae53-78bc2335efd4"
"1250","Plaisir D'Amour","Piano & Romance","1992","1992","","Album","1","13","CD","159608","Piano & Romance","1992","Richard Clayderman","2c8fad6f-790b-4457-ae53-78bc2335efd4"
"1251","You'll Never Walk Alone","Piano & Romance","1992","1992","","Album","1","14","CD","175020","Piano & Romance","1992","Richard Clayderman","2c8fad6f-790b-4457-ae53-78bc2335efd4"
"1252","Chariots Of Fire","Remembering the Movies","1992","1992","US","Album","1","1","CD","179800","Remembering the Movies","1992","Richard Clayderman","1a0f86f1-692b-4923-a833-b69f86f7081f"
"1253","(Where Do I Begin) Love Story","Remembering the Movies","1992","1992","US","Album","1","2","CD","181640","Remembering the Movies","1992","Richard Clayderman","1a0f86f1-692b-4923-a833-b69f86f7081f"
"1254","Up Where We Belong","Remembering the Movies","1992","1992","US","Album","1","3","CD","178093","Remembering the Movies","1992","Richard Clayderman","1a0f86f1-692b-4923-a833-b69f86f7081f"
"1255","How Deep Is Your Love","Remembering the Movies","1992","1992","US","Album","1","4","CD","169133","Remembering the Movies","1992","Richard Clayderman","1a0f86f1-692b-4923-a833-b69f86f7081f"
"1256","Medley: Maria (Tonight/America)","Remembering the Movies","1992","1992","US","Album","1","5","CD","393573","Remembering the Movies","1992","Richard Clayderman","1a0f86f1-692b-4923-a833-b69f86f7081f"
"1257","Flashdance... What A Feeling","Remembering the Movies","1992","1992","US","Album","1","6","CD","157960","Remembering the Movies","1992","Richard Clayderman","1a0f86f1-692b-4923-a833-b69f86f7081f"
"1258","The Way We Were","Remembering the Movies","1992","1992","US","Album","1","7","CD","166600","Remembering the Movies","1992","Richard Clayderman","1a0f86f1-692b-4923-a833-b69f86f7081f"
"1259","Exodus","Remembering the Movies","1992","1992","US","Album","1","8","CD","178373","Remembering the Movies","1992","Richard Clayderman","1a0f86f1-692b-4923-a833-b69f86f7081f"
"1260","Take My Breath Away","Remembering the Movies","1992","1992","US","Album","1","9","CD","144733","Remembering the Movies","1992","Richard Clayderman","1a0f86f1-692b-4923-a833-b69f86f7081f"
"1261","Moon River","Remembering the Movies","1992","1992","US","Album","1","10","CD","194160","Remembering the Movies","1992","Richard Clayderman","1a0f86f1-692b-4923-a833-b69f86f7081f"
"1262","People","Remembering the Movies","1992","1992","US","Album","1","11","CD","217106","Remembering the Movies","1992","Richard Clayderman","1a0f86f1-692b-4923-a833-b69f86f7081f"
"1263","Lara's Theme","Remembering the Movies","1992","1992","US","Album","1","12","CD","152133","Remembering the Movies","1992","Richard Clayderman","1a0f86f1-692b-4923-a833-b69f86f7081f"
"1264","Feelings","Romantic Piano and Orchestra","1992","1992","US","Album","1","1","CD","200106","Romantic Piano and Orchestra","1992","Richard Clayderman","1608affd-5c70-45be-b09b-3bd8c991198f"
"1265","Somewhere My Love (Lara's Theme from Doctor Zhivago)","Romantic Piano and Orchestra","1992","1992","US","Album","1","2","CD","155933","Romantic Piano and Orchestra","1992","Richard Clayderman","1608affd-5c70-45be-b09b-3bd8c991198f"
"1266","I've Grown Accustomed to Her Face","Romantic Piano and Orchestra","1992","1992","US","Album","1","3","CD","207226","Romantic Piano and Orchestra","1992","Richard Clayderman","1608affd-5c70-45be-b09b-3bd8c991198f"
"1267","And I Love You So","Romantic Piano and Orchestra","1992","1992","US","Album","1","4","CD","153106","Romantic Piano and Orchestra","1992","Richard Clayderman","1608affd-5c70-45be-b09b-3bd8c991198f"
"1268","Woman in Love","Romantic Piano and Orchestra","1992","1992","US","Album","1","5","CD","150226","Romantic Piano and Orchestra","1992","Richard Clayderman","1608affd-5c70-45be-b09b-3bd8c991198f"
"1269","When a Man Loves a Woman","Romantic Piano and Orchestra","1992","1992","US","Album","1","6","CD","169373","Romantic Piano and Orchestra","1992","Richard Clayderman","1608affd-5c70-45be-b09b-3bd8c991198f"
"1270","Love Me Tender","Romantic Piano and Orchestra","1992","1992","US","Album","1","7","CD","142200","Romantic Piano and Orchestra","1992","Richard Clayderman","1608affd-5c70-45be-b09b-3bd8c991198f"
"1271","A Man and a Woman","Romantic Piano and Orchestra","1992","1992","US","Album","1","8","CD","180000","Romantic Piano and Orchestra","1992","Richard Clayderman","1608affd-5c70-45be-b09b-3bd8c991198f"
"1272","How Deep Is Your Love","Romantic Piano and Orchestra","1992","1992","US","Album","1","9","CD","173400","Romantic Piano and Orchestra","1992","Richard Clayderman","1608affd-5c70-45be-b09b-3bd8c991198f"
"1273","Theme from Love Story","Romantic Piano and Orchestra","1992","1992","US","Album","1","10","CD","183666","Romantic Piano and Orchestra","1992","Richard Clayderman","1608affd-5c70-45be-b09b-3bd8c991198f"
"1274","Begin the Beguine","Romantic Piano and Orchestra","1992","1992","US","Album","1","11","CD","206866","Romantic Piano and Orchestra","1992","Richard Clayderman","1608affd-5c70-45be-b09b-3bd8c991198f"
"1275","If I Loved You","Romantic Piano and Orchestra","1992","1992","US","Album","1","12","CD","150360","Romantic Piano and Orchestra","1992","Richard Clayderman","1608affd-5c70-45be-b09b-3bd8c991198f"
"1276","Night and Day","Romantic Piano and Orchestra","1992","1992","US","Album","1","13","CD","169306","Romantic Piano and Orchestra","1992","Richard Clayderman","1608affd-5c70-45be-b09b-3bd8c991198f"
"1277","Don't Cry for Me, Argentina","Romantic Piano and Orchestra","1992","1992","US","Album","1","14","CD","194826","Romantic Piano and Orchestra","1992","Richard Clayderman","1608affd-5c70-45be-b09b-3bd8c991198f"
"1278","On the Street Where You Live","Romantic Piano and Orchestra","1992","1992","US","Album","1","15","CD","160373","Romantic Piano and Orchestra","1992","Richard Clayderman","1608affd-5c70-45be-b09b-3bd8c991198f"
"1279","People","Romantic Piano and Orchestra","1992","1992","US","Album","1","16","CD","219560","Romantic Piano and Orchestra","1992","Richard Clayderman","1608affd-5c70-45be-b09b-3bd8c991198f"
"1280","Stranger in Paradise","Romantic Piano and Orchestra","1992","1992","US","Album","1","17","CD","159200","Romantic Piano and Orchestra","1992","Richard Clayderman","1608affd-5c70-45be-b09b-3bd8c991198f"
"1281","I Kno Him So Well","Romantic Piano and Orchestra","1992","1992","US","Album","1","18","CD","245573","Romantic Piano and Orchestra","1992","Richard Clayderman","1608affd-5c70-45be-b09b-3bd8c991198f"
"1282","You'll Never Walk Alone","Romantic Piano and Orchestra","1992","1992","US","Album","1","19","CD","177066","Romantic Piano and Orchestra","1992","Richard Clayderman","1608affd-5c70-45be-b09b-3bd8c991198f"
"1283","Moon River","Romantic Piano and Orchestra","1992","1992","US","Album","2","1","CD","192000","Romantic Piano and Orchestra","1992","Richard Clayderman","1608affd-5c70-45be-b09b-3bd8c991198f"
"1284","The Way You Look Tonight","Romantic Piano and Orchestra","1992","1992","US","Album","2","2","CD","141000","Romantic Piano and Orchestra","1992","Richard Clayderman","1608affd-5c70-45be-b09b-3bd8c991198f"
"1285","""Moonlight"" Sonata","Romantic Piano and Orchestra","1992","1992","US","Album","2","3","CD","280000","Romantic Piano and Orchestra","1992","Richard Clayderman","1608affd-5c70-45be-b09b-3bd8c991198f"
"1286","Mandy","Romantic Piano and Orchestra","1992","1992","US","Album","2","4","CD","144000","Romantic Piano and Orchestra","1992","Richard Clayderman","1608affd-5c70-45be-b09b-3bd8c991198f"
"1287","Michelle","Romantic Piano and Orchestra","1992","1992","US","Album","2","5","CD","214000","Romantic Piano and Orchestra","1992","Richard Clayderman","1608affd-5c70-45be-b09b-3bd8c991198f"
"1288","Bewitched","Romantic Piano and Orchestra","1992","1992","US","Album","2","6","CD","218000","Romantic Piano and Orchestra","1992","Richard Clayderman","1608affd-5c70-45be-b09b-3bd8c991198f"
"1289","Dream of Owen","Romantic Piano and Orchestra","1992","1992","US","Album","2","7","CD","255000","Romantic Piano and Orchestra","1992","Richard Clayderman","1608affd-5c70-45be-b09b-3bd8c991198f"
"1290","I Dreamed a Dream","Romantic Piano and Orchestra","1992","1992","US","Album","2","8","CD","230000","Romantic Piano and Orchestra","1992","Richard Clayderman","1608affd-5c70-45be-b09b-3bd8c991198f"
"1291","Smoke Gets In Your Eyes","Romantic Piano and Orchestra","1992","1992","US","Album","2","9","CD","157000","Romantic Piano and Orchestra","1992","Richard Clayderman","1608affd-5c70-45be-b09b-3bd8c991198f"
"1292","As Time Goes By","Romantic Piano and Orchestra","1992","1992","US","Album","2","10","CD","141000","Romantic Piano and Orchestra","1992","Richard Clayderman","1608affd-5c70-45be-b09b-3bd8c991198f"
"1293","Till","Romantic Piano and Orchestra","1992","1992","US","Album","2","11","CD","135000","Romantic Piano and Orchestra","1992","Richard Clayderman","1608affd-5c70-45be-b09b-3bd8c991198f"
"1294","Yesterday","Romantic Piano and Orchestra","1992","1992","US","Album","2","12","CD","144000","Romantic Piano and Orchestra","1992","Richard Clayderman","1608affd-5c70-45be-b09b-3bd8c991198f"
"1295","Autumn Leaves","Romantic Piano and Orchestra","1992","1992","US","Album","2","13","CD","166000","Romantic Piano and Orchestra","1992","Richard Clayderman","1608affd-5c70-45be-b09b-3bd8c991198f"
"1296","All the Things You Are","Romantic Piano and Orchestra","1992","1992","US","Album","2","14","CD","190000","Romantic Piano and Orchestra","1992","Richard Clayderman","1608affd-5c70-45be-b09b-3bd8c991198f"
"1297","Strangers in the Night","Romantic Piano and Orchestra","1992","1992","US","Album","2","15","CD","199000","Romantic Piano and Orchestra","1992","Richard Clayderman","1608affd-5c70-45be-b09b-3bd8c991198f"
"1298","Memory","Romantic Piano and Orchestra","1992","1992","US","Album","2","16","CD","186000","Romantic Piano and Orchestra","1992","Richard Clayderman","1608affd-5c70-45be-b09b-3bd8c991198f"
"1299","Long Ago (and Far Away)","Romantic Piano and Orchestra","1992","1992","US","Album","2","17","CD","199000","Romantic Piano and Orchestra","1992","Richard Clayderman","1608affd-5c70-45be-b09b-3bd8c991198f"
"1300","Plaisir D'Amour","Romantic Piano and Orchestra","1992","1992","US","Album","2","18","CD","161000","Romantic Piano and Orchestra","1992","Richard Clayderman","1608affd-5c70-45be-b09b-3bd8c991198f"
"1301","La Mer","Romantic Piano and Orchestra","1992","1992","US","Album","3","1","CD","195000","Romantic Piano and Orchestra","1992","Richard Clayderman","1608affd-5c70-45be-b09b-3bd8c991198f"
"1302","Guantanamera","Romantic Piano and Orchestra","1992","1992","US","Album","3","2","CD","149000","Romantic Piano and Orchestra","1992","Richard Clayderman","1608affd-5c70-45be-b09b-3bd8c991198f"
"1303","Ballade Pour Adeline","Romantic Piano and Orchestra","1992","1992","US","Album","3","3","CD","160000","Romantic Piano and Orchestra","1992","Richard Clayderman","1608affd-5c70-45be-b09b-3bd8c991198f"
"1304","Embraceable You","Romantic Piano and Orchestra","1992","1992","US","Album","3","4","CD","155000","Romantic Piano and Orchestra","1992","Richard Clayderman","1608affd-5c70-45be-b09b-3bd8c991198f"
"1305","My Way","Romantic Piano and Orchestra","1992","1992","US","Album","3","5","CD","232000","Romantic Piano and Orchestra","1992","Richard Clayderman","1608affd-5c70-45be-b09b-3bd8c991198f"
"1306","If You Go Away","Romantic Piano and Orchestra","1992","1992","US","Album","3","6","CD","176000","Romantic Piano and Orchestra","1992","Richard Clayderman","1608affd-5c70-45be-b09b-3bd8c991198f"
"1307","La Vie en Rose","Romantic Piano and Orchestra","1992","1992","US","Album","3","7","CD","160000","Romantic Piano and Orchestra","1992","Richard Clayderman","1608affd-5c70-45be-b09b-3bd8c991198f"
"1308","Bridge Over Troubled Water","Romantic Piano and Orchestra","1992","1992","US","Album","3","8","CD","187000","Romantic Piano and Orchestra","1992","Richard Clayderman","1608affd-5c70-45be-b09b-3bd8c991198f"
"1309","All By Myself","Romantic Piano and Orchestra","1992","1992","US","Album","3","9","CD","192000","Romantic Piano and Orchestra","1992","Richard Clayderman","1608affd-5c70-45be-b09b-3bd8c991198f"
"1310","Song of Joy","Romantic Piano and Orchestra","1992","1992","US","Album","3","10","CD","191000","Romantic Piano and Orchestra","1992","Richard Clayderman","1608affd-5c70-45be-b09b-3bd8c991198f"
"1311","Theme from Mahogany (Do You Know Where You're Going To?)","Romantic Piano and Orchestra","1992","1992","US","Album","3","11","CD","213000","Romantic Piano and Orchestra","1992","Richard Clayderman","1608affd-5c70-45be-b09b-3bd8c991198f"
"1312","Theme from Exodus","Romantic Piano and Orchestra","1992","1992","US","Album","3","12","CD","180000","Romantic Piano and Orchestra","1992","Richard Clayderman","1608affd-5c70-45be-b09b-3bd8c991198f"
"1313","The Way We Were","Romantic Piano and Orchestra","1992","1992","US","Album","3","13","CD","168000","Romantic Piano and Orchestra","1992","Richard Clayderman","1608affd-5c70-45be-b09b-3bd8c991198f"
"1314","Theme from Chariots of Fire","Romantic Piano and Orchestra","1992","1992","US","Album","3","14","CD","182000","Romantic Piano and Orchestra","1992","Richard Clayderman","1608affd-5c70-45be-b09b-3bd8c991198f"
"1315","The Shadow of Your Smile (Love Theme from The Sandpiper)","Romantic Piano and Orchestra","1992","1992","US","Album","3","15","CD","185000","Romantic Piano and Orchestra","1992","Richard Clayderman","1608affd-5c70-45be-b09b-3bd8c991198f"
"1316","Cornish Rhapsody","Romantic Piano and Orchestra","1992","1992","US","Album","3","16","CD","327000","Romantic Piano and Orchestra","1992","Richard Clayderman","1608affd-5c70-45be-b09b-3bd8c991198f"
"1317","Love is a Many-Splendored Thing","Romantic Piano and Orchestra","1992","1992","US","Album","3","17","CD","177000","Romantic Piano and Orchestra","1992","Richard Clayderman","1608affd-5c70-45be-b09b-3bd8c991198f"
"1318","Love Theme from Elvira Madigan (Andante from Mozart's Piano Concerto No. 21 in C)","Romantic Piano and Orchestra","1992","1992","US","Album","3","18","CD","204000","Romantic Piano and Orchestra","1992","Richard Clayderman","1608affd-5c70-45be-b09b-3bd8c991198f"
"1319","Love Theme from Romeo and Juliet","Romantic Piano and Orchestra","1992","1992","US","Album","3","19","CD","141000","Romantic Piano and Orchestra","1992","Richard Clayderman","1608affd-5c70-45be-b09b-3bd8c991198f"
"1320","Romanze","Romanze","1992","1992","DE","Album","1","1","CD","190400","Romanze","1992","Richard Clayderman","3efe495e-ba6d-4b93-9152-82cb05548dba"
"1321","First Sorrow","Romanze","1992","1992","DE","Album","1","2","CD","200893","Romanze","1992","Richard Clayderman","3efe495e-ba6d-4b93-9152-82cb05548dba"
"1322","Desperado [with the Voice of Gay Marshall]","Romanze","1992","1992","DE","Album","1","3","CD","257933","Romanze","1992","Richard Clayderman","3efe495e-ba6d-4b93-9152-82cb05548dba"
"1323","Super Dreaming Day","Romanze","1992","1992","DE","Album","1","4","CD","256440","Romanze","1992","Richard Clayderman","3efe495e-ba6d-4b93-9152-82cb05548dba"
"1324","The Ultimate","Romanze","1992","1992","DE","Album","1","5","CD","193293","Romanze","1992","Richard Clayderman","3efe495e-ba6d-4b93-9152-82cb05548dba"
"1325","Wonderland by Night (Wunderland Bei Nacht)","Romanze","1992","1992","DE","Album","1","6","CD","207773","Romanze","1992","Richard Clayderman","3efe495e-ba6d-4b93-9152-82cb05548dba"
"1326","Canadian Sunset","Romanze","1992","1992","DE","Album","1","7","CD","168533","Romanze","1992","Richard Clayderman","3efe495e-ba6d-4b93-9152-82cb05548dba"
"1327","Only You","Romanze","1992","1992","DE","Album","1","8","CD","190600","Romanze","1992","Richard Clayderman","3efe495e-ba6d-4b93-9152-82cb05548dba"
"1328","My Way","Romanze","1992","1992","DE","Album","1","9","CD","231026","Romanze","1992","Richard Clayderman","3efe495e-ba6d-4b93-9152-82cb05548dba"
"1329","Un Hotel Au Bout Du Monde","Romanze","1992","1992","DE","Album","1","10","CD","263533","Romanze","1992","Richard Clayderman","3efe495e-ba6d-4b93-9152-82cb05548dba"
"1330","Flamingo Road","Romanze","1992","1992","DE","Album","1","11","CD","261733","Romanze","1992","Richard Clayderman","3efe495e-ba6d-4b93-9152-82cb05548dba"
"1331","Whimsical Seabird","Romanze","1992","1992","DE","Album","1","12","CD","183706","Romanze","1992","Richard Clayderman","3efe495e-ba6d-4b93-9152-82cb05548dba"
"1332","Blue Hawaii","Romanze","1992","1992","DE","Album","1","13","CD","159026","Romanze","1992","Richard Clayderman","3efe495e-ba6d-4b93-9152-82cb05548dba"
"1333","Barcarole","Romanze","1992","1992","DE","Album","1","14","CD","178466","Romanze","1992","Richard Clayderman","3efe495e-ba6d-4b93-9152-82cb05548dba"
"1334","Ballade Pour Adeline","The Very Best Of","1992","1992","GB","Album","1","1","","159200","The Very Best Of","1992","Richard Clayderman","e99f3744-7444-4474-ab5d-0aaa6467b4f3"
"1335","Yesterday","The Very Best Of","1992","1992","GB","Album","1","2","","145493","The Very Best Of","1992","Richard Clayderman","e99f3744-7444-4474-ab5d-0aaa6467b4f3"
"1336","Nikita","The Very Best Of","1992","1992","GB","Album","1","3","","225106","The Very Best Of","1992","Richard Clayderman","e99f3744-7444-4474-ab5d-0aaa6467b4f3"
"1337","Lady in Red / Take My Breath Away","The Very Best Of","1992","1992","GB","Album","1","4","","248800","The Very Best Of","1992","Richard Clayderman","e99f3744-7444-4474-ab5d-0aaa6467b4f3"
"1338","Theme From ""Love Story""","The Very Best Of","1992","1992","GB","Album","1","5","","180693","The Very Best Of","1992","Richard Clayderman","e99f3744-7444-4474-ab5d-0aaa6467b4f3"
"1339","West Side Story Medley: Maria / Tonight / America","The Very Best Of","1992","1992","GB","Album","1","6","","394640","The Very Best Of","1992","Richard Clayderman","e99f3744-7444-4474-ab5d-0aaa6467b4f3"
"1340","Do You Know","The Very Best Of","1992","1992","GB","Album","1","7","","212493","The Very Best Of","1992","Richard Clayderman","e99f3744-7444-4474-ab5d-0aaa6467b4f3"
"1341","Evergreen","The Very Best Of","1992","1992","GB","Album","1","8","","182506","The Very Best Of","1992","Richard Clayderman","e99f3744-7444-4474-ab5d-0aaa6467b4f3"
"1342","Tara's Theme","The Very Best Of","1992","1992","GB","Album","1","9","","207066","The Very Best Of","1992","Richard Clayderman","e99f3744-7444-4474-ab5d-0aaa6467b4f3"
"1343","Exodus","The Very Best Of","1992","1992","GB","Album","1","10","","177733","The Very Best Of","1992","Richard Clayderman","e99f3744-7444-4474-ab5d-0aaa6467b4f3"
"1344","Moonlight Sonata","The Very Best Of","1992","1992","GB","Album","1","11","","207760","The Very Best Of","1992","Richard Clayderman","e99f3744-7444-4474-ab5d-0aaa6467b4f3"
"1345","Piano Concerto No 1 in B Flat Minor","The Very Best Of","1992","1992","GB","Album","1","12","","238973","The Very Best Of","1992","Richard Clayderman","e99f3744-7444-4474-ab5d-0aaa6467b4f3"
"1346","Elvira Madigan","The Very Best Of","1992","1992","GB","Album","1","13","","202426","The Very Best Of","1992","Richard Clayderman","e99f3744-7444-4474-ab5d-0aaa6467b4f3"
"1347","Liebestraum","The Very Best Of","1992","1992","GB","Album","1","14","","171373","The Very Best Of","1992","Richard Clayderman","e99f3744-7444-4474-ab5d-0aaa6467b4f3"
"1348","Rhapsody in Blue","The Very Best Of","1992","1992","GB","Album","1","15","","303866","The Very Best Of","1992","Richard Clayderman","e99f3744-7444-4474-ab5d-0aaa6467b4f3"
"1349","Medley of Four Seasons","The Very Best Of","1992","1992","GB","Album","1","16","","214626","The Very Best Of","1992","Richard Clayderman","e99f3744-7444-4474-ab5d-0aaa6467b4f3"
"1350","Sentimental Medley","The Very Best Of","1992","1992","GB","Album","1","17","","190573","The Very Best Of","1992","Richard Clayderman","e99f3744-7444-4474-ab5d-0aaa6467b4f3"
"1351","The Phantom of the Opera","The Very Best Of","1992","1992","GB","Album","1","18","","287560","The Very Best Of","1992","Richard Clayderman","e99f3744-7444-4474-ab5d-0aaa6467b4f3"
"1352","Don't Cry for Me Argentina","The Very Best Of","1992","1992","GB","Album","1","19","","215306","The Very Best Of","1992","Richard Clayderman","e99f3744-7444-4474-ab5d-0aaa6467b4f3"
"1353","Memory","The Very Best Of","1992","1992","GB","Album","1","20","","186293","The Very Best Of","1992","Richard Clayderman","e99f3744-7444-4474-ab5d-0aaa6467b4f3"
"1354","Ballade pour Adeline","Vol. 2 - Ballade Pour Adeline","1992","1992","BR","Album","1","1","CD","158960","Ballade pour Adeline","1992","Richard Clayderman","e53b1465-34be-4b86-b35e-2d3618702aa1"
"1355","Couleur tendresse","Vol. 2 - Ballade Pour Adeline","1992","1992","BR","Album","1","2","CD","220973","Ballade pour Adeline","1992","Richard Clayderman","e53b1465-34be-4b86-b35e-2d3618702aa1"
"1356","Les larmes de joie","Vol. 2 - Ballade Pour Adeline","1992","1992","BR","Album","1","3","CD","143533","Ballade pour Adeline","1992","Richard Clayderman","e53b1465-34be-4b86-b35e-2d3618702aa1"
"1357","Pour avoir trop rêvé","Vol. 2 - Ballade Pour Adeline","1992","1992","BR","Album","1","4","CD","133093","Ballade pour Adeline","1992","Richard Clayderman","e53b1465-34be-4b86-b35e-2d3618702aa1"
"1358","Au-delà des souvenirs","Vol. 2 - Ballade Pour Adeline","1992","1992","BR","Album","1","5","CD","185800","Ballade pour Adeline","1992","Richard Clayderman","e53b1465-34be-4b86-b35e-2d3618702aa1"
"1359","Le premier chagrin d'Elsa","Vol. 2 - Ballade Pour Adeline","1992","1992","BR","Album","1","6","CD","222600","Ballade pour Adeline","1992","Richard Clayderman","e53b1465-34be-4b86-b35e-2d3618702aa1"
"1360","La tendresse","Vol. 2 - Ballade Pour Adeline","1992","1992","BR","Album","1","7","CD","158933","Ballade pour Adeline","1992","Richard Clayderman","e53b1465-34be-4b86-b35e-2d3618702aa1"
"1361","Ma solitude","Vol. 2 - Ballade Pour Adeline","1992","1992","BR","Album","1","8","CD","212466","Ballade pour Adeline","1992","Richard Clayderman","e53b1465-34be-4b86-b35e-2d3618702aa1"
"1362","Avec le cœur","Vol. 2 - Ballade Pour Adeline","1992","1992","BR","Album","1","9","CD","180706","Ballade pour Adeline","1992","Richard Clayderman","e53b1465-34be-4b86-b35e-2d3618702aa1"
"1363","L'illusion perdue","Vol. 2 - Ballade Pour Adeline","1992","1992","BR","Album","1","10","CD","147466","Ballade pour Adeline","1992","Richard Clayderman","e53b1465-34be-4b86-b35e-2d3618702aa1"
"1364","L'ombre d'un visage","Vol. 2 - Ballade Pour Adeline","1992","1992","BR","Album","1","11","CD","187426","Ballade pour Adeline","1992","Richard Clayderman","e53b1465-34be-4b86-b35e-2d3618702aa1"
"1365","Les rêves du matin","Vol. 2 - Ballade Pour Adeline","1992","1992","BR","Album","1","12","CD","208066","Ballade pour Adeline","1992","Richard Clayderman","e53b1465-34be-4b86-b35e-2d3618702aa1"
"1366","Concerto pour un jeune fille nommée ""Je t'aime""","Vol. 2 - Ballade Pour Adeline","1992","1992","BR","Album","1","13","CD","225400","Ballade pour Adeline","1992","Richard Clayderman","e53b1465-34be-4b86-b35e-2d3618702aa1"
"1367","Les chagrins oubliés","Vol. 2 - Ballade Pour Adeline","1992","1992","BR","Album","1","14","CD","165240","Ballade pour Adeline","1992","Richard Clayderman","e53b1465-34be-4b86-b35e-2d3618702aa1"
"1368","L'océan","Vol. 2 - Ballade Pour Adeline","1992","1992","BR","Album","1","15","CD","166800","Ballade pour Adeline","1992","Richard Clayderman","e53b1465-34be-4b86-b35e-2d3618702aa1"
"1369","Les derniers jours d'anastasia kemsky","Vol. 2 - Ballade Pour Adeline","1992","1992","BR","Album","1","16","CD","199733","Ballade pour Adeline","1992","Richard Clayderman","e53b1465-34be-4b86-b35e-2d3618702aa1"
"1370","Les fleurs sauvages","Vol. 2 - Ballade Pour Adeline","1992","1992","BR","Album","1","17","CD","176626","Ballade pour Adeline","1992","Richard Clayderman","e53b1465-34be-4b86-b35e-2d3618702aa1"
"1371","Le deuxième slow","Vol. 2 - Ballade Pour Adeline","1992","1992","BR","Album","1","18","CD","216200","Ballade pour Adeline","1992","Richard Clayderman","e53b1465-34be-4b86-b35e-2d3618702aa1"
"1372","Promenade dans les bois","Vol. 2 - Ballade Pour Adeline","1992","1992","BR","Album","1","19","CD","163040","Ballade pour Adeline","1992","Richard Clayderman","e53b1465-34be-4b86-b35e-2d3618702aa1"
"1373","Le cœur dans les étoiles","Vol. 2 - Ballade Pour Adeline","1992","1992","BR","Album","1","20","CD","185826","Ballade pour Adeline","1992","Richard Clayderman","e53b1465-34be-4b86-b35e-2d3618702aa1"
"1374","A comme amour","Vol. 2 - Ballade Pour Adeline","1992","1992","BR","Album","1","21","CD","198466","Ballade pour Adeline","1992","Richard Clayderman","e53b1465-34be-4b86-b35e-2d3618702aa1"
"1375","Souvenirs d'enfance","Vol. 3 - Lettre à Ma Mere","1992","1992","BR","Album","1","1","CD","169000","Lettre à Ma Mere","1979","Richard Clayderman","3892890e-dc73-46c1-8887-1dc18f03ecac"
"1376","Histoire d'un rêve","Vol. 3 - Lettre à Ma Mere","1992","1992","BR","Album","1","2","CD","174000","Lettre à Ma Mere","1979","Richard Clayderman","3892890e-dc73-46c1-8887-1dc18f03ecac"
"1377","Lettre à ma mère","Vol. 3 - Lettre à Ma Mere","1992","1992","BR","Album","1","3","CD","164000","Lettre à Ma Mere","1979","Richard Clayderman","3892890e-dc73-46c1-8887-1dc18f03ecac"
"1378","Nostalgy","Vol. 3 - Lettre à Ma Mere","1992","1992","BR","Album","1","4","CD","176000","Lettre à Ma Mere","1979","Richard Clayderman","3892890e-dc73-46c1-8887-1dc18f03ecac"
"1379","Les rêves du matin [piano seul]","Vol. 3 - Lettre à Ma Mere","1992","1992","BR","Album","1","5","CD","218000","Lettre à Ma Mere","1979","Richard Clayderman","3892890e-dc73-46c1-8887-1dc18f03ecac"
"1380","Mariage d'amour","Vol. 3 - Lettre à Ma Mere","1992","1992","BR","Album","1","6","CD","161000","Lettre à Ma Mere","1979","Richard Clayderman","3892890e-dc73-46c1-8887-1dc18f03ecac"
"1381","Souvenirs d'enfance [version piano et cordes]","Vol. 3 - Lettre à Ma Mere","1992","1992","BR","Album","1","7","CD","180000","Lettre à Ma Mere","1979","Richard Clayderman","3892890e-dc73-46c1-8887-1dc18f03ecac"
"1382","Le soleil et les fleurs","Vol. 3 - Lettre à Ma Mere","1992","1992","BR","Album","1","8","CD","126000","Lettre à Ma Mere","1979","Richard Clayderman","3892890e-dc73-46c1-8887-1dc18f03ecac"
"1383","Les élans du cœur","Vol. 3 - Lettre à Ma Mere","1992","1992","BR","Album","1","9","CD","165000","Lettre à Ma Mere","1979","Richard Clayderman","3892890e-dc73-46c1-8887-1dc18f03ecac"
"1384","Rondo pour un tout petit enfant","Vol. 3 - Lettre à Ma Mere","1992","1992","BR","Album","1","10","CD","92000","Lettre à Ma Mere","1979","Richard Clayderman","3892890e-dc73-46c1-8887-1dc18f03ecac"
"1385","Nostalgy [version piano et cordes]","Vol. 3 - Lettre à Ma Mere","1992","1992","BR","Album","1","11","CD","156000","Lettre à Ma Mere","1979","Richard Clayderman","3892890e-dc73-46c1-8887-1dc18f03ecac"
"1386","Lettre à ma mère [piano seul]","Vol. 3 - Lettre à Ma Mere","1992","1992","BR","Album","1","12","CD","178000","Lettre à Ma Mere","1979","Richard Clayderman","3892890e-dc73-46c1-8887-1dc18f03ecac"
"1387","Murmures","Vol. 3 - Lettre à Ma Mere","1992","1992","BR","Album","1","13","CD","150000","Lettre à Ma Mere","1979","Richard Clayderman","3892890e-dc73-46c1-8887-1dc18f03ecac"
"1388","Les premiers sourires de Vanessa","Vol. 3 - Lettre à Ma Mere","1992","1992","BR","Album","1","14","CD","137000","Lettre à Ma Mere","1979","Richard Clayderman","3892890e-dc73-46c1-8887-1dc18f03ecac"
"1389","L'espoir","Vol. 3 - Lettre à Ma Mere","1992","1992","BR","Album","1","15","CD","193000","Lettre à Ma Mere","1979","Richard Clayderman","3892890e-dc73-46c1-8887-1dc18f03ecac"
"1390","La fuite du temps","Vol. 3 - Lettre à Ma Mere","1992","1992","BR","Album","1","16","CD","186000","Lettre à Ma Mere","1979","Richard Clayderman","3892890e-dc73-46c1-8887-1dc18f03ecac"
"1391","Toujours se souvenir","Vol. 3 - Lettre à Ma Mere","1992","1992","BR","Album","1","17","CD","170000","Lettre à Ma Mere","1979","Richard Clayderman","3892890e-dc73-46c1-8887-1dc18f03ecac"
"1392","Triste cœur","Vol. 3 - Lettre à Ma Mere","1992","1992","BR","Album","1","18","CD","166000","Lettre à Ma Mere","1979","Richard Clayderman","3892890e-dc73-46c1-8887-1dc18f03ecac"
"1393","Les regrets","Vol. 3 - Lettre à Ma Mere","1992","1992","BR","Album","1","19","CD","193000","Lettre à Ma Mere","1979","Richard Clayderman","3892890e-dc73-46c1-8887-1dc18f03ecac"
"1394","Rondo pour un tout petit enfant [piano seul]","Vol. 3 - Lettre à Ma Mere","1992","1992","BR","Album","1","20","CD","92000","Lettre à Ma Mere","1979","Richard Clayderman","3892890e-dc73-46c1-8887-1dc18f03ecac"
"1395","Lady Di","Vol. 3 - Lettre à Ma Mere","1992","1992","BR","Album","1","21","CD","153000","Lettre à Ma Mere","1979","Richard Clayderman","3892890e-dc73-46c1-8887-1dc18f03ecac"
"1396","Cœur fragile","Vol. 5 - Cœur Fragile","1992","1992","BR","Album","1","1","CD","144000","Cœur fragile","1984","Richard Clayderman","ecabf39e-02e4-40f3-95ba-8f8330560a59"
"1397","Quand les enfants s'aiment","Vol. 5 - Cœur Fragile","1992","1992","BR","Album","1","2","CD","154000","Cœur fragile","1984","Richard Clayderman","ecabf39e-02e4-40f3-95ba-8f8330560a59"
"1398","Les nuages","Vol. 5 - Cœur Fragile","1992","1992","BR","Album","1","3","CD","167000","Cœur fragile","1984","Richard Clayderman","ecabf39e-02e4-40f3-95ba-8f8330560a59"
"1399","L'italienne","Vol. 5 - Cœur Fragile","1992","1992","BR","Album","1","4","CD","197000","Cœur fragile","1984","Richard Clayderman","ecabf39e-02e4-40f3-95ba-8f8330560a59"
"1400","Solitude","Vol. 5 - Cœur Fragile","1992","1992","BR","Album","1","5","CD","189000","Cœur fragile","1984","Richard Clayderman","ecabf39e-02e4-40f3-95ba-8f8330560a59"
"1401","Vivre sans toi","Vol. 5 - Cœur Fragile","1992","1992","BR","Album","1","6","CD","157000","Cœur fragile","1984","Richard Clayderman","ecabf39e-02e4-40f3-95ba-8f8330560a59"
"1402","L'amour-tendresse","Vol. 5 - Cœur Fragile","1992","1992","BR","Album","1","7","CD","166000","Cœur fragile","1984","Richard Clayderman","ecabf39e-02e4-40f3-95ba-8f8330560a59"
"1403","Tes yeux dans mes yeux","Vol. 5 - Cœur Fragile","1992","1992","BR","Album","1","8","CD","158000","Cœur fragile","1984","Richard Clayderman","ecabf39e-02e4-40f3-95ba-8f8330560a59"
"1404","Une si jolie petite valse","Vol. 5 - Cœur Fragile","1992","1992","BR","Album","1","9","CD","160000","Cœur fragile","1984","Richard Clayderman","ecabf39e-02e4-40f3-95ba-8f8330560a59"
"1405","Souviens-toi de moi","Vol. 5 - Cœur Fragile","1992","1992","BR","Album","1","10","CD","170000","Cœur fragile","1984","Richard Clayderman","ecabf39e-02e4-40f3-95ba-8f8330560a59"
"1406","Comme un rayon de lune","Vol. 5 - Cœur Fragile","1992","1992","BR","Album","1","11","CD","208000","Cœur fragile","1984","Richard Clayderman","ecabf39e-02e4-40f3-95ba-8f8330560a59"
"1407","Dis dame","Vol. 5 - Cœur Fragile","1992","1992","BR","Album","1","12","CD","154000","Cœur fragile","1984","Richard Clayderman","ecabf39e-02e4-40f3-95ba-8f8330560a59"
"1408","L'asiatique","Vol. 5 - Cœur Fragile","1992","1992","BR","Album","1","13","CD","161000","Cœur fragile","1984","Richard Clayderman","ecabf39e-02e4-40f3-95ba-8f8330560a59"
"1409","Eden Is a Magic World","Vol. 5 - Cœur Fragile","1992","1992","BR","Album","1","14","CD","166000","Cœur fragile","1984","Richard Clayderman","ecabf39e-02e4-40f3-95ba-8f8330560a59"
"1410","Près du cœur","Vol. 5 - Cœur Fragile","1992","1992","BR","Album","1","15","CD","156000","Cœur fragile","1984","Richard Clayderman","ecabf39e-02e4-40f3-95ba-8f8330560a59"
"1411","Concerto la madrugue","Vol. 5 - Cœur Fragile","1992","1992","BR","Album","1","16","CD","200000","Cœur fragile","1984","Richard Clayderman","ecabf39e-02e4-40f3-95ba-8f8330560a59"
"1412","Jogging","Vol. 5 - Cœur Fragile","1992","1992","BR","Album","1","17","CD","161000","Cœur fragile","1984","Richard Clayderman","ecabf39e-02e4-40f3-95ba-8f8330560a59"
"1413","L'amour exilé","Vol. 5 - Cœur Fragile","1992","1992","BR","Album","1","18","CD","161000","Cœur fragile","1984","Richard Clayderman","ecabf39e-02e4-40f3-95ba-8f8330560a59"
"1414","Vivre ailleurs","Vol. 5 - Cœur Fragile","1992","1992","BR","Album","1","19","CD","174000","Cœur fragile","1984","Richard Clayderman","ecabf39e-02e4-40f3-95ba-8f8330560a59"
"1415","I Just Called to Say I Love You","A Little Night Music","1993","1993","GB","Album","1","1","CD","222133","A Little Night Music","1993","Richard Clayderman","d5b0df8b-4e97-4b84-b1cf-1f558cb67808"
"1416","I'm Not in Love","A Little Night Music","1993","1993","GB","Album","1","2","CD","289840","A Little Night Music","1993","Richard Clayderman","d5b0df8b-4e97-4b84-b1cf-1f558cb67808"
"1417","Sailing","A Little Night Music","1993","1993","GB","Album","1","3","CD","203800","A Little Night Music","1993","Richard Clayderman","d5b0df8b-4e97-4b84-b1cf-1f558cb67808"
"1418","For All We Know / We've Only Just Begun","A Little Night Music","1993","1993","GB","Album","1","4","CD","258666","A Little Night Music","1993","Richard Clayderman","d5b0df8b-4e97-4b84-b1cf-1f558cb67808"
"1419","Without You","A Little Night Music","1993","1993","GB","Album","1","5","CD","229173","A Little Night Music","1993","Richard Clayderman","d5b0df8b-4e97-4b84-b1cf-1f558cb67808"
"1420","Nights in White Satin","A Little Night Music","1993","1993","GB","Album","1","6","CD","304493","A Little Night Music","1993","Richard Clayderman","d5b0df8b-4e97-4b84-b1cf-1f558cb67808"
"1421","Careless Whisper","A Little Night Music","1993","1993","GB","Album","1","7","CD","168493","A Little Night Music","1993","Richard Clayderman","d5b0df8b-4e97-4b84-b1cf-1f558cb67808"
"1422","The Power of Love","A Little Night Music","1993","1993","GB","Album","1","8","CD","243320","A Little Night Music","1993","Richard Clayderman","d5b0df8b-4e97-4b84-b1cf-1f558cb67808"
"1423","A Whiter Shade of Pale","A Little Night Music","1993","1993","GB","Album","1","9","CD","267173","A Little Night Music","1993","Richard Clayderman","d5b0df8b-4e97-4b84-b1cf-1f558cb67808"
"1424","Nothing's Gonna Change My Love for You","A Little Night Music","1993","1993","GB","Album","1","10","CD","197773","A Little Night Music","1993","Richard Clayderman","d5b0df8b-4e97-4b84-b1cf-1f558cb67808"
"1425","Just the Way You Are","A Little Night Music","1993","1993","GB","Album","1","11","CD","213333","A Little Night Music","1993","Richard Clayderman","d5b0df8b-4e97-4b84-b1cf-1f558cb67808"
"1426","Princess of the Night","A Little Night Music","1993","1993","GB","Album","1","12","CD","156800","A Little Night Music","1993","Richard Clayderman","d5b0df8b-4e97-4b84-b1cf-1f558cb67808"
"1427","La Bikina","America Latina... Volume 2 Mon Amour","1993","1993","US","Album","1","1","CD","267693","America Latina... Volume 2 Mon Amour","1993","Richard Clayderman","7886a74b-96a6-4d65-8068-104fb794531f"
"1428","Coracao Appaixonado","America Latina... Volume 2 Mon Amour","1993","1993","US","Album","1","2","CD","166933","America Latina... Volume 2 Mon Amour","1993","Richard Clayderman","7886a74b-96a6-4d65-8068-104fb794531f"
"1429","Lady Of Spain","America Latina... Volume 2 Mon Amour","1993","1993","US","Album","1","3","CD","172066","America Latina... Volume 2 Mon Amour","1993","Richard Clayderman","7886a74b-96a6-4d65-8068-104fb794531f"
"1430","Emococes","America Latina... Volume 2 Mon Amour","1993","1993","US","Album","1","4","CD","181106","America Latina... Volume 2 Mon Amour","1993","Richard Clayderman","7886a74b-96a6-4d65-8068-104fb794531f"
"1431","Volare","America Latina... Volume 2 Mon Amour","1993","1993","US","Album","1","5","CD","194626","America Latina... Volume 2 Mon Amour","1993","Richard Clayderman","7886a74b-96a6-4d65-8068-104fb794531f"
"1432","Guantanamera","America Latina... Volume 2 Mon Amour","1993","1993","US","Album","1","6","CD","148906","America Latina... Volume 2 Mon Amour","1993","Richard Clayderman","7886a74b-96a6-4d65-8068-104fb794531f"
"1433","Don't Cry for Me Argentina","America Latina... Volume 2 Mon Amour","1993","1993","US","Album","1","7","CD","215626","America Latina... Volume 2 Mon Amour","1993","Richard Clayderman","7886a74b-96a6-4d65-8068-104fb794531f"
"1434","Cara Mia","America Latina... Volume 2 Mon Amour","1993","1993","US","Album","1","8","CD","197133","America Latina... Volume 2 Mon Amour","1993","Richard Clayderman","7886a74b-96a6-4d65-8068-104fb794531f"
"1435","Vaya Con Dios","America Latina... Volume 2 Mon Amour","1993","1993","US","Album","1","9","CD","110240","America Latina... Volume 2 Mon Amour","1993","Richard Clayderman","7886a74b-96a6-4d65-8068-104fb794531f"
"1436","Caballo Viejo","America Latina... Volume 2 Mon Amour","1993","1993","US","Album","1","10","CD","174226","America Latina... Volume 2 Mon Amour","1993","Richard Clayderman","7886a74b-96a6-4d65-8068-104fb794531f"
"1437","Que Sera","America Latina... Volume 2 Mon Amour","1993","1993","US","Album","1","11","CD","167040","America Latina... Volume 2 Mon Amour","1993","Richard Clayderman","7886a74b-96a6-4d65-8068-104fb794531f"
"1438","Brazil","America Latina... Volume 2 Mon Amour","1993","1993","US","Album","1","12","CD","148760","America Latina... Volume 2 Mon Amour","1993","Richard Clayderman","7886a74b-96a6-4d65-8068-104fb794531f"
"1439","Gimme! Gimme! Gimme! [A Man After Midnight]","Plays ABBA : The hits","1993","1993","FR","Album","1","1","CD","239000","The ABBA Collection","1993","Richard Clayderman","dfbbaade-88d1-4f35-a59c-9fb09b386c9d"
"1440","The Winner Takes It All","Plays ABBA : The hits","1993","1993","FR","Album","1","2","CD","186000","The ABBA Collection","1993","Richard Clayderman","dfbbaade-88d1-4f35-a59c-9fb09b386c9d"
"1441","Chiquitita","Plays ABBA : The hits","1993","1993","FR","Album","1","3","CD","208000","The ABBA Collection","1993","Richard Clayderman","dfbbaade-88d1-4f35-a59c-9fb09b386c9d"
"1442","Fernando","Plays ABBA : The hits","1993","1993","FR","Album","1","4","CD","256000","The ABBA Collection","1993","Richard Clayderman","dfbbaade-88d1-4f35-a59c-9fb09b386c9d"
"1443","Mamma Mia","Plays ABBA : The hits","1993","1993","FR","Album","1","5","CD","192000","The ABBA Collection","1993","Richard Clayderman","dfbbaade-88d1-4f35-a59c-9fb09b386c9d"
"1444","Dancing Queen","Plays ABBA : The hits","1993","1993","FR","Album","1","6","CD","228000","The ABBA Collection","1993","Richard Clayderman","dfbbaade-88d1-4f35-a59c-9fb09b386c9d"
"1445","I Have A Dream","Plays ABBA : The hits","1993","1993","FR","Album","1","7","CD","189000","The ABBA Collection","1993","Richard Clayderman","dfbbaade-88d1-4f35-a59c-9fb09b386c9d"
"1446","Super Trouper","Plays ABBA : The hits","1993","1993","FR","Album","1","8","CD","274000","The ABBA Collection","1993","Richard Clayderman","dfbbaade-88d1-4f35-a59c-9fb09b386c9d"
"1447","In the Name of the Game","Plays ABBA : The hits","1993","1993","FR","Album","1","9","CD","201000","The ABBA Collection","1993","Richard Clayderman","dfbbaade-88d1-4f35-a59c-9fb09b386c9d"
"1448","Lay All Your Love On Me","Plays ABBA : The hits","1993","1993","FR","Album","1","10","CD","225000","The ABBA Collection","1993","Richard Clayderman","dfbbaade-88d1-4f35-a59c-9fb09b386c9d"
"1449","Knowing Me, Knowing You","Plays ABBA : The hits","1993","1993","FR","Album","1","11","CD","257000","The ABBA Collection","1993","Richard Clayderman","dfbbaade-88d1-4f35-a59c-9fb09b386c9d"
"1450","One of Us","Plays ABBA : The hits","1993","1993","FR","Album","1","12","CD","259000","The ABBA Collection","1993","Richard Clayderman","dfbbaade-88d1-4f35-a59c-9fb09b386c9d"
"1451","S.O.S.","Plays ABBA : The hits","1993","1993","FR","Album","1","13","CD","252000","The ABBA Collection","1993","Richard Clayderman","dfbbaade-88d1-4f35-a59c-9fb09b386c9d"
"1452","Money Money","Plays ABBA : The hits","1993","1993","FR","Album","1","14","CD","221000","The ABBA Collection","1993","Richard Clayderman","dfbbaade-88d1-4f35-a59c-9fb09b386c9d"
"1453","Waterloo","Plays ABBA : The hits","1993","1993","FR","Album","1","15","CD","179000","The ABBA Collection","1993","Richard Clayderman","dfbbaade-88d1-4f35-a59c-9fb09b386c9d"
"1454","Wonderland By Night","Träumereien 3","1993","1993","DE","Album","1","1","CD","206000","Träumereien 3","1993","Richard Clayderman","9790bbc0-4d3d-49fa-9d53-20e39f7654e2"
"1455","Klavierkonzert Nr. 21 C-Dur KV 467","Träumereien 3","1993","1993","DE","Album","1","2","CD","200000","Träumereien 3","1993","Richard Clayderman","9790bbc0-4d3d-49fa-9d53-20e39f7654e2"
"1456","I Have a Dream","Träumereien 3","1993","1993","DE","Album","1","3","CD","188000","Träumereien 3","1993","Richard Clayderman","9790bbc0-4d3d-49fa-9d53-20e39f7654e2"
"1457","Memory","Träumereien 3","1993","1993","DE","Album","1","4","CD","183000","Träumereien 3","1993","Richard Clayderman","9790bbc0-4d3d-49fa-9d53-20e39f7654e2"
"1458","As Time Goes By","Träumereien 3","1993","1993","DE","Album","1","5","CD","139000","Träumereien 3","1993","Richard Clayderman","9790bbc0-4d3d-49fa-9d53-20e39f7654e2"
"1459","Pathétique-Klaviersonate Nr. 8 c-Moll op. 13: Adagio cantabile","Träumereien 3","1993","1993","DE","Album","1","6","CD","247000","Träumereien 3","1993","Richard Clayderman","9790bbc0-4d3d-49fa-9d53-20e39f7654e2"
"1460","Blue Hawaii","Träumereien 3","1993","1993","DE","Album","1","7","CD","156000","Träumereien 3","1993","Richard Clayderman","9790bbc0-4d3d-49fa-9d53-20e39f7654e2"
"1461","Canadian Sunset","Träumereien 3","1993","1993","DE","Album","1","8","CD","166000","Träumereien 3","1993","Richard Clayderman","9790bbc0-4d3d-49fa-9d53-20e39f7654e2"
"1462","First Sorrow","Träumereien 3","1993","1993","DE","Album","1","9","CD","198000","Träumereien 3","1993","Richard Clayderman","9790bbc0-4d3d-49fa-9d53-20e39f7654e2"
"1463","Only You","Träumereien 3","1993","1993","DE","Album","1","10","CD","140000","Träumereien 3","1993","Richard Clayderman","9790bbc0-4d3d-49fa-9d53-20e39f7654e2"
"1464","La Vie en rose","Träumereien 3","1993","1993","DE","Album","1","11","CD","155000","Träumereien 3","1993","Richard Clayderman","9790bbc0-4d3d-49fa-9d53-20e39f7654e2"
"1465","Nocturne Nr. 2 Es-Dur op. 9,2","Träumereien 3","1993","1993","DE","Album","1","12","CD","257000","Träumereien 3","1993","Richard Clayderman","9790bbc0-4d3d-49fa-9d53-20e39f7654e2"
"1466","I Know Him So Well","Träumereien 3","1993","1993","DE","Album","1","13","CD","242000","Träumereien 3","1993","Richard Clayderman","9790bbc0-4d3d-49fa-9d53-20e39f7654e2"
"1467","Thorn Birds","Träumereien 3","1993","1993","DE","Album","1","14","CD","151000","Träumereien 3","1993","Richard Clayderman","9790bbc0-4d3d-49fa-9d53-20e39f7654e2"
"1468","Che sarà","Träumereien 3","1993","1993","DE","Album","1","15","CD","165000","Träumereien 3","1993","Richard Clayderman","9790bbc0-4d3d-49fa-9d53-20e39f7654e2"
"1469","The Most Beautiful Girl","Träumereien 3","1993","1993","DE","Album","1","16","CD","153000","Träumereien 3","1993","Richard Clayderman","9790bbc0-4d3d-49fa-9d53-20e39f7654e2"
"1470","Die blaue Stunde","Träumereien 3","1993","1993","DE","Album","1","17","CD","217000","Träumereien 3","1993","Richard Clayderman","9790bbc0-4d3d-49fa-9d53-20e39f7654e2"
"1471","Abschiedswalzer As-Dur, op. 69, Nr. 1","Träumereien 3","1993","1993","DE","Album","1","18","CD","186000","Träumereien 3","1993","Richard Clayderman","9790bbc0-4d3d-49fa-9d53-20e39f7654e2"
"1472","Flamingo Road","Gold","1993","1993-08-14","ZA","Album","1","1","CD","262840","Gold","1993","Richard Clayderman","efe2730a-996e-44c4-be7a-64f29276d5f7"
"1473","Everything I Do (I Do It For You)","Gold","1993","1993-08-14","ZA","Album","1","2","CD","247493","Gold","1993","Richard Clayderman","efe2730a-996e-44c4-be7a-64f29276d5f7"
"1474","Lady In Red/Take My Breath Away","Gold","1993","1993-08-14","ZA","Album","1","3","CD","255666","Gold","1993","Richard Clayderman","efe2730a-996e-44c4-be7a-64f29276d5f7"
"1475","Sacrifice","Gold","1993","1993-08-14","ZA","Album","1","4","CD","300333","Gold","1993","Richard Clayderman","efe2730a-996e-44c4-be7a-64f29276d5f7"
"1476","From A Distance","Gold","1993","1993-08-14","ZA","Album","1","5","CD","237333","Gold","1993","Richard Clayderman","efe2730a-996e-44c4-be7a-64f29276d5f7"
"1477","Careless Whisper","Gold","1993","1993-08-14","ZA","Album","1","6","CD","253173","Gold","1993","Richard Clayderman","efe2730a-996e-44c4-be7a-64f29276d5f7"
"1478","Unchained Melody","Gold","1993","1993-08-14","ZA","Album","1","7","CD","187000","Gold","1993","Richard Clayderman","efe2730a-996e-44c4-be7a-64f29276d5f7"
"1479","Ballade For Adeline","Gold","1993","1993-08-14","ZA","Album","1","8","CD","160000","Gold","1993","Richard Clayderman","efe2730a-996e-44c4-be7a-64f29276d5f7"
"1480","All I Ask Of You","Gold","1993","1993-08-14","ZA","Album","1","9","CD","206066","Gold","1993","Richard Clayderman","efe2730a-996e-44c4-be7a-64f29276d5f7"
"1481","Indigo Boy","Gold","1993","1993-08-14","ZA","Album","1","10","CD","240760","Gold","1993","Richard Clayderman","efe2730a-996e-44c4-be7a-64f29276d5f7"
"1482","Any Dream Will Do","Gold","1993","1993-08-14","ZA","Album","1","11","CD","226666","Gold","1993","Richard Clayderman","efe2730a-996e-44c4-be7a-64f29276d5f7"
"1483","Fur Elise","Gold","1993","1993-08-14","ZA","Album","1","12","CD","150000","Gold","1993","Richard Clayderman","efe2730a-996e-44c4-be7a-64f29276d5f7"
"1484","Don't Cry For Me Argentina","Gold","1993","1993-08-14","ZA","Album","1","13","CD","160333","Gold","1993","Richard Clayderman","efe2730a-996e-44c4-be7a-64f29276d5f7"
"1485","Yesterday","Gold","1993","1993-08-14","ZA","Album","1","14","CD","144000","Gold","1993","Richard Clayderman","efe2730a-996e-44c4-be7a-64f29276d5f7"
"1486","Am Ufer des Flusses","Meisterstücke","1993","1993-09-13","DE","Album","1","1","CD","231333","Meisterstücke","1993","Richard Clayderman","091109ed-a03d-48dd-8697-3e1aa7b57159"
"1487","Elisabeth-Serenade","Meisterstücke","1993","1993-09-13","DE","Album","1","2","CD","118000","Meisterstücke","1993","Richard Clayderman","091109ed-a03d-48dd-8697-3e1aa7b57159"
"1488","Ballade pour Adeline","Meisterstücke","1993","1993-09-13","DE","Album","1","3","CD","158866","Meisterstücke","1993","Richard Clayderman","091109ed-a03d-48dd-8697-3e1aa7b57159"
"1489","Summertime","Meisterstücke","1993","1993-09-13","DE","Album","1","4","CD","157026","Meisterstücke","1993","Richard Clayderman","091109ed-a03d-48dd-8697-3e1aa7b57159"
"1490","Schiwago-Melodie","Meisterstücke","1993","1993-09-13","DE","Album","1","5","CD","153840","Meisterstücke","1993","Richard Clayderman","091109ed-a03d-48dd-8697-3e1aa7b57159"
"1491","Rondo","Meisterstücke","1993","1993-09-13","DE","Album","1","6","CD","94160","Meisterstücke","1993","Richard Clayderman","091109ed-a03d-48dd-8697-3e1aa7b57159"
"1492","Exodus","Meisterstücke","1993","1993-09-13","DE","Album","1","7","CD","177773","Meisterstücke","1993","Richard Clayderman","091109ed-a03d-48dd-8697-3e1aa7b57159"
"1493","Hey Jude","Meisterstücke","1993","1993-09-13","DE","Album","1","8","CD","167266","Meisterstücke","1993","Richard Clayderman","091109ed-a03d-48dd-8697-3e1aa7b57159"
"1494","Love Is Blue","Meisterstücke","1993","1993-09-13","DE","Album","1","9","CD","106866","Meisterstücke","1993","Richard Clayderman","091109ed-a03d-48dd-8697-3e1aa7b57159"
"1495","Don't Cry For Me Argentina","Meisterstücke","1993","1993-09-13","DE","Album","1","10","CD","191466","Meisterstücke","1993","Richard Clayderman","091109ed-a03d-48dd-8697-3e1aa7b57159"
"1496","Vanessa","Meisterstücke","1993","1993-09-13","DE","Album","1","11","CD","138800","Meisterstücke","1993","Richard Clayderman","091109ed-a03d-48dd-8697-3e1aa7b57159"
"1497","Let It Be","Meisterstücke","1993","1993-09-13","DE","Album","1","12","CD","221666","Meisterstücke","1993","Richard Clayderman","091109ed-a03d-48dd-8697-3e1aa7b57159"
"1498","Lady Di","Meisterstücke","1993","1993-09-13","DE","Album","1","13","CD","154933","Meisterstücke","1993","Richard Clayderman","091109ed-a03d-48dd-8697-3e1aa7b57159"
"1499","Guten Abend, gute Nacht","Meisterstücke","1993","1993-09-13","DE","Album","1","14","CD","105000","Meisterstücke","1993","Richard Clayderman","091109ed-a03d-48dd-8697-3e1aa7b57159"
"1500","Gimme! Gimme! Gimme! [A Man After Midnight]","The ABBA Collection","1993","1993-09-21","","Album","1","1","CD","238000","The ABBA Collection","1993","Richard Clayderman","ef74cc2e-2103-49c8-a379-bece5881f320"
"1501","The Winner Takes It All","The ABBA Collection","1993","1993-09-21","","Album","1","2","CD","183000","The ABBA Collection","1993","Richard Clayderman","ef74cc2e-2103-49c8-a379-bece5881f320"
"1502","Chiquitita","The ABBA Collection","1993","1993-09-21","","Album","1","3","CD","206000","The ABBA Collection","1993","Richard Clayderman","ef74cc2e-2103-49c8-a379-bece5881f320"
"1503","Fernando","The ABBA Collection","1993","1993-09-21","","Album","1","4","CD","255000","The ABBA Collection","1993","Richard Clayderman","ef74cc2e-2103-49c8-a379-bece5881f320"
"1504","Mamma Mia","The ABBA Collection","1993","1993-09-21","","Album","1","5","CD","190000","The ABBA Collection","1993","Richard Clayderman","ef74cc2e-2103-49c8-a379-bece5881f320"
"1505","Dancing Queen","The ABBA Collection","1993","1993-09-21","","Album","1","6","CD","225000","The ABBA Collection","1993","Richard Clayderman","ef74cc2e-2103-49c8-a379-bece5881f320"
"1506","I Have A Dream","The ABBA Collection","1993","1993-09-21","","Album","1","7","CD","185000","The ABBA Collection","1993","Richard Clayderman","ef74cc2e-2103-49c8-a379-bece5881f320"
"1507","Super Trouper","The ABBA Collection","1993","1993-09-21","","Album","1","8","CD","273000","The ABBA Collection","1993","Richard Clayderman","ef74cc2e-2103-49c8-a379-bece5881f320"
"1508","In the Name of the Game","The ABBA Collection","1993","1993-09-21","","Album","1","9","CD","200000","The ABBA Collection","1993","Richard Clayderman","ef74cc2e-2103-49c8-a379-bece5881f320"
"1509","Lay All Your Love On Me","The ABBA Collection","1993","1993-09-21","","Album","1","10","CD","220000","The ABBA Collection","1993","Richard Clayderman","ef74cc2e-2103-49c8-a379-bece5881f320"
"1510","Knowing Me, Knowing You","The ABBA Collection","1993","1993-09-21","","Album","1","11","CD","257000","The ABBA Collection","1993","Richard Clayderman","ef74cc2e-2103-49c8-a379-bece5881f320"
"1511","One of Us","The ABBA Collection","1993","1993-09-21","","Album","1","12","CD","254000","The ABBA Collection","1993","Richard Clayderman","ef74cc2e-2103-49c8-a379-bece5881f320"
"1512","S.O.S.","The ABBA Collection","1993","1993-09-21","","Album","1","13","CD","250000","The ABBA Collection","1993","Richard Clayderman","ef74cc2e-2103-49c8-a379-bece5881f320"
"1513","Money Money","The ABBA Collection","1993","1993-09-21","","Album","1","14","CD","220000","The ABBA Collection","1993","Richard Clayderman","ef74cc2e-2103-49c8-a379-bece5881f320"
"1514","Waterloo","The ABBA Collection","1993","1993-09-21","","Album","1","15","CD","180000","The ABBA Collection","1993","Richard Clayderman","ef74cc2e-2103-49c8-a379-bece5881f320"
"1515","I Will Always Love You","In Harmony","1994","1994","GB","Album","1","1","CD","252106","In Harmony","1994","James Last & Richard Clayderman","2f4c5c98-28e8-41b7-a93f-ab66ed7e56cb"
"1516","I Will Always Love You","In Harmony","1994","1994","DE","Album","1","1","CD","252106","In Harmony","1994","James Last & Richard Clayderman","5b781c6c-d12a-4d94-960d-3fafc6414238"
"1517","Streets of Philadelphia","In Harmony","1994","1994","GB","Album","1","2","CD","231466","In Harmony","1994","James Last & Richard Clayderman","2f4c5c98-28e8-41b7-a93f-ab66ed7e56cb"
"1518","Streets of Philadelphia","In Harmony","1994","1994","DE","Album","1","2","CD","231466","In Harmony","1994","James Last & Richard Clayderman","5b781c6c-d12a-4d94-960d-3fafc6414238"
"1519","Pastorale From Symphony No. 6 in F Major Op. 68","In Harmony","1994","1994","GB","Album","1","3","CD","213760","In Harmony","1994","James Last & Richard Clayderman","2f4c5c98-28e8-41b7-a93f-ab66ed7e56cb"
"1520","Pastorale From Symphony No. 6 in F Major Op. 68","In Harmony","1994","1994","DE","Album","1","3","CD","213760","In Harmony","1994","James Last & Richard Clayderman","5b781c6c-d12a-4d94-960d-3fafc6414238"
"1521","Save the Best for Last","In Harmony","1994","1994","DE","Album","1","4","CD","162573","In Harmony","1994","James Last & Richard Clayderman","5b781c6c-d12a-4d94-960d-3fafc6414238"
"1522","Save the Best for Last","In Harmony","1994","1994","GB","Album","1","4","CD","162573","In Harmony","1994","James Last & Richard Clayderman","2f4c5c98-28e8-41b7-a93f-ab66ed7e56cb"
"1523","Capriccio Romantico","In Harmony","1994","1994","DE","Album","1","5","CD","177960","In Harmony","1994","James Last & Richard Clayderman","5b781c6c-d12a-4d94-960d-3fafc6414238"
"1524","Capriccio Romantico (Theme From The South Bank Show)","In Harmony","1994","1994","GB","Album","1","5","CD","177960","In Harmony","1994","James Last & Richard Clayderman","2f4c5c98-28e8-41b7-a93f-ab66ed7e56cb"
"1525","Have I Told You Lately","In Harmony","1994","1994","GB","Album","1","6","CD","208000","In Harmony","1994","James Last & Richard Clayderman","2f4c5c98-28e8-41b7-a93f-ab66ed7e56cb"
"1526","Have I Told You Lately","In Harmony","1994","1994","DE","Album","1","6","CD","208000","In Harmony","1994","James Last & Richard Clayderman","5b781c6c-d12a-4d94-960d-3fafc6414238"
"1527","Everytime You Go Away","In Harmony","1994","1994","DE","Album","1","7","CD","236133","In Harmony","1994","James Last & Richard Clayderman","5b781c6c-d12a-4d94-960d-3fafc6414238"
"1528","Everytime You Go Away","In Harmony","1994","1994","GB","Album","1","7","CD","236133","In Harmony","1994","James Last & Richard Clayderman","2f4c5c98-28e8-41b7-a93f-ab66ed7e56cb"
"1529","Strangers in Paradise","In Harmony","1994","1994","GB","Album","1","8","CD","196200","In Harmony","1994","James Last & Richard Clayderman","2f4c5c98-28e8-41b7-a93f-ab66ed7e56cb"
"1530","Strangers in Paradise","In Harmony","1994","1994","DE","Album","1","8","CD","196200","In Harmony","1994","James Last & Richard Clayderman","5b781c6c-d12a-4d94-960d-3fafc6414238"
"1531","Goodnight Girl","In Harmony","1994","1994","GB","Album","1","9","CD","237506","In Harmony","1994","James Last & Richard Clayderman","2f4c5c98-28e8-41b7-a93f-ab66ed7e56cb"
"1532","Goodnight Girl","In Harmony","1994","1994","DE","Album","1","9","CD","237506","In Harmony","1994","James Last & Richard Clayderman","5b781c6c-d12a-4d94-960d-3fafc6414238"
"1533","A Legend of Greensleeves","In Harmony","1994","1994","GB","Album","1","10","CD","236893","In Harmony","1994","James Last & Richard Clayderman","2f4c5c98-28e8-41b7-a93f-ab66ed7e56cb"
"1534","A Legend of Greensleeves","In Harmony","1994","1994","DE","Album","1","10","CD","236893","In Harmony","1994","James Last & Richard Clayderman","5b781c6c-d12a-4d94-960d-3fafc6414238"
"1535","When a Man Loves a Woman","In Harmony","1994","1994","DE","Album","1","11","CD","175706","In Harmony","1994","James Last & Richard Clayderman","5b781c6c-d12a-4d94-960d-3fafc6414238"
"1536","When a Man Loves a Woman","In Harmony","1994","1994","GB","Album","1","11","CD","175706","In Harmony","1994","James Last & Richard Clayderman","2f4c5c98-28e8-41b7-a93f-ab66ed7e56cb"
"1537","True Love","In Harmony","1994","1994","GB","Album","1","12","CD","209093","In Harmony","1994","James Last & Richard Clayderman","2f4c5c98-28e8-41b7-a93f-ab66ed7e56cb"
"1538","True Love","In Harmony","1994","1994","DE","Album","1","12","CD","209093","In Harmony","1994","James Last & Richard Clayderman","5b781c6c-d12a-4d94-960d-3fafc6414238"
"1539","Nocturno","In Harmony","1994","1994","DE","Album","1","13","CD","224440","In Harmony","1994","James Last & Richard Clayderman","5b781c6c-d12a-4d94-960d-3fafc6414238"
"1540","Nocturno (And This Is My Beloved)","In Harmony","1994","1994","GB","Album","1","13","CD","224440","In Harmony","1994","James Last & Richard Clayderman","2f4c5c98-28e8-41b7-a93f-ab66ed7e56cb"
"1541","Another Day in Paradise","In Harmony","1994","1994","DE","Album","1","14","CD","275000","In Harmony","1994","James Last & Richard Clayderman","5b781c6c-d12a-4d94-960d-3fafc6414238"
"1542","Another Day in Paradise","In Harmony","1994","1994","GB","Album","1","14","CD","275000","In Harmony","1994","James Last & Richard Clayderman","2f4c5c98-28e8-41b7-a93f-ab66ed7e56cb"
"1543","Andantino Semplice","In Harmony","1994","1994","GB","Album","1","15","CD","283426","In Harmony","1994","James Last & Richard Clayderman","2f4c5c98-28e8-41b7-a93f-ab66ed7e56cb"
"1544","Andantino Semplice","In Harmony","1994","1994","DE","Album","1","15","CD","283426","In Harmony","1994","James Last & Richard Clayderman","5b781c6c-d12a-4d94-960d-3fafc6414238"
"1545","When You Tell Me That You Love Me","In Harmony","1994","1994","DE","Album","1","16","CD","281240","In Harmony","1994","James Last & Richard Clayderman","5b781c6c-d12a-4d94-960d-3fafc6414238"
"1546","When You Tell Me That You Love Me","In Harmony","1994","1994","GB","Album","1","16","CD","281240","In Harmony","1994","James Last & Richard Clayderman","2f4c5c98-28e8-41b7-a93f-ab66ed7e56cb"
"1547","Love Is All Around","In Harmony","1994","1994","DE","Album","1","17","CD","249067","In Harmony","1994","James Last & Richard Clayderman","5b781c6c-d12a-4d94-960d-3fafc6414238"
"1548","Love Is All Around","In Harmony","1994","1994","GB","Album","1","17","CD","249067","In Harmony","1994","James Last & Richard Clayderman","2f4c5c98-28e8-41b7-a93f-ab66ed7e56cb"
"1549","Une Folle Envie D' Aimer","Les Nouvelles Ballades Romantiques","1994","1994","IT","Album","1","1","CD","208000","Les Nouvelles Ballades Romantiques","1994","Richard Clayderman","67149f29-0083-4c92-ad14-baf5c6af31d0"
"1550","Dimanche Et Fetes","Les Nouvelles Ballades Romantiques","1994","1994","IT","Album","1","2","CD","156000","Les Nouvelles Ballades Romantiques","1994","Richard Clayderman","67149f29-0083-4c92-ad14-baf5c6af31d0"
"1551","Comme Ils Sont Loin Les Souvenirs","Les Nouvelles Ballades Romantiques","1994","1994","IT","Album","1","3","CD","170000","Les Nouvelles Ballades Romantiques","1994","Richard Clayderman","67149f29-0083-4c92-ad14-baf5c6af31d0"
"1552","Le Reveil Des Oiseaux","Les Nouvelles Ballades Romantiques","1994","1994","IT","Album","1","4","CD","168000","Les Nouvelles Ballades Romantiques","1994","Richard Clayderman","67149f29-0083-4c92-ad14-baf5c6af31d0"
"1553","Love Is Like A Tide","Les Nouvelles Ballades Romantiques","1994","1994","IT","Album","1","5","CD","208000","Les Nouvelles Ballades Romantiques","1994","Richard Clayderman","67149f29-0083-4c92-ad14-baf5c6af31d0"
"1554","Um Dia De Domingo","Les Nouvelles Ballades Romantiques","1994","1994","IT","Album","1","6","CD","296000","Les Nouvelles Ballades Romantiques","1994","Richard Clayderman","67149f29-0083-4c92-ad14-baf5c6af31d0"
"1555","Le Coeur Emerveille","Les Nouvelles Ballades Romantiques","1994","1994","IT","Album","1","7","CD","165000","Les Nouvelles Ballades Romantiques","1994","Richard Clayderman","67149f29-0083-4c92-ad14-baf5c6af31d0"
"1556","When Love Fades Away (with Nicolas De Angelis)","Les Nouvelles Ballades Romantiques","1994","1994","IT","Album","1","8","CD","262000","Les Nouvelles Ballades Romantiques","1994","Richard Clayderman","67149f29-0083-4c92-ad14-baf5c6af31d0"
"1557","Adeline A 20 Ans","Les Nouvelles Ballades Romantiques","1994","1994","IT","Album","1","9","CD","175000","Les Nouvelles Ballades Romantiques","1994","Richard Clayderman","67149f29-0083-4c92-ad14-baf5c6af31d0"
"1558","La Legende De Narayama","Les Nouvelles Ballades Romantiques","1994","1994","IT","Album","1","10","CD","167000","Les Nouvelles Ballades Romantiques","1994","Richard Clayderman","67149f29-0083-4c92-ad14-baf5c6af31d0"
"1559","L' Enfant Qui Reve","Les Nouvelles Ballades Romantiques","1994","1994","IT","Album","1","11","CD","180000","Les Nouvelles Ballades Romantiques","1994","Richard Clayderman","67149f29-0083-4c92-ad14-baf5c6af31d0"
"1560","Imperatrice Des Neiges","Les Nouvelles Ballades Romantiques","1994","1994","IT","Album","1","12","CD","203000","Les Nouvelles Ballades Romantiques","1994","Richard Clayderman","67149f29-0083-4c92-ad14-baf5c6af31d0"
"1561","Elle A Eu Des Joies Et Elle A Eu Des Peines","Les Nouvelles Ballades Romantiques","1994","1994","IT","Album","1","13","CD","200000","Les Nouvelles Ballades Romantiques","1994","Richard Clayderman","67149f29-0083-4c92-ad14-baf5c6af31d0"
"1562","Mon Beau Sapin (Bonus Track)","Les Nouvelles Ballades Romantiques","1994","1994","IT","Album","1","14","CD","134000","Les Nouvelles Ballades Romantiques","1994","Richard Clayderman","67149f29-0083-4c92-ad14-baf5c6af31d0"
"1563","From a Distance","Together at Last","1994","1994","DK","Album","1","1","CD","237026","Together at Last","1991","Richard Clayderman & James Last","ed0b6a1e-2cf8-48fb-bed2-e1e166f1c194"
"1564","Sacrifice","Together at Last","1994","1994","DK","Album","1","2","CD","299400","Together at Last","1991","Richard Clayderman & James Last","ed0b6a1e-2cf8-48fb-bed2-e1e166f1c194"
"1565","Streets of Philadelphia","Together at Last","1994","1994","DK","Album","1","3","CD","230640","Together at Last","1991","Richard Clayderman & James Last","ed0b6a1e-2cf8-48fb-bed2-e1e166f1c194"
"1566","Careless Whisper","Together at Last","1994","1994","DK","Album","1","4","CD","253293","Together at Last","1991","Richard Clayderman & James Last","ed0b6a1e-2cf8-48fb-bed2-e1e166f1c194"
"1567","Les Roses de L'exil","Together at Last","1994","1994","DK","Album","1","5","CD","260200","Together at Last","1991","Richard Clayderman & James Last","ed0b6a1e-2cf8-48fb-bed2-e1e166f1c194"
"1568","Pastorale From Symphony No. 6 in F","Together at Last","1994","1994","DK","Album","1","6","CD","212640","Together at Last","1991","Richard Clayderman & James Last","ed0b6a1e-2cf8-48fb-bed2-e1e166f1c194"
"1569","I Will Always Love You","Together at Last","1994","1994","DK","Album","1","7","CD","249600","Together at Last","1991","Richard Clayderman & James Last","ed0b6a1e-2cf8-48fb-bed2-e1e166f1c194"
"1570","Wind Beneath My Wings","Together at Last","1994","1994","DK","Album","1","8","CD","249200","Together at Last","1991","Richard Clayderman & James Last","ed0b6a1e-2cf8-48fb-bed2-e1e166f1c194"
"1571","Andantino Semplice","Together at Last","1994","1994","DK","Album","1","9","CD","280666","Together at Last","1991","Richard Clayderman & James Last","ed0b6a1e-2cf8-48fb-bed2-e1e166f1c194"
"1572","II y a Toujours du Soleil Au-Dessus Des Nuages","Together at Last","1994","1994","DK","Album","1","10","CD","170933","Together at Last","1991","Richard Clayderman & James Last","ed0b6a1e-2cf8-48fb-bed2-e1e166f1c194"
"1573","Everytime You Go Away","Together at Last","1994","1994","DK","Album","1","11","CD","236666","Together at Last","1991","Richard Clayderman & James Last","ed0b6a1e-2cf8-48fb-bed2-e1e166f1c194"
"1574","Capriccio Romantico","Together at Last","1994","1994","DK","Album","1","12","CD","175293","Together at Last","1991","Richard Clayderman & James Last","ed0b6a1e-2cf8-48fb-bed2-e1e166f1c194"
"1575","Candle in the Wind","Together at Last","1994","1994","DK","Album","1","13","CD","228800","Together at Last","1991","Richard Clayderman & James Last","ed0b6a1e-2cf8-48fb-bed2-e1e166f1c194"
"1576","A Legend of Greensleeves","Together at Last","1994","1994","DK","Album","1","14","CD","236200","Together at Last","1991","Richard Clayderman & James Last","ed0b6a1e-2cf8-48fb-bed2-e1e166f1c194"
"1577","Ballerina","Together at Last","1994","1994","DK","Album","1","15","CD","209800","Together at Last","1991","Richard Clayderman & James Last","ed0b6a1e-2cf8-48fb-bed2-e1e166f1c194"
"1578","Nocturne (And This Is My Beloved)","Together at Last","1994","1994","DK","Album","1","16","CD","224240","Together at Last","1991","Richard Clayderman & James Last","ed0b6a1e-2cf8-48fb-bed2-e1e166f1c194"
"1579","Another Day in Paradise","Together at Last","1994","1994","DK","Album","1","17","CD","275226","Together at Last","1991","Richard Clayderman & James Last","ed0b6a1e-2cf8-48fb-bed2-e1e166f1c194"
"1580","Indigo Bay","Together at Last","1994","1994","DK","Album","1","18","CD","240333","Together at Last","1991","Richard Clayderman & James Last","ed0b6a1e-2cf8-48fb-bed2-e1e166f1c194"
"1581","Love Is All Around","Together at Last","1994","1994","DK","Album","1","19","CD","251306","Together at Last","1991","Richard Clayderman & James Last","ed0b6a1e-2cf8-48fb-bed2-e1e166f1c194"
"1582","Have I Told You Lately (That I Love You)","Together at Last","1994","1994","DK","Album","1","20","CD","204534","Together at Last","1991","Richard Clayderman & James Last","ed0b6a1e-2cf8-48fb-bed2-e1e166f1c194"
"1583","I Will Always Love You","When a Man Loves a Woman","1994","1994","BR","Album","1","1","CD","248000","When a Man Loves a Woman","1994","Richard Clayderman","d52e2e52-1268-42cc-9715-f2f4227f6950"
"1584","I Will Always Love You","When a Man Loves a Woman","1994","1994","AU","Album","1","1","CD","250333","When a Man Loves a Woman","1994","Richard Clayderman","6771ddfb-27ae-43f9-a658-a29bf032fa64"
"1585","When a Man Loves a Woman","When a Man Loves a Woman","1994","1994","BR","Album","1","2","CD","175000","When a Man Loves a Woman","1994","Richard Clayderman","d52e2e52-1268-42cc-9715-f2f4227f6950"
"1586","When a Man Loves a Woman","When a Man Loves a Woman","1994","1994","AU","Album","1","2","CD","177000","When a Man Loves a Woman","1994","Richard Clayderman","6771ddfb-27ae-43f9-a658-a29bf032fa64"
"1587","Goodnight Girl","When a Man Loves a Woman","1994","1994","BR","Album","1","3","CD","211000","When a Man Loves a Woman","1994","Richard Clayderman","d52e2e52-1268-42cc-9715-f2f4227f6950"
"1588","Goodnight Girl","When a Man Loves a Woman","1994","1994","AU","Album","1","3","CD","213000","When a Man Loves a Woman","1994","Richard Clayderman","6771ddfb-27ae-43f9-a658-a29bf032fa64"
"1589","The Streets of Philadelphia","When a Man Loves a Woman","1994","1994","BR","Album","1","4","CD","209000","When a Man Loves a Woman","1994","Richard Clayderman","d52e2e52-1268-42cc-9715-f2f4227f6950"
"1590","The Streets of Philadelphia","When a Man Loves a Woman","1994","1994","AU","Album","1","4","CD","215466","When a Man Loves a Woman","1994","Richard Clayderman","6771ddfb-27ae-43f9-a658-a29bf032fa64"
"1591","Save the Best for Last","When a Man Loves a Woman","1994","1994","AU","Album","1","5","CD","163200","When a Man Loves a Woman","1994","Richard Clayderman","6771ddfb-27ae-43f9-a658-a29bf032fa64"
"1592","Save the Best for Last","When a Man Loves a Woman","1994","1994","BR","Album","1","5","CD","162000","When a Man Loves a Woman","1994","Richard Clayderman","d52e2e52-1268-42cc-9715-f2f4227f6950"
"1593","Have I Told You Lately?","When a Man Loves a Woman","1994","1994","BR","Album","1","6","CD","208000","When a Man Loves a Woman","1994","Richard Clayderman","d52e2e52-1268-42cc-9715-f2f4227f6950"
"1594","Have I Told You Lately?","When a Man Loves a Woman","1994","1994","AU","Album","1","6","CD","209866","When a Man Loves a Woman","1994","Richard Clayderman","6771ddfb-27ae-43f9-a658-a29bf032fa64"
"1595","Another Day in Paradise","When a Man Loves a Woman","1994","1994","AU","Album","1","7","CD","211240","When a Man Loves a Woman","1994","Richard Clayderman","6771ddfb-27ae-43f9-a658-a29bf032fa64"
"1596","Another Day in Paradise","When a Man Loves a Woman","1994","1994","BR","Album","1","7","CD","208000","When a Man Loves a Woman","1994","Richard Clayderman","d52e2e52-1268-42cc-9715-f2f4227f6950"
"1597","When You Tell Me That You Love Me","When a Man Loves a Woman","1994","1994","BR","Album","1","8","CD","203000","When a Man Loves a Woman","1994","Richard Clayderman","d52e2e52-1268-42cc-9715-f2f4227f6950"
"1598","When You Tell Me That You Love Me","When a Man Loves a Woman","1994","1994","AU","Album","1","8","CD","204293","When a Man Loves a Woman","1994","Richard Clayderman","6771ddfb-27ae-43f9-a658-a29bf032fa64"
"1599","Everytime You Go Away","When a Man Loves a Woman","1994","1994","BR","Album","1","9","CD","164000","When a Man Loves a Woman","1994","Richard Clayderman","d52e2e52-1268-42cc-9715-f2f4227f6950"
"1600","Everytime You Go Away","When a Man Loves a Woman","1994","1994","AU","Album","1","9","CD","168133","When a Man Loves a Woman","1994","Richard Clayderman","6771ddfb-27ae-43f9-a658-a29bf032fa64"
"1601","True Love","When a Man Loves a Woman","1994","1994","BR","Album","1","10","CD","208000","When a Man Loves a Woman","1994","Richard Clayderman","d52e2e52-1268-42cc-9715-f2f4227f6950"
"1602","True Love","When a Man Loves a Woman","1994","1994","AU","Album","1","10","CD","209266","When a Man Loves a Woman","1994","Richard Clayderman","6771ddfb-27ae-43f9-a658-a29bf032fa64"
"1603","A Legend of Greensleeves","When a Man Loves a Woman","1994","1994","AU","Album","1","11","CD","237706","When a Man Loves a Woman","1994","Richard Clayderman","6771ddfb-27ae-43f9-a658-a29bf032fa64"
"1604","A Legend of Greensleeves","When a Man Loves a Woman","1994","1994","BR","Album","1","11","CD","236000","When a Man Loves a Woman","1994","Richard Clayderman","d52e2e52-1268-42cc-9715-f2f4227f6950"
"1605","Capriccio Romantico (From the Capriccio n.24 in A Minor)","When a Man Loves a Woman","1994","1994","AU","Album","1","12","CD","177000","When a Man Loves a Woman","1994","Richard Clayderman","6771ddfb-27ae-43f9-a658-a29bf032fa64"
"1606","Capriccio Romantico (from the Capriccio n.24 in A Minor)","When a Man Loves a Woman","1994","1994","BR","Album","1","12","CD","175000","When a Man Loves a Woman","1994","Richard Clayderman","d52e2e52-1268-42cc-9715-f2f4227f6950"
"1607","Andantino Semplice (from the Piano Concerto n.1 in B Flat Minor)","When a Man Loves a Woman","1994","1994","BR","Album","1","13","CD","282000","When a Man Loves a Woman","1994","Richard Clayderman","d52e2e52-1268-42cc-9715-f2f4227f6950"
"1608","Andantino Semplice (From the Piano Concerto n.1 in B-Flat Minor)","When a Man Loves a Woman","1994","1994","AU","Album","1","13","CD","281960","When a Man Loves a Woman","1994","Richard Clayderman","6771ddfb-27ae-43f9-a658-a29bf032fa64"
"1609","Pastorale (from Symphony n.6 in F Major op. 68)","When a Man Loves a Woman","1994","1994","BR","Album","1","14","CD","209000","When a Man Loves a Woman","1994","Richard Clayderman","d52e2e52-1268-42cc-9715-f2f4227f6950"
"1610","Pastorale (From Symphony n.6 in F Major op. 68)","When a Man Loves a Woman","1994","1994","AU","Album","1","14","CD","209800","When a Man Loves a Woman","1994","Richard Clayderman","6771ddfb-27ae-43f9-a658-a29bf032fa64"
"1611","Polovetsian Dances (from ""Prince Igor"")","When a Man Loves a Woman","1994","1994","BR","Album","1","15","CD","186000","When a Man Loves a Woman","1994","Richard Clayderman","d52e2e52-1268-42cc-9715-f2f4227f6950"
"1612","Polovetsian Dances (From “Prince Igor”)","When a Man Loves a Woman","1994","1994","AU","Album","1","15","CD","191466","When a Man Loves a Woman","1994","Richard Clayderman","6771ddfb-27ae-43f9-a658-a29bf032fa64"
"1613","Nocturne","When a Man Loves a Woman","1994","1994","BR","Album","1","16","CD","222000","When a Man Loves a Woman","1994","Richard Clayderman","d52e2e52-1268-42cc-9715-f2f4227f6950"
"1614","Nocturne","When a Man Loves a Woman","1994","1994","AU","Album","1","16","CD","224173","When a Man Loves a Woman","1994","Richard Clayderman","6771ddfb-27ae-43f9-a658-a29bf032fa64"
"1615","I Just Called To Say I Love You","A Little Romance","1994","1994-03-29","US","Album","1","1","CD","223000","A Little Romance","1994","Richard Clayderman","62d84068-e10b-465a-8ada-9405fa7a45d0"
"1616","Yesterday","A Little Romance","1994","1994-03-29","US","Album","1","2","CD","143000","A Little Romance","1994","Richard Clayderman","62d84068-e10b-465a-8ada-9405fa7a45d0"
"1617","Nothing's Gonna Change My Love For You","A Little Romance","1994","1994-03-29","US","Album","1","3","CD","197000","A Little Romance","1994","Richard Clayderman","62d84068-e10b-465a-8ada-9405fa7a45d0"
"1618","Just The Way You Are","A Little Romance","1994","1994-03-29","US","Album","1","4","CD","214000","A Little Romance","1994","Richard Clayderman","62d84068-e10b-465a-8ada-9405fa7a45d0"
"1619","Bridge Over Troubled Water","A Little Romance","1994","1994-03-29","US","Album","1","5","CD","186000","A Little Romance","1994","Richard Clayderman","62d84068-e10b-465a-8ada-9405fa7a45d0"
"1620","Sometimes When We Touch","A Little Romance","1994","1994-03-29","US","Album","1","6","CD","241000","A Little Romance","1994","Richard Clayderman","62d84068-e10b-465a-8ada-9405fa7a45d0"
"1621","Yesterday Once More","A Little Romance","1994","1994-03-29","US","Album","1","7","CD","196000","A Little Romance","1994","Richard Clayderman","62d84068-e10b-465a-8ada-9405fa7a45d0"
"1622","I Want To Know What Love Is","A Little Romance","1994","1994-03-29","US","Album","1","8","CD","222000","A Little Romance","1994","Richard Clayderman","62d84068-e10b-465a-8ada-9405fa7a45d0"
"1623","When A Man Loves A Woman","A Little Romance","1994","1994-03-29","US","Album","1","9","CD","168000","A Little Romance","1994","Richard Clayderman","62d84068-e10b-465a-8ada-9405fa7a45d0"
"1624","Medley- For All We Know / We've Only Just Begun","A Little Romance","1994","1994-03-29","US","Album","1","10","CD","260000","A Little Romance","1994","Richard Clayderman","62d84068-e10b-465a-8ada-9405fa7a45d0"
"1625","Mandy","A Little Romance","1994","1994-03-29","US","Album","1","11","CD","144000","A Little Romance","1994","Richard Clayderman","62d84068-e10b-465a-8ada-9405fa7a45d0"
"1626","Without You","A Little Romance","1994","1994-03-29","US","Album","1","12","CD","228000","A Little Romance","1994","Richard Clayderman","62d84068-e10b-465a-8ada-9405fa7a45d0"
"1627","Mariage D'amour","The World Tour","1994","1994-06-01","","Album","1","1","CD","161000","The World Tour","1994","Richard Clayderman","47fecc98-b33c-4c92-8e6f-d416f2296fa8"
"1628","La Vie En Rose","The World Tour","1994","1994-06-01","","Album","1","2","CD","157000","The World Tour","1994","Richard Clayderman","47fecc98-b33c-4c92-8e6f-d416f2296fa8"
"1629","GreensLeeve","The World Tour","1994","1994-06-01","","Album","1","3","CD","187000","The World Tour","1994","Richard Clayderman","47fecc98-b33c-4c92-8e6f-d416f2296fa8"
"1630","Hey Jude","The World Tour","1994","1994-06-01","","Album","1","4","CD","165000","The World Tour","1994","Richard Clayderman","47fecc98-b33c-4c92-8e6f-d416f2296fa8"
"1631","Ach,Wie Ist's Moglich Dann","The World Tour","1994","1994-06-01","","Album","1","5","CD","174000","The World Tour","1994","Richard Clayderman","47fecc98-b33c-4c92-8e6f-d416f2296fa8"
"1632","Am Brunnen Vor Dem Tore","The World Tour","1994","1994-06-01","","Album","1","6","CD","191000","The World Tour","1994","Richard Clayderman","47fecc98-b33c-4c92-8e6f-d416f2296fa8"
"1633","Anonimo Venezaino","The World Tour","1994","1994-06-01","","Album","1","7","CD","176000","The World Tour","1994","Richard Clayderman","47fecc98-b33c-4c92-8e6f-d416f2296fa8"
"1634","Lady Of Spain","The World Tour","1994","1994-06-01","","Album","1","8","CD","170000","The World Tour","1994","Richard Clayderman","47fecc98-b33c-4c92-8e6f-d416f2296fa8"
"1635","Dancing Queen","The World Tour","1994","1994-06-01","","Album","1","9","CD","225000","The World Tour","1994","Richard Clayderman","47fecc98-b33c-4c92-8e6f-d416f2296fa8"
"1636","Children Of The Wind","The World Tour","1994","1994-06-01","","Album","1","10","CD","147000","The World Tour","1994","Richard Clayderman","47fecc98-b33c-4c92-8e6f-d416f2296fa8"
"1637","Brasil","The World Tour","1994","1994-06-01","","Album","1","11","CD","148000","The World Tour","1994","Richard Clayderman","47fecc98-b33c-4c92-8e6f-d416f2296fa8"
"1638","Vitoriosa","The World Tour","1994","1994-06-01","","Album","1","12","CD","138000","The World Tour","1994","Richard Clayderman","47fecc98-b33c-4c92-8e6f-d416f2296fa8"
"1639","(Everything I Do)I Do It For You","The World Tour","1994","1994-06-01","","Album","1","13","CD","245000","The World Tour","1994","Richard Clayderman","47fecc98-b33c-4c92-8e6f-d416f2296fa8"
"1640","EI Reloj","The World Tour","1994","1994-06-01","","Album","1","14","CD","200000","The World Tour","1994","Richard Clayderman","47fecc98-b33c-4c92-8e6f-d416f2296fa8"
"1641","The Butterfly Lovers","The World Tour","1994","1994-06-01","","Album","1","15","CD","177000","The World Tour","1994","Richard Clayderman","47fecc98-b33c-4c92-8e6f-d416f2296fa8"
"1642","When Are You Returning Again","The World Tour","1994","1994-06-01","","Album","1","16","CD","180000","The World Tour","1994","Richard Clayderman","47fecc98-b33c-4c92-8e6f-d416f2296fa8"
"1643","Tokinonagareni Mio Makase","The World Tour","1994","1994-06-01","","Album","1","17","CD","220000","The World Tour","1994","Richard Clayderman","47fecc98-b33c-4c92-8e6f-d416f2296fa8"
"1644","Prince Of The Rising Sun","The World Tour","1994","1994-06-01","","Album","1","18","CD","242000","The World Tour","1994","Richard Clayderman","47fecc98-b33c-4c92-8e6f-d416f2296fa8"
"1645","J","The World Tour","1994","1994-06-01","","Album","1","19","CD","198000","The World Tour","1994","Richard Clayderman","47fecc98-b33c-4c92-8e6f-d416f2296fa8"
"1646","Falling Rain","The World Tour","1994","1994-06-01","","Album","1","20","CD","225000","The World Tour","1994","Richard Clayderman","47fecc98-b33c-4c92-8e6f-d416f2296fa8"
"1647","Waltzing Matilda","The World Tour","1994","1994-06-01","","Album","1","21","CD","157000","The World Tour","1994","Richard Clayderman","47fecc98-b33c-4c92-8e6f-d416f2296fa8"
"1648","Alocholele","The World Tour","1994","1994-06-01","","Album","1","22","CD","109000","The World Tour","1994","Richard Clayderman","47fecc98-b33c-4c92-8e6f-d416f2296fa8"
"1649","Une Folle Envie D'Aimer","Les Nouvelles Ballades Romantique","1994","1994-10-26","DE","Album","1","1","CD","209466","Les Nouvelles Ballades Romantique","1994","Richard Clayderman","8bf8f13e-8765-45b5-88ad-cda862ce6e6b"
"1650","Dimanche Et Fêtes","Les Nouvelles Ballades Romantique","1994","1994-10-26","DE","Album","1","2","CD","158373","Les Nouvelles Ballades Romantique","1994","Richard Clayderman","8bf8f13e-8765-45b5-88ad-cda862ce6e6b"
"1651","Comme Ils Sont Loin Les Souvenirs","Les Nouvelles Ballades Romantique","1994","1994-10-26","DE","Album","1","3","CD","172360","Les Nouvelles Ballades Romantique","1994","Richard Clayderman","8bf8f13e-8765-45b5-88ad-cda862ce6e6b"
"1652","Le Réveil Des Oiseaux","Les Nouvelles Ballades Romantique","1994","1994-10-26","DE","Album","1","4","CD","168400","Les Nouvelles Ballades Romantique","1994","Richard Clayderman","8bf8f13e-8765-45b5-88ad-cda862ce6e6b"
"1653","La Balade De Caramandiana","Les Nouvelles Ballades Romantique","1994","1994-10-26","DE","Album","1","5","CD","201906","Les Nouvelles Ballades Romantique","1994","Richard Clayderman","8bf8f13e-8765-45b5-88ad-cda862ce6e6b"
"1654","Le Coer Émerveille","Les Nouvelles Ballades Romantique","1994","1994-10-26","DE","Album","1","6","CD","170333","Les Nouvelles Ballades Romantique","1994","Richard Clayderman","8bf8f13e-8765-45b5-88ad-cda862ce6e6b"
"1655","Adeline A Grandi","Les Nouvelles Ballades Romantique","1994","1994-10-26","DE","Album","1","7","CD","178666","Les Nouvelles Ballades Romantique","1994","Richard Clayderman","8bf8f13e-8765-45b5-88ad-cda862ce6e6b"
"1656","La Légende De Narayama","Les Nouvelles Ballades Romantique","1994","1994-10-26","DE","Album","1","8","CD","167493","Les Nouvelles Ballades Romantique","1994","Richard Clayderman","8bf8f13e-8765-45b5-88ad-cda862ce6e6b"
"1657","L´Enfant Qui Rêve","Les Nouvelles Ballades Romantique","1994","1994-10-26","DE","Album","1","9","CD","182573","Les Nouvelles Ballades Romantique","1994","Richard Clayderman","8bf8f13e-8765-45b5-88ad-cda862ce6e6b"
"1658","Impératrice Des Neiges","Les Nouvelles Ballades Romantique","1994","1994-10-26","DE","Album","1","10","CD","206493","Les Nouvelles Ballades Romantique","1994","Richard Clayderman","8bf8f13e-8765-45b5-88ad-cda862ce6e6b"
"1659","Eléana (Acoustic Piano Version)","Les Nouvelles Ballades Romantique","1994","1994-10-26","DE","Album","1","11","CD","222373","Les Nouvelles Ballades Romantique","1994","Richard Clayderman","8bf8f13e-8765-45b5-88ad-cda862ce6e6b"
"1660","Ballade Pour Adeline (Acoustic Piano Version)","Les Nouvelles Ballades Romantique","1994","1994-10-26","DE","Album","1","12","CD","162666","Les Nouvelles Ballades Romantique","1994","Richard Clayderman","8bf8f13e-8765-45b5-88ad-cda862ce6e6b"
"1661","La Vraie Musique De L'Amour (Acoustic Piano Version)","Les Nouvelles Ballades Romantique","1994","1994-10-26","DE","Album","1","13","CD","111426","Les Nouvelles Ballades Romantique","1994","Richard Clayderman","8bf8f13e-8765-45b5-88ad-cda862ce6e6b"
"1662","Couleur Tendresse (Acoustic Piano Version)","Les Nouvelles Ballades Romantique","1994","1994-10-26","DE","Album","1","14","CD","219106","Les Nouvelles Ballades Romantique","1994","Richard Clayderman","8bf8f13e-8765-45b5-88ad-cda862ce6e6b"
"1663","Ce Soir, Je T'aime Mon Amour (Französische Version)","Les Nouvelles Ballades Romantique","1994","1994-10-26","DE","Album","1","15","CD","235693","Les Nouvelles Ballades Romantique","1994","Richard Clayderman & Claudia Jung","8bf8f13e-8765-45b5-88ad-cda862ce6e6b"
"1664","La voce della musica","In Amore","1995","1995","NL","Album","1","1","CD","189600","In Amore","1995","Richard Clayderman duet with Barbara Cola","4bf9edb4-c789-43fa-a1aa-bb5c59b145b1"
"1665","Come saprei","In Amore","1995","1995","NL","Album","1","2","CD","181000","In Amore","1995","Richard Clayderman","4bf9edb4-c789-43fa-a1aa-bb5c59b145b1"
"1666","T'innamorerai","In Amore","1995","1995","NL","Album","1","3","CD","222000","In Amore","1995","Richard Clayderman","4bf9edb4-c789-43fa-a1aa-bb5c59b145b1"
"1667","Persone silenziose","In Amore","1995","1995","NL","Album","1","4","CD","270000","In Amore","1995","Richard Clayderman","4bf9edb4-c789-43fa-a1aa-bb5c59b145b1"
"1668","Una lunga storia d'amore","In Amore","1995","1995","NL","Album","1","5","CD","158000","In Amore","1995","Richard Clayderman","4bf9edb4-c789-43fa-a1aa-bb5c59b145b1"
"1669","Cinque giorni","In Amore","1995","1995","NL","Album","1","6","CD","217000","In Amore","1995","Richard Clayderman","4bf9edb4-c789-43fa-a1aa-bb5c59b145b1"
"1670","Le ragazze","In Amore","1995","1995","NL","Album","1","7","CD","182000","In Amore","1995","Richard Clayderman","4bf9edb4-c789-43fa-a1aa-bb5c59b145b1"
"1671","In amore","In Amore","1995","1995","NL","Album","1","8","CD","245000","In Amore","1995","Richard Clayderman","4bf9edb4-c789-43fa-a1aa-bb5c59b145b1"
"1672","Diamante","In Amore","1995","1995","NL","Album","1","9","CD","197000","In Amore","1995","Richard Clayderman","4bf9edb4-c789-43fa-a1aa-bb5c59b145b1"
"1673","Vivere","In Amore","1995","1995","NL","Album","1","10","CD","178000","In Amore","1995","Richard Clayderman","4bf9edb4-c789-43fa-a1aa-bb5c59b145b1"
"1674","Le lacrime d'Amore","In Amore","1995","1995","NL","Album","1","11","CD","183000","In Amore","1995","Richard Clayderman","4bf9edb4-c789-43fa-a1aa-bb5c59b145b1"
"1675","E cosi' addio","In Amore","1995","1995","NL","Album","1","12","CD","244000","In Amore","1995","Richard Clayderman duet with Anonimo Italiano","4bf9edb4-c789-43fa-a1aa-bb5c59b145b1"
"1676","Ballade pour Adeline","Kenny Rogers… Going Home / Richard Clayderman in Concert","1995","1995","XE","Album","1","B16","DVD-Video","167000","Kenny Rogers… Going Home / Richard Clayderman in Concert","1995","Richard Clayderman","4452542d-6f06-4ac7-8ea1-c490ec9ed950"
"1677","Chariots of Fire","Kenny Rogers… Going Home / Richard Clayderman in Concert","1995","1995","XE","Album","1","B12","DVD-Video","190000","Kenny Rogers… Going Home / Richard Clayderman in Concert","1995","Richard Clayderman","4452542d-6f06-4ac7-8ea1-c490ec9ed950"
"1678","Concerto pour une jeune fille","Kenny Rogers… Going Home / Richard Clayderman in Concert","1995","1995","XE","Album","1","B13","DVD-Video","176000","Kenny Rogers… Going Home / Richard Clayderman in Concert","1995","Richard Clayderman","4452542d-6f06-4ac7-8ea1-c490ec9ed950"
"1679","Feelings","Kenny Rogers… Going Home / Richard Clayderman in Concert","1995","1995","XE","Album","1","B10","DVD-Video","183000","Kenny Rogers… Going Home / Richard Clayderman in Concert","1995","Richard Clayderman","4452542d-6f06-4ac7-8ea1-c490ec9ed950"
"1680","Going Home","Kenny Rogers… Going Home / Richard Clayderman in Concert","1995","1995","XE","Album","1","A","DVD-Video","3507000","Kenny Rogers… Going Home / Richard Clayderman in Concert","1995","Kenny Rogers","4452542d-6f06-4ac7-8ea1-c490ec9ed950"
"1681","Interview","Kenny Rogers… Going Home / Richard Clayderman in Concert","1995","1995","XE","Album","1","B1","DVD-Video","307000","Kenny Rogers… Going Home / Richard Clayderman in Concert","1995","Richard Clayderman","4452542d-6f06-4ac7-8ea1-c490ec9ed950"
"1682","La vie en rose","Kenny Rogers… Going Home / Richard Clayderman in Concert","1995","1995","XE","Album","1","B11","DVD-Video","143000","Kenny Rogers… Going Home / Richard Clayderman in Concert","1995","Richard Clayderman","4452542d-6f06-4ac7-8ea1-c490ec9ed950"
"1683","Les Oiseaux","Kenny Rogers… Going Home / Richard Clayderman in Concert","1995","1995","XE","Album","1","B4","DVD-Video","260000","Kenny Rogers… Going Home / Richard Clayderman in Concert","1995","Richard Clayderman","4452542d-6f06-4ac7-8ea1-c490ec9ed950"
"1684","Masais","Kenny Rogers… Going Home / Richard Clayderman in Concert","1995","1995","XE","Album","1","B7","DVD-Video","268000","Kenny Rogers… Going Home / Richard Clayderman in Concert","1995","Richard Clayderman","4452542d-6f06-4ac7-8ea1-c490ec9ed950"
"1685","Medley","Kenny Rogers… Going Home / Richard Clayderman in Concert","1995","1995","XE","Album","1","B3","DVD-Video","435000","Kenny Rogers… Going Home / Richard Clayderman in Concert","1995","Richard Clayderman","4452542d-6f06-4ac7-8ea1-c490ec9ed950"
"1686","My Way","Kenny Rogers… Going Home / Richard Clayderman in Concert","1995","1995","XE","Album","1","B2","DVD-Video","165000","Kenny Rogers… Going Home / Richard Clayderman in Concert","1995","Richard Clayderman","4452542d-6f06-4ac7-8ea1-c490ec9ed950"
"1687","Nostalgy","Kenny Rogers… Going Home / Richard Clayderman in Concert","1995","1995","XE","Album","1","B15","DVD-Video","154000","Kenny Rogers… Going Home / Richard Clayderman in Concert","1995","Richard Clayderman","4452542d-6f06-4ac7-8ea1-c490ec9ed950"
"1688","People","Kenny Rogers… Going Home / Richard Clayderman in Concert","1995","1995","XE","Album","1","B9","DVD-Video","216000","Kenny Rogers… Going Home / Richard Clayderman in Concert","1995","Richard Clayderman","4452542d-6f06-4ac7-8ea1-c490ec9ed950"
"1689","Root Beer Rag","Kenny Rogers… Going Home / Richard Clayderman in Concert","1995","1995","XE","Album","1","B17","DVD-Video","156000","Kenny Rogers… Going Home / Richard Clayderman in Concert","1995","Richard Clayderman","4452542d-6f06-4ac7-8ea1-c490ec9ed950"
"1690","Vierge","Kenny Rogers… Going Home / Richard Clayderman in Concert","1995","1995","XE","Album","1","B6","DVD-Video","218000","Kenny Rogers… Going Home / Richard Clayderman in Concert","1995","Richard Clayderman","4452542d-6f06-4ac7-8ea1-c490ec9ed950"
"1691","We Are the World","Kenny Rogers… Going Home / Richard Clayderman in Concert","1995","1995","XE","Album","1","B18","DVD-Video","178000","Kenny Rogers… Going Home / Richard Clayderman in Concert","1995","Richard Clayderman","4452542d-6f06-4ac7-8ea1-c490ec9ed950"
"1692","West Side Story Medley","Kenny Rogers… Going Home / Richard Clayderman in Concert","1995","1995","XE","Album","1","B5","DVD-Video","373000","Kenny Rogers… Going Home / Richard Clayderman in Concert","1995","Richard Clayderman","4452542d-6f06-4ac7-8ea1-c490ec9ed950"
"1693","You Are My World","Kenny Rogers… Going Home / Richard Clayderman in Concert","1995","1995","XE","Album","1","B8","DVD-Video","257000","Kenny Rogers… Going Home / Richard Clayderman in Concert","1995","Richard Clayderman","4452542d-6f06-4ac7-8ea1-c490ec9ed950"
"1694","Zanur","Kenny Rogers… Going Home / Richard Clayderman in Concert","1995","1995","XE","Album","1","B14","DVD-Video","288000","Kenny Rogers… Going Home / Richard Clayderman in Concert","1995","Richard Clayderman","4452542d-6f06-4ac7-8ea1-c490ec9ed950"
"1695","Ballade pour Adeline","La Romance (The Very Best Of)","1995","1995","DE","Album","1","1","CD","158666","La Romance (The Very Best Of)","1995","Richard Clayderman","746a58f0-51e0-4a08-955c-9e19dcf2783d"
"1696","When a Man Loves a Woman","La Romance (The Very Best Of)","1995","1995","DE","Album","1","2","CD","168266","La Romance (The Very Best Of)","1995","Richard Clayderman","746a58f0-51e0-4a08-955c-9e19dcf2783d"
"1697","As Time Goes By","La Romance (The Very Best Of)","1995","1995","DE","Album","1","3","CD","141133","La Romance (The Very Best Of)","1995","Richard Clayderman","746a58f0-51e0-4a08-955c-9e19dcf2783d"
"1698","Dolannes Melodie","La Romance (The Very Best Of)","1995","1995","DE","Album","1","4","CD","204600","La Romance (The Very Best Of)","1995","Richard Clayderman","746a58f0-51e0-4a08-955c-9e19dcf2783d"
"1699","Mondscheinsonate","La Romance (The Very Best Of)","1995","1995","DE","Album","1","5","CD","194333","La Romance (The Very Best Of)","1995","Richard Clayderman","746a58f0-51e0-4a08-955c-9e19dcf2783d"
"1700","Für Elise","La Romance (The Very Best Of)","1995","1995","DE","Album","1","6","CD","147466","La Romance (The Very Best Of)","1995","Richard Clayderman","746a58f0-51e0-4a08-955c-9e19dcf2783d"
"1701","Klavierkonzert Nr.1","La Romance (The Very Best Of)","1995","1995","DE","Album","1","7","CD","237600","La Romance (The Very Best Of)","1995","Richard Clayderman","746a58f0-51e0-4a08-955c-9e19dcf2783d"
"1702","Klavierkonzert Nr.21","La Romance (The Very Best Of)","1995","1995","DE","Album","1","8","CD","202240","La Romance (The Very Best Of)","1995","Richard Clayderman","746a58f0-51e0-4a08-955c-9e19dcf2783d"
"1703","Liebestraum","La Romance (The Very Best Of)","1995","1995","DE","Album","1","9","CD","190560","La Romance (The Very Best Of)","1995","Richard Clayderman","746a58f0-51e0-4a08-955c-9e19dcf2783d"
"1704","Unchained Melody (Chinese Cafe)","La Romance (The Very Best Of)","1995","1995","DE","Album","1","10","CD","186600","La Romance (The Very Best Of)","1995","Richard Clayderman","746a58f0-51e0-4a08-955c-9e19dcf2783d"
"1705","Yesterday","La Romance (The Very Best Of)","1995","1995","DE","Album","1","11","CD","144400","La Romance (The Very Best Of)","1995","Richard Clayderman","746a58f0-51e0-4a08-955c-9e19dcf2783d"
"1706","Chiquitita","La Romance (The Very Best Of)","1995","1995","DE","Album","1","12","CD","208200","La Romance (The Very Best Of)","1995","Richard Clayderman","746a58f0-51e0-4a08-955c-9e19dcf2783d"
"1707","Moon River","La Romance (The Very Best Of)","1995","1995","DE","Album","1","13","CD","194640","La Romance (The Very Best Of)","1995","Richard Clayderman","746a58f0-51e0-4a08-955c-9e19dcf2783d"
"1708","Strangers in the Night","La Romance (The Very Best Of)","1995","1995","DE","Album","1","14","CD","196893","La Romance (The Very Best Of)","1995","Richard Clayderman","746a58f0-51e0-4a08-955c-9e19dcf2783d"
"1709","Love Story","La Romance (The Very Best Of)","1995","1995","DE","Album","1","15","CD","181733","La Romance (The Very Best Of)","1995","Richard Clayderman","746a58f0-51e0-4a08-955c-9e19dcf2783d"
"1710","Medley","La Romance (The Very Best Of)","1995","1995","DE","Album","1","16","CD","412666","La Romance (The Very Best Of)","1995","Richard Clayderman","746a58f0-51e0-4a08-955c-9e19dcf2783d"
"1711","Yesterday Once More","The Carpenters Collection","1995","1995","FR","Album","1","1","CD","207000","The Carpenters Collection","1995","Richard Clayderman","49693fc8-8aea-4981-b1f5-95b0bcdd13a5"
"1712","There's a Kind of Hush (All Over the World)","The Carpenters Collection","1995","1995","FR","Album","1","2","CD","202000","The Carpenters Collection","1995","Richard Clayderman","49693fc8-8aea-4981-b1f5-95b0bcdd13a5"
"1713","We've Only Just Begun","The Carpenters Collection","1995","1995","FR","Album","1","3","CD","238000","The Carpenters Collection","1995","Richard Clayderman","49693fc8-8aea-4981-b1f5-95b0bcdd13a5"
"1714","Superstar","The Carpenters Collection","1995","1995","FR","Album","1","4","CD","227000","The Carpenters Collection","1995","Richard Clayderman","49693fc8-8aea-4981-b1f5-95b0bcdd13a5"
"1715","Top of the Word","The Carpenters Collection","1995","1995","FR","Album","1","5","CD","187000","The Carpenters Collection","1995","Richard Clayderman","49693fc8-8aea-4981-b1f5-95b0bcdd13a5"
"1716","Rainy Days and Mondays","The Carpenters Collection","1995","1995","FR","Album","1","6","CD","185000","The Carpenters Collection","1995","Richard Clayderman","49693fc8-8aea-4981-b1f5-95b0bcdd13a5"
"1717","(They long to Be) Close to You","The Carpenters Collection","1995","1995","FR","Album","1","7","CD","211000","The Carpenters Collection","1995","Richard Clayderman","49693fc8-8aea-4981-b1f5-95b0bcdd13a5"
"1718","Only Yesterday","The Carpenters Collection","1995","1995","FR","Album","1","8","CD","277000","The Carpenters Collection","1995","Richard Clayderman","49693fc8-8aea-4981-b1f5-95b0bcdd13a5"
"1719","For All We Know","The Carpenters Collection","1995","1995","FR","Album","1","9","CD","188000","The Carpenters Collection","1995","Richard Clayderman","49693fc8-8aea-4981-b1f5-95b0bcdd13a5"
"1720","Please Mr Postman","The Carpenters Collection","1995","1995","FR","Album","1","10","CD","142000","The Carpenters Collection","1995","Richard Clayderman","49693fc8-8aea-4981-b1f5-95b0bcdd13a5"
"1721","I Won't Last Day Without You","The Carpenters Collection","1995","1995","FR","Album","1","11","CD","247000","The Carpenters Collection","1995","Richard Clayderman","49693fc8-8aea-4981-b1f5-95b0bcdd13a5"
"1722","Solitaire","The Carpenters Collection","1995","1995","FR","Album","1","12","CD","255000","The Carpenters Collection","1995","Richard Clayderman","49693fc8-8aea-4981-b1f5-95b0bcdd13a5"
"1723","For All We Know / We've Only Just Begun","The Carpenters Collection","1995","1995","FR","Album","1","13","CD","258000","The Carpenters Collection","1995","Richard Clayderman","49693fc8-8aea-4981-b1f5-95b0bcdd13a5"
"1724","Sing","The Carpenters Collection","1995","1995","FR","Album","1","14","CD","220000","The Carpenters Collection","1995","Richard Clayderman","49693fc8-8aea-4981-b1f5-95b0bcdd13a5"
"1725","荒城の月","JAPON MON AMOUR","1995","1995-04-21","JP","Album","1","1","CD","169000","JAPON MON AMOUR","1995","Richard Clayderman & Raymond Lefèvre","98b13a5e-545d-45f9-805e-5ee10df288fe"
"1726","青葉城恋唄","JAPON MON AMOUR","1995","1995-04-21","JP","Album","1","2","CD","201000","JAPON MON AMOUR","1995","Richard Clayderman & Raymond Lefèvre","98b13a5e-545d-45f9-805e-5ee10df288fe"
"1727","夏の思い出","JAPON MON AMOUR","1995","1995-04-21","JP","Album","1","3","CD","207000","JAPON MON AMOUR","1995","Richard Clayderman & Raymond Lefèvre","98b13a5e-545d-45f9-805e-5ee10df288fe"
"1728","山田耕筰メドレー この道～ペチカ～赤とんぼ～中国地方の子守歌","JAPON MON AMOUR","1995","1995-04-21","JP","Album","1","4","CD","357000","JAPON MON AMOUR","1995","Richard Clayderman & Raymond Lefèvre","98b13a5e-545d-45f9-805e-5ee10df288fe"
"1729","浜辺の歌","JAPON MON AMOUR","1995","1995-04-21","JP","Album","1","5","CD","183000","JAPON MON AMOUR","1995","Richard Clayderman & Raymond Lefèvre","98b13a5e-545d-45f9-805e-5ee10df288fe"
"1730","北上夜曲","JAPON MON AMOUR","1995","1995-04-21","JP","Album","1","6","CD","163000","JAPON MON AMOUR","1995","Richard Clayderman & Raymond Lefèvre","98b13a5e-545d-45f9-805e-5ee10df288fe"
"1731","故郷","JAPON MON AMOUR","1995","1995-04-21","JP","Album","1","7","CD","139000","JAPON MON AMOUR","1995","Richard Clayderman & Raymond Lefèvre","98b13a5e-545d-45f9-805e-5ee10df288fe"
"1732","竹田の子守歌","JAPON MON AMOUR","1995","1995-04-21","JP","Album","1","8","CD","155000","JAPON MON AMOUR","1995","Richard Clayderman & Raymond Lefèvre","98b13a5e-545d-45f9-805e-5ee10df288fe"
"1733","早春賦","JAPON MON AMOUR","1995","1995-04-21","JP","Album","1","9","CD","219000","JAPON MON AMOUR","1995","Richard Clayderman & Raymond Lefèvre","98b13a5e-545d-45f9-805e-5ee10df288fe"
"1734","さくら貝の歌","JAPON MON AMOUR","1995","1995-04-21","JP","Album","1","10","CD","191000","JAPON MON AMOUR","1995","Richard Clayderman & Raymond Lefèvre","98b13a5e-545d-45f9-805e-5ee10df288fe"
"1735","花","JAPON MON AMOUR","1995","1995-04-21","JP","Album","1","11","CD","217000","JAPON MON AMOUR","1995","Richard Clayderman & Raymond Lefèvre","98b13a5e-545d-45f9-805e-5ee10df288fe"
"1736","知床旅情","JAPON MON AMOUR","1995","1995-04-21","JP","Album","1","12","CD","233000","JAPON MON AMOUR","1995","Richard Clayderman & Raymond Lefèvre","98b13a5e-545d-45f9-805e-5ee10df288fe"
"1737","さくらさくら","JAPON MON AMOUR","1995","1995-04-21","JP","Album","1","13","CD","187000","JAPON MON AMOUR","1995","Richard Clayderman & Raymond Lefèvre","98b13a5e-545d-45f9-805e-5ee10df288fe"
"1738","The Phantom of the Opera","Coleção Richard Clayderman - Vol. 10 - Sucessos de Andrew Lloyd Webber","1996","1996","BR","Album","1","1","CD","286600","The Love Songs of Andrew Lloyd Webber","1989","Richard Clayderman","ff91fb0d-3b2d-47ee-b057-33277ca0d23b"
"1739","The Music of the Night","Coleção Richard Clayderman - Vol. 10 - Sucessos de Andrew Lloyd Webber","1996","1996","BR","Album","1","2","CD","331293","The Love Songs of Andrew Lloyd Webber","1989","Richard Clayderman","ff91fb0d-3b2d-47ee-b057-33277ca0d23b"
"1740","Love Changes Everything","Coleção Richard Clayderman - Vol. 10 - Sucessos de Andrew Lloyd Webber","1996","1996","BR","Album","1","3","CD","315733","The Love Songs of Andrew Lloyd Webber","1989","Richard Clayderman","ff91fb0d-3b2d-47ee-b057-33277ca0d23b"
"1741","High Flying Adored","Coleção Richard Clayderman - Vol. 10 - Sucessos de Andrew Lloyd Webber","1996","1996","BR","Album","1","4","CD","267400","The Love Songs of Andrew Lloyd Webber","1989","Richard Clayderman","ff91fb0d-3b2d-47ee-b057-33277ca0d23b"
"1742","Seeing Is Believing","Coleção Richard Clayderman - Vol. 10 - Sucessos de Andrew Lloyd Webber","1996","1996","BR","Album","1","5","CD","215106","The Love Songs of Andrew Lloyd Webber","1989","Richard Clayderman","ff91fb0d-3b2d-47ee-b057-33277ca0d23b"
"1743","All I Ask of You","Coleção Richard Clayderman - Vol. 10 - Sucessos de Andrew Lloyd Webber","1996","1996","BR","Album","1","6","CD","212066","The Love Songs of Andrew Lloyd Webber","1989","Richard Clayderman","ff91fb0d-3b2d-47ee-b057-33277ca0d23b"
"1744","Don't Cry for Me Argentina","Coleção Richard Clayderman - Vol. 10 - Sucessos de Andrew Lloyd Webber","1996","1996","BR","Album","1","7","CD","215960","The Love Songs of Andrew Lloyd Webber","1989","Richard Clayderman","ff91fb0d-3b2d-47ee-b057-33277ca0d23b"
"1745","Another Suitcase in Another Hall","Coleção Richard Clayderman - Vol. 10 - Sucessos de Andrew Lloyd Webber","1996","1996","BR","Album","1","8","CD","196333","The Love Songs of Andrew Lloyd Webber","1989","Richard Clayderman","ff91fb0d-3b2d-47ee-b057-33277ca0d23b"
"1746","Tell Me on a Sunday","Coleção Richard Clayderman - Vol. 10 - Sucessos de Andrew Lloyd Webber","1996","1996","BR","Album","1","9","CD","284306","The Love Songs of Andrew Lloyd Webber","1989","Richard Clayderman","ff91fb0d-3b2d-47ee-b057-33277ca0d23b"
"1747","I Don't Know How to Love Him","Coleção Richard Clayderman - Vol. 10 - Sucessos de Andrew Lloyd Webber","1996","1996","BR","Album","1","10","CD","244200","The Love Songs of Andrew Lloyd Webber","1989","Richard Clayderman","ff91fb0d-3b2d-47ee-b057-33277ca0d23b"
"1748","Memory","Coleção Richard Clayderman - Vol. 10 - Sucessos de Andrew Lloyd Webber","1996","1996","BR","Album","1","11","CD","328560","The Love Songs of Andrew Lloyd Webber","1989","Richard Clayderman","ff91fb0d-3b2d-47ee-b057-33277ca0d23b"
"1749","Take That Look Off Your Face","Coleção Richard Clayderman - Vol. 10 - Sucessos de Andrew Lloyd Webber","1996","1996","BR","Album","1","12","CD","238893","The Love Songs of Andrew Lloyd Webber","1989","Richard Clayderman","ff91fb0d-3b2d-47ee-b057-33277ca0d23b"
"1750","La voce della musica","Coleção Richard Clayderman - Vol. 5 - Sucessos da Música Italiana","1996","1996","BR","Album","1","1","CD","189600","In Amore","1995","Richard Clayderman duet with Barbara Cola","c1c03913-e95b-457b-a207-b605520469a7"
"1751","Come saprei","Coleção Richard Clayderman - Vol. 5 - Sucessos da Música Italiana","1996","1996","BR","Album","1","2","CD","181000","In Amore","1995","Richard Clayderman","c1c03913-e95b-457b-a207-b605520469a7"
"1752","T'innamorerai","Coleção Richard Clayderman - Vol. 5 - Sucessos da Música Italiana","1996","1996","BR","Album","1","3","CD","222000","In Amore","1995","Richard Clayderman","c1c03913-e95b-457b-a207-b605520469a7"
"1753","Persone silenziose","Coleção Richard Clayderman - Vol. 5 - Sucessos da Música Italiana","1996","1996","BR","Album","1","4","CD","270000","In Amore","1995","Richard Clayderman","c1c03913-e95b-457b-a207-b605520469a7"
"1754","Una lunga storia d'amore","Coleção Richard Clayderman - Vol. 5 - Sucessos da Música Italiana","1996","1996","BR","Album","1","5","CD","158000","In Amore","1995","Richard Clayderman","c1c03913-e95b-457b-a207-b605520469a7"
"1755","Cinque giorni","Coleção Richard Clayderman - Vol. 5 - Sucessos da Música Italiana","1996","1996","BR","Album","1","6","CD","217000","In Amore","1995","Richard Clayderman","c1c03913-e95b-457b-a207-b605520469a7"
"1756","Le ragazze","Coleção Richard Clayderman - Vol. 5 - Sucessos da Música Italiana","1996","1996","BR","Album","1","7","CD","182000","In Amore","1995","Richard Clayderman","c1c03913-e95b-457b-a207-b605520469a7"
"1757","In amore","Coleção Richard Clayderman - Vol. 5 - Sucessos da Música Italiana","1996","1996","BR","Album","1","8","CD","245000","In Amore","1995","Richard Clayderman","c1c03913-e95b-457b-a207-b605520469a7"
"1758","Diamante","Coleção Richard Clayderman - Vol. 5 - Sucessos da Música Italiana","1996","1996","BR","Album","1","9","CD","197000","In Amore","1995","Richard Clayderman","c1c03913-e95b-457b-a207-b605520469a7"
"1759","Vivere","Coleção Richard Clayderman - Vol. 5 - Sucessos da Música Italiana","1996","1996","BR","Album","1","10","CD","178000","In Amore","1995","Richard Clayderman","c1c03913-e95b-457b-a207-b605520469a7"
"1760","Le lacrime d'Amore","Coleção Richard Clayderman - Vol. 5 - Sucessos da Música Italiana","1996","1996","BR","Album","1","11","CD","183000","In Amore","1995","Richard Clayderman","c1c03913-e95b-457b-a207-b605520469a7"
"1761","E cosi' addio","Coleção Richard Clayderman - Vol. 5 - Sucessos da Música Italiana","1996","1996","BR","Album","1","12","CD","244000","In Amore","1995","Richard Clayderman duet with Anonimo Italiano","c1c03913-e95b-457b-a207-b605520469a7"
"1762","Una lacrima sul viso","Coleção Richard Clayderman - Vol. 5 - Sucessos da Música Italiana","1996","1996","BR","Album","1","13","CD","165000","In Amore","1995","Richard Clayderman","c1c03913-e95b-457b-a207-b605520469a7"
"1763","Io che non vivo (senza te)","Coleção Richard Clayderman - Vol. 5 - Sucessos da Música Italiana","1996","1996","BR","Album","1","14","CD","187000","In Amore","1995","Richard Clayderman","c1c03913-e95b-457b-a207-b605520469a7"
"1764","Gimme! Gimme! Gimme! (A Man After Midnight)","Coleção Richard Clayderman - Vol. 9 - Sucessos do ABBA","1996","1996","BR","Album","1","1","CD","238000","The ABBA Collection","1993","Richard Clayderman","fdb4d491-9886-4c2a-a8c0-82c9a6e68260"
"1765","The Winner Takes It All","Coleção Richard Clayderman - Vol. 9 - Sucessos do ABBA","1996","1996","BR","Album","1","2","CD","183000","The ABBA Collection","1993","Richard Clayderman","fdb4d491-9886-4c2a-a8c0-82c9a6e68260"
"1766","Chiquitita","Coleção Richard Clayderman - Vol. 9 - Sucessos do ABBA","1996","1996","BR","Album","1","3","CD","206000","The ABBA Collection","1993","Richard Clayderman","fdb4d491-9886-4c2a-a8c0-82c9a6e68260"
"1767","Fernando","Coleção Richard Clayderman - Vol. 9 - Sucessos do ABBA","1996","1996","BR","Album","1","4","CD","255000","The ABBA Collection","1993","Richard Clayderman","fdb4d491-9886-4c2a-a8c0-82c9a6e68260"
"1768","Mamma Mia","Coleção Richard Clayderman - Vol. 9 - Sucessos do ABBA","1996","1996","BR","Album","1","5","CD","190000","The ABBA Collection","1993","Richard Clayderman","fdb4d491-9886-4c2a-a8c0-82c9a6e68260"
"1769","Dancing Queen","Coleção Richard Clayderman - Vol. 9 - Sucessos do ABBA","1996","1996","BR","Album","1","6","CD","225000","The ABBA Collection","1993","Richard Clayderman","fdb4d491-9886-4c2a-a8c0-82c9a6e68260"
"1770","I Have A Dream","Coleção Richard Clayderman - Vol. 9 - Sucessos do ABBA","1996","1996","BR","Album","1","7","CD","185000","The ABBA Collection","1993","Richard Clayderman","fdb4d491-9886-4c2a-a8c0-82c9a6e68260"
"1771","The Name of the Game","Coleção Richard Clayderman - Vol. 9 - Sucessos do ABBA","1996","1996","BR","Album","1","8","CD","200000","The ABBA Collection","1993","Richard Clayderman","fdb4d491-9886-4c2a-a8c0-82c9a6e68260"
"1772","Lay All Your Love On Me","Coleção Richard Clayderman - Vol. 9 - Sucessos do ABBA","1996","1996","BR","Album","1","9","CD","220000","The ABBA Collection","1993","Richard Clayderman","fdb4d491-9886-4c2a-a8c0-82c9a6e68260"
"1773","Knowing Me, Knowing You","Coleção Richard Clayderman - Vol. 9 - Sucessos do ABBA","1996","1996","BR","Album","1","10","CD","257000","The ABBA Collection","1993","Richard Clayderman","fdb4d491-9886-4c2a-a8c0-82c9a6e68260"
"1774","One of Us","Coleção Richard Clayderman - Vol. 9 - Sucessos do ABBA","1996","1996","BR","Album","1","11","CD","254000","The ABBA Collection","1993","Richard Clayderman","fdb4d491-9886-4c2a-a8c0-82c9a6e68260"
"1775","S.O.S.","Coleção Richard Clayderman - Vol. 9 - Sucessos do ABBA","1996","1996","BR","Album","1","12","CD","250000","The ABBA Collection","1993","Richard Clayderman","fdb4d491-9886-4c2a-a8c0-82c9a6e68260"
"1776","Money Money","Coleção Richard Clayderman - Vol. 9 - Sucessos do ABBA","1996","1996","BR","Album","1","13","CD","220000","The ABBA Collection","1993","Richard Clayderman","fdb4d491-9886-4c2a-a8c0-82c9a6e68260"
"1777","Waterloo","Coleção Richard Clayderman - Vol. 9 - Sucessos do ABBA","1996","1996","BR","Album","1","14","CD","180000","The ABBA Collection","1993","Richard Clayderman","fdb4d491-9886-4c2a-a8c0-82c9a6e68260"
"1778","Conceição","My Brazilian Collection III","1996","1996","BR","Album","1","1","CD","195000","My Brazilian Collection III","1996","Richard Clayderman","cd06cc1e-bd7c-4e4e-b917-a1f68ee8c0d2"
"1779","Codinome Beija-Flor","My Brazilian Collection III","1996","1996","BR","Album","1","2","CD","233000","My Brazilian Collection III","1996","Richard Clayderman","cd06cc1e-bd7c-4e4e-b917-a1f68ee8c0d2"
"1780","Primavera (vai chuva)","My Brazilian Collection III","1996","1996","BR","Album","1","3","CD","208000","My Brazilian Collection III","1996","Richard Clayderman","cd06cc1e-bd7c-4e4e-b917-a1f68ee8c0d2"
"1781","Super-homem (a canção)","My Brazilian Collection III","1996","1996","BR","Album","1","4","CD","151000","My Brazilian Collection III","1996","Richard Clayderman","cd06cc1e-bd7c-4e4e-b917-a1f68ee8c0d2"
"1782","Travessia","My Brazilian Collection III","1996","1996","BR","Album","1","5","CD","217000","My Brazilian Collection III","1996","Richard Clayderman","cd06cc1e-bd7c-4e4e-b917-a1f68ee8c0d2"
"1783","Gente humilde","My Brazilian Collection III","1996","1996","BR","Album","1","6","CD","205000","My Brazilian Collection III","1996","Richard Clayderman","cd06cc1e-bd7c-4e4e-b917-a1f68ee8c0d2"
"1784","Só louco","My Brazilian Collection III","1996","1996","BR","Album","1","7","CD","155000","My Brazilian Collection III","1996","Richard Clayderman","cd06cc1e-bd7c-4e4e-b917-a1f68ee8c0d2"
"1785","Você é linda","My Brazilian Collection III","1996","1996","BR","Album","1","8","CD","221000","My Brazilian Collection III","1996","Richard Clayderman","cd06cc1e-bd7c-4e4e-b917-a1f68ee8c0d2"
"1786","De volta pro aconchego","My Brazilian Collection III","1996","1996","BR","Album","1","9","CD","274000","My Brazilian Collection III","1996","Richard Clayderman","cd06cc1e-bd7c-4e4e-b917-a1f68ee8c0d2"
"1787","Todo azul do mar","My Brazilian Collection III","1996","1996","BR","Album","1","10","CD","199000","My Brazilian Collection III","1996","Richard Clayderman","cd06cc1e-bd7c-4e4e-b917-a1f68ee8c0d2"
"1788","Na rua, na chuva, na fazenda","My Brazilian Collection III","1996","1996","BR","Album","1","11","CD","180000","My Brazilian Collection III","1996","Richard Clayderman","cd06cc1e-bd7c-4e4e-b917-a1f68ee8c0d2"
"1789","As rosas não falam","My Brazilian Collection III","1996","1996","BR","Album","1","12","CD","176000","My Brazilian Collection III","1996","Richard Clayderman","cd06cc1e-bd7c-4e4e-b917-a1f68ee8c0d2"
"1790","Love Me Tender","Romantic Piano","1996","1996","CA","Album","1","1","CD","141413","Romantic Piano","1996","Richard Clayderman","568ca63c-9fe3-49bf-afe3-efc2952608b6"
"1791","The Phantom of the Opera","Romantic Piano","1996","1996","CA","Album","1","2","CD","286253","Romantic Piano","1996","Richard Clayderman","568ca63c-9fe3-49bf-afe3-efc2952608b6"
"1792","People","Romantic Piano","1996","1996","CA","Album","1","3","CD","218480","Romantic Piano","1996","Richard Clayderman","568ca63c-9fe3-49bf-afe3-efc2952608b6"
"1793","Lara’s Theme","Romantic Piano","1996","1996","CA","Album","1","4","CD","155026","Romantic Piano","1996","Richard Clayderman","568ca63c-9fe3-49bf-afe3-efc2952608b6"
"1794","Moon River","Romantic Piano","1996","1996","CA","Album","1","5","CD","195706","Romantic Piano","1996","Richard Clayderman","568ca63c-9fe3-49bf-afe3-efc2952608b6"
"1795","Wind Beneath My Wings","Romantic Piano","1996","1996","CA","Album","1","6","CD","202493","Romantic Piano","1996","Richard Clayderman","568ca63c-9fe3-49bf-afe3-efc2952608b6"
"1796","We’ve Only Just Begun","Romantic Piano","1996","1996","CA","Album","1","7","CD","240880","Romantic Piano","1996","Richard Clayderman","568ca63c-9fe3-49bf-afe3-efc2952608b6"
"1797","Medley: Always There / Anyone Can Fall in Love","Songs of Love","1996","1996","","Album","1","1","CD","246000","Songs of love","1987","Richard Clayderman","ebb212b3-8aaf-44e5-b059-88e8b95d2145"
"1798","Nikita","Songs of Love","1996","1996","","Album","1","2","CD","227000","Songs of love","1987","Richard Clayderman","ebb212b3-8aaf-44e5-b059-88e8b95d2145"
"1799","Do You Know Where You’re Going To","Songs of Love","1996","1996","","Album","1","3","CD","209000","Songs of love","1987","Richard Clayderman","ebb212b3-8aaf-44e5-b059-88e8b95d2145"
"1800","Medley: The Lady in Red / Take My Breath Away","Songs of Love","1996","1996","","Album","1","4","CD","252000","Songs of love","1987","Richard Clayderman","ebb212b3-8aaf-44e5-b059-88e8b95d2145"
"1801","You Are My World","Songs of Love","1996","1996","","Album","1","5","CD","265000","Songs of love","1987","Richard Clayderman","ebb212b3-8aaf-44e5-b059-88e8b95d2145"
"1802","We Are the World","Songs of Love","1996","1996","","Album","1","6","CD","161000","Songs of love","1987","Richard Clayderman","ebb212b3-8aaf-44e5-b059-88e8b95d2145"
"1803","Theme from The Bretts","Songs of Love","1996","1996","","Album","1","7","CD","185000","Songs of love","1987","Richard Clayderman","ebb212b3-8aaf-44e5-b059-88e8b95d2145"
"1804","I Know Him So Well","Songs of Love","1996","1996","","Album","1","8","CD","243000","Songs of love","1987","Richard Clayderman","ebb212b3-8aaf-44e5-b059-88e8b95d2145"
"1805","Eleana","Songs of Love","1996","1996","","Album","1","9","CD","219000","Songs of love","1987","Richard Clayderman","ebb212b3-8aaf-44e5-b059-88e8b95d2145"
"1806","Colin Maillard","Songs of Love","1996","1996","","Album","1","10","CD","196000","Songs of love","1987","Richard Clayderman","ebb212b3-8aaf-44e5-b059-88e8b95d2145"
"1807","Eroica","Songs of Love","1996","1996","","Album","1","11","CD","284000","Songs of love","1987","Richard Clayderman","ebb212b3-8aaf-44e5-b059-88e8b95d2145"
"1808","La Sorellina","Songs of Love","1996","1996","","Album","1","12","CD","187000","Songs of love","1987","Richard Clayderman","ebb212b3-8aaf-44e5-b059-88e8b95d2145"
"1809","All by Myself","Songs of Love","1996","1996","","Album","1","13","CD","189000","Songs of love","1987","Richard Clayderman","ebb212b3-8aaf-44e5-b059-88e8b95d2145"
"1810","I Dreamed a Dream","Songs of Love","1996","1996","","Album","1","14","CD","227000","Songs of love","1987","Richard Clayderman","ebb212b3-8aaf-44e5-b059-88e8b95d2145"
"1811","All I Ask of You","Songs of Love","1996","1996","","Album","1","15","CD","203000","Songs of love","1987","Richard Clayderman","ebb212b3-8aaf-44e5-b059-88e8b95d2145"
"1812","La Cumparsita","Tango","1996","1996","FR","Album","1","1","CD","193733","Tango","1996","Richard Clayderman","e3a5db9b-56e9-4ec9-b408-ae2eb1ffa53e"
"1813","A Media Luz","Tango","1996","1996","FR","Album","1","2","CD","227133","Tango","1996","Richard Clayderman","e3a5db9b-56e9-4ec9-b408-ae2eb1ffa53e"
"1814","El Choclo","Tango","1996","1996","FR","Album","1","3","CD","183000","Tango","1996","Richard Clayderman","e3a5db9b-56e9-4ec9-b408-ae2eb1ffa53e"
"1815","Mano a Mano","Tango","1996","1996","FR","Album","1","4","CD","191200","Tango","1996","Richard Clayderman","e3a5db9b-56e9-4ec9-b408-ae2eb1ffa53e"
"1816","Volver","Tango","1996","1996","FR","Album","1","5","CD","172400","Tango","1996","Richard Clayderman","e3a5db9b-56e9-4ec9-b408-ae2eb1ffa53e"
"1817","Adiós Pampa Mía","Tango","1996","1996","FR","Album","1","6","CD","184066","Tango","1996","Richard Clayderman","e3a5db9b-56e9-4ec9-b408-ae2eb1ffa53e"
"1818","Caminito","Tango","1996","1996","FR","Album","1","7","CD","188533","Tango","1996","Richard Clayderman","e3a5db9b-56e9-4ec9-b408-ae2eb1ffa53e"
"1819","Mi Buenos Aires Querido","Tango","1996","1996","FR","Album","1","8","CD","179466","Tango","1996","Richard Clayderman","e3a5db9b-56e9-4ec9-b408-ae2eb1ffa53e"
"1820","Sys Ojos Se Cerraror","Tango","1996","1996","FR","Album","1","9","CD","201866","Tango","1996","Richard Clayderman","e3a5db9b-56e9-4ec9-b408-ae2eb1ffa53e"
"1821","El Día Que Me Quieras","Tango","1996","1996","FR","Album","1","10","CD","193000","Tango","1996","Richard Clayderman","e3a5db9b-56e9-4ec9-b408-ae2eb1ffa53e"
"1822","Tomo y Obligo","Tango","1996","1996","FR","Album","1","11","CD","139266","Tango","1996","Richard Clayderman","e3a5db9b-56e9-4ec9-b408-ae2eb1ffa53e"
"1823","Ballade Pour Adeline","The Collection","1996","1996","DK","Album","1","1","","158453","The Collection","1996","Richard Clayderman","f810f7f0-cd64-4b9f-95c2-061161cc661c"
"1824","Theme from ""Thorn Birds""","The Collection","1996","1996","DK","Album","1","2","","152746","The Collection","1996","Richard Clayderman","f810f7f0-cd64-4b9f-95c2-061161cc661c"
"1825","Für Elise","The Collection","1996","1996","DK","Album","1","3","","255426","The Collection","1996","Richard Clayderman","f810f7f0-cd64-4b9f-95c2-061161cc661c"
"1826","Nikita","The Collection","1996","1996","DK","Album","1","4","","224306","The Collection","1996","Richard Clayderman","f810f7f0-cd64-4b9f-95c2-061161cc661c"
"1827","Claire De Lune","The Collection","1996","1996","DK","Album","1","5","","292026","The Collection","1996","Richard Clayderman","f810f7f0-cd64-4b9f-95c2-061161cc661c"
"1828","Yesterday","The Collection","1996","1996","DK","Album","1","6","","145040","The Collection","1996","Richard Clayderman","f810f7f0-cd64-4b9f-95c2-061161cc661c"
"1829","Elvira Madigan","The Collection","1996","1996","DK","Album","1","7","","203400","The Collection","1996","Richard Clayderman","f810f7f0-cd64-4b9f-95c2-061161cc661c"
"1830","Love Changes Everything","The Collection","1996","1996","DK","Album","1","8","","314866","The Collection","1996","Richard Clayderman","f810f7f0-cd64-4b9f-95c2-061161cc661c"
"1831","Unchained Melody","The Collection","1996","1996","DK","Album","1","9","","187293","The Collection","1996","Richard Clayderman","f810f7f0-cd64-4b9f-95c2-061161cc661c"
"1832","Bridge Over Troubled Water","The Collection","1996","1996","DK","Album","1","10","","188506","The Collection","1996","Richard Clayderman","f810f7f0-cd64-4b9f-95c2-061161cc661c"
"1833","Everything I Do I Do for You","The Collection","1996","1996","DK","Album","1","11","","245426","The Collection","1996","Richard Clayderman","f810f7f0-cd64-4b9f-95c2-061161cc661c"
"1834","True Love","The Collection","1996","1996","DK","Album","1","12","","208240","The Collection","1996","Richard Clayderman","f810f7f0-cd64-4b9f-95c2-061161cc661c"
"1835","I Just Called to Say I Love You","The Collection","1996","1996","DK","Album","1","13","","222533","The Collection","1996","Richard Clayderman","f810f7f0-cd64-4b9f-95c2-061161cc661c"
"1836","Liebestraum","The Collection","1996","1996","DK","Album","1","14","","366760","The Collection","1996","Richard Clayderman","f810f7f0-cd64-4b9f-95c2-061161cc661c"
"1837","When a Man Loves a Woman","The Collection","1996","1996","DK","Album","1","15","","175533","The Collection","1996","Richard Clayderman","f810f7f0-cd64-4b9f-95c2-061161cc661c"
"1838","Cavatina","The Collection","1996","1996","DK","Album","1","16","","215973","The Collection","1996","Richard Clayderman","f810f7f0-cd64-4b9f-95c2-061161cc661c"
"1839","Sailing","The Collection","1996","1996","DK","Album","1","17","","204160","The Collection","1996","Richard Clayderman","f810f7f0-cd64-4b9f-95c2-061161cc661c"
"1840","Desperado","The Collection","1996","1996","DK","Album","1","18","","248400","The Collection","1996","Richard Clayderman","f810f7f0-cd64-4b9f-95c2-061161cc661c"
"1841","Chariots of Fire","The Collection","1996","1996","DK","Album","1","19","","182533","The Collection","1996","Richard Clayderman","f810f7f0-cd64-4b9f-95c2-061161cc661c"
"1842","I Will Always Love You","The Collection","1996","1996","DK","Album","1","20","","246733","The Collection","1996","Richard Clayderman","f810f7f0-cd64-4b9f-95c2-061161cc661c"
"1843","Ballade pour Adeline","The Very Best Of","1996","1996","DE","Album","1","1","CD","159266","The Very Best Of","1996","Richard Clayderman","8401a18f-a52c-4aab-b12d-1f029b03e2f3"
"1844","Dolannes melodie","The Very Best Of","1996","1996","DE","Album","1","2","CD","204493","The Very Best Of","1996","Richard Clayderman","8401a18f-a52c-4aab-b12d-1f029b03e2f3"
"1845","Yesterday","The Very Best Of","1996","1996","DE","Album","1","3","CD","145306","The Very Best Of","1996","Richard Clayderman","8401a18f-a52c-4aab-b12d-1f029b03e2f3"
"1846","(Everything I Do) I Do It for You","The Very Best Of","1996","1996","DE","Album","1","4","CD","246266","The Very Best Of","1996","Richard Clayderman","8401a18f-a52c-4aab-b12d-1f029b03e2f3"
"1847","Elvira Madigan (Piano Concert no. 21 in C major)","The Very Best Of","1996","1996","DE","Album","1","5","CD","202560","The Very Best Of","1996","Richard Clayderman","8401a18f-a52c-4aab-b12d-1f029b03e2f3"
"1848","Guantanamera","The Very Best Of","1996","1996","DE","Album","1","6","CD","148333","The Very Best Of","1996","Richard Clayderman","8401a18f-a52c-4aab-b12d-1f029b03e2f3"
"1849","Moon River","The Very Best Of","1996","1996","DE","Album","1","7","CD","195000","The Very Best Of","1996","Richard Clayderman","8401a18f-a52c-4aab-b12d-1f029b03e2f3"
"1850","Serenade","The Very Best Of","1996","1996","DE","Album","1","8","CD","190373","The Very Best Of","1996","Richard Clayderman","8401a18f-a52c-4aab-b12d-1f029b03e2f3"
"1851","Moonlight Sonata","The Very Best Of","1996","1996","DE","Album","1","9","CD","279000","The Very Best Of","1996","Richard Clayderman","8401a18f-a52c-4aab-b12d-1f029b03e2f3"
"1852","La Mer","The Very Best Of","1996","1996","DE","Album","1","10","CD","195400","The Very Best Of","1996","Richard Clayderman","8401a18f-a52c-4aab-b12d-1f029b03e2f3"
"1853","Liebestraum","The Very Best Of","1996","1996","DE","Album","1","11","CD","192666","The Very Best Of","1996","Richard Clayderman","8401a18f-a52c-4aab-b12d-1f029b03e2f3"
"1854","Theme from “Thorn Birds”","The Very Best Of","1996","1996","DE","Album","1","12","CD","154133","The Very Best Of","1996","Richard Clayderman","8401a18f-a52c-4aab-b12d-1f029b03e2f3"
"1855","Plaisir d’amour","The Very Best Of","1996","1996","DE","Album","1","13","CD","161960","The Very Best Of","1996","Richard Clayderman","8401a18f-a52c-4aab-b12d-1f029b03e2f3"
"1856","Pastorale (Sonaten no. 4) (piano et orchestre)","The Very Best Of","1996","1996","DE","Album","1","14","CD","145693","The Very Best Of","1996","Richard Clayderman","8401a18f-a52c-4aab-b12d-1f029b03e2f3"
"1857","Memory","Meisterstücke II","1996","1996-01-16","DE","Album","1","1","CD","183000","Meisterstücke II","1996","Richard Clayderman","6de93f5a-7f79-4b7b-af16-8afd1e3d46c7"
"1858","Thorn Birds (Dornenvögel)","Meisterstücke II","1996","1996-01-16","DE","Album","1","2","CD","151000","Meisterstücke II","1996","Richard Clayderman","6de93f5a-7f79-4b7b-af16-8afd1e3d46c7"
"1859","Music for Nothing","Meisterstücke II","1996","1996-01-16","DE","Album","1","3","CD","245000","Meisterstücke II","1996","Richard Clayderman","6de93f5a-7f79-4b7b-af16-8afd1e3d46c7"
"1860","Children of the Wind","Meisterstücke II","1996","1996-01-16","DE","Album","1","4","CD","146000","Meisterstücke II","1996","Richard Clayderman","6de93f5a-7f79-4b7b-af16-8afd1e3d46c7"
"1861","Plaisir D'Amour","Meisterstücke II","1996","1996-01-16","DE","Album","1","5","CD","159000","Meisterstücke II","1996","Richard Clayderman","6de93f5a-7f79-4b7b-af16-8afd1e3d46c7"
"1862","Strangers in the Night","Meisterstücke II","1996","1996-01-16","DE","Album","1","6","CD","196000","Meisterstücke II","1996","Richard Clayderman","6de93f5a-7f79-4b7b-af16-8afd1e3d46c7"
"1863","Over the Rainbow","Meisterstücke II","1996","1996-01-16","DE","Album","1","7","CD","168000","Meisterstücke II","1996","Richard Clayderman","6de93f5a-7f79-4b7b-af16-8afd1e3d46c7"
"1864","La vie en rose","Meisterstücke II","1996","1996-01-16","DE","Album","1","8","CD","155000","Meisterstücke II","1996","Richard Clayderman","6de93f5a-7f79-4b7b-af16-8afd1e3d46c7"
"1865","The Most Beautiful Girl","Meisterstücke II","1996","1996-01-16","DE","Album","1","9","CD","153000","Meisterstücke II","1996","Richard Clayderman","6de93f5a-7f79-4b7b-af16-8afd1e3d46c7"
"1866","The Sound of Silence","Meisterstücke II","1996","1996-01-16","DE","Album","1","10","CD","208000","Meisterstücke II","1996","Richard Clayderman","6de93f5a-7f79-4b7b-af16-8afd1e3d46c7"
"1867","(Everything I Do) I Do It for You","Meisterstücke II","1996","1996-01-16","DE","Album","1","11","CD","245000","Meisterstücke II","1996","James Last and His Orchestra with Richard Clayderman","6de93f5a-7f79-4b7b-af16-8afd1e3d46c7"
"1868","Love Story","Meisterstücke II","1996","1996-01-16","DE","Album","1","12","CD","177000","Meisterstücke II","1996","Richard Clayderman","6de93f5a-7f79-4b7b-af16-8afd1e3d46c7"
"1869","When a Man Loves a Woman","Meisterstücke II","1996","1996-01-16","DE","Album","1","13","CD","166000","Meisterstücke II","1996","Richard Clayderman","6de93f5a-7f79-4b7b-af16-8afd1e3d46c7"
"1870","Yesterday","Meisterstücke II","1996","1996-01-16","DE","Album","1","14","CD","142000","Meisterstücke II","1996","Richard Clayderman","6de93f5a-7f79-4b7b-af16-8afd1e3d46c7"
"1871","La cumparsita","Tango","1996","1996-09-23","DE","Album","1","1","CD","193733","Tango","1996","Richard Clayderman","2f8cea4f-134d-4043-9f56-57a0a343f539"
"1872","A media luz","Tango","1996","1996-09-23","DE","Album","1","2","CD","227133","Tango","1996","Richard Clayderman","2f8cea4f-134d-4043-9f56-57a0a343f539"
"1873","El choclo","Tango","1996","1996-09-23","DE","Album","1","3","CD","183000","Tango","1996","Richard Clayderman","2f8cea4f-134d-4043-9f56-57a0a343f539"
"1874","Mano a mano","Tango","1996","1996-09-23","DE","Album","1","4","CD","191200","Tango","1996","Richard Clayderman","2f8cea4f-134d-4043-9f56-57a0a343f539"
"1875","Volver","Tango","1996","1996-09-23","DE","Album","1","5","CD","172400","Tango","1996","Richard Clayderman","2f8cea4f-134d-4043-9f56-57a0a343f539"
"1876","Adiós pampa mía","Tango","1996","1996-09-23","DE","Album","1","6","CD","184066","Tango","1996","Richard Clayderman","2f8cea4f-134d-4043-9f56-57a0a343f539"
"1877","Caminito","Tango","1996","1996-09-23","DE","Album","1","7","CD","188533","Tango","1996","Richard Clayderman","2f8cea4f-134d-4043-9f56-57a0a343f539"
"1878","Mi Buenos Aires querido","Tango","1996","1996-09-23","DE","Album","1","8","CD","179466","Tango","1996","Richard Clayderman","2f8cea4f-134d-4043-9f56-57a0a343f539"
"1879","Sys ojos se cerraror","Tango","1996","1996-09-23","DE","Album","1","9","CD","201866","Tango","1996","Richard Clayderman","2f8cea4f-134d-4043-9f56-57a0a343f539"
"1880","El día que me quieras","Tango","1996","1996-09-23","DE","Album","1","10","CD","193000","Tango","1996","Richard Clayderman","2f8cea4f-134d-4043-9f56-57a0a343f539"
"1881","Tomo y obligo","Tango","1996","1996-09-23","DE","Album","1","11","CD","139266","Tango","1996","Richard Clayderman","2f8cea4f-134d-4043-9f56-57a0a343f539"
"1882","Ballade Pour Adeline","Especially for You: The Best","1997","1997","","Album","1","1","","157560","The Best","1997","Richard Clayderman","e78efcb5-96f5-46a5-9d7e-a8bbfad6e6b1"
"1883","Yesterday","Especially for You: The Best","1997","1997","","Album","1","2","","143906","The Best","1997","Richard Clayderman","e78efcb5-96f5-46a5-9d7e-a8bbfad6e6b1"
"1884","I Just Called to Say I Love You","Especially for You: The Best","1997","1997","","Album","1","3","","222800","The Best","1997","Richard Clayderman","e78efcb5-96f5-46a5-9d7e-a8bbfad6e6b1"
"1885","Night in White Satin","Especially for You: The Best","1997","1997","","Album","1","4","","305333","The Best","1997","Richard Clayderman","e78efcb5-96f5-46a5-9d7e-a8bbfad6e6b1"
"1886","A Whiter Shade of Pale","Especially for You: The Best","1997","1997","","Album","1","5","","267893","The Best","1997","Richard Clayderman","e78efcb5-96f5-46a5-9d7e-a8bbfad6e6b1"
"1887","My Way","Especially for You: The Best","1997","1997","","Album","1","6","","230133","The Best","1997","Richard Clayderman","e78efcb5-96f5-46a5-9d7e-a8bbfad6e6b1"
"1888","Nikita","Especially for You: The Best","1997","1997","","Album","1","7","","223306","The Best","1997","Richard Clayderman","e78efcb5-96f5-46a5-9d7e-a8bbfad6e6b1"
"1889","Hey Jude","Especially for You: The Best","1997","1997","","Album","1","8","","165933","The Best","1997","Richard Clayderman","e78efcb5-96f5-46a5-9d7e-a8bbfad6e6b1"
"1890","I'm Not in Love","Especially for You: The Best","1997","1997","","Album","1","9","","289933","The Best","1997","Richard Clayderman","e78efcb5-96f5-46a5-9d7e-a8bbfad6e6b1"
"1891","Feelings","Especially for You: The Best","1997","1997","","Album","1","10","","198866","The Best","1997","Richard Clayderman","e78efcb5-96f5-46a5-9d7e-a8bbfad6e6b1"
"1892","How Deep Is Your Love","Especially for You: The Best","1997","1997","","Album","1","11","","168693","The Best","1997","Richard Clayderman","e78efcb5-96f5-46a5-9d7e-a8bbfad6e6b1"
"1893","Nothing's Gonna Change My Love for You","Especially for You: The Best","1997","1997","","Album","1","12","","198373","The Best","1997","Richard Clayderman","e78efcb5-96f5-46a5-9d7e-a8bbfad6e6b1"
"1894","Careless Whisper","Especially for You: The Best","1997","1997","","Album","1","13","","169333","The Best","1997","Richard Clayderman","e78efcb5-96f5-46a5-9d7e-a8bbfad6e6b1"
"1895","Hello","Especially for You: The Best","1997","1997","","Album","1","14","","188360","The Best","1997","Richard Clayderman","e78efcb5-96f5-46a5-9d7e-a8bbfad6e6b1"
"1896","Without You","Especially for You: The Best","1997","1997","","Album","1","15","","229533","The Best","1997","Richard Clayderman","e78efcb5-96f5-46a5-9d7e-a8bbfad6e6b1"
"1897","The Power of Love","Especially for You: The Best","1997","1997","","Album","1","16","","243973","The Best","1997","Richard Clayderman","e78efcb5-96f5-46a5-9d7e-a8bbfad6e6b1"
"1898","Don't Cry for Me Argentina","Especially for You: The Best","1997","1997","","Album","1","17","","215733","The Best","1997","Richard Clayderman","e78efcb5-96f5-46a5-9d7e-a8bbfad6e6b1"
"1899","The Sound of Silence","Especially for You: The Best","1997","1997","","Album","1","18","","210626","The Best","1997","Richard Clayderman","e78efcb5-96f5-46a5-9d7e-a8bbfad6e6b1"
"1900","Moonlight Sonata","Especially for You: The Best","1997","1997","","Album","1","19","","278640","The Best","1997","Richard Clayderman","e78efcb5-96f5-46a5-9d7e-a8bbfad6e6b1"
"1901","Rhapsody in Blue","Especially for You: The Best","1997","1997","","Album","1","20","","206067","The Best","1997","Richard Clayderman","e78efcb5-96f5-46a5-9d7e-a8bbfad6e6b1"
"1902","Sea of Tears","Love Follows Us 2","1997","1997","TW","Album","1","1","CD","254280","Love Follows Us 2","1997","Richard Clayderman","d7587c09-3322-47c0-bb96-1bb026e84544"
"1903","淚海","Love Follows Us 2","1997","1997","TW","Album","1","1","CD","254280","Love Follows Us 2","1997","Richard Clayderman","027f60d1-4268-4fca-a54d-dcebabfc0a05"
"1904","Hard To Decide","Love Follows Us 2","1997","1997","TW","Album","1","2","CD","229560","Love Follows Us 2","1997","Diego Modena, Eric Couëffé & Jean‐Claude Borelly","d7587c09-3322-47c0-bb96-1bb026e84544"
"1905","左右為難","Love Follows Us 2","1997","1997","TW","Album","1","2","CD","229560","Love Follows Us 2","1997","Diego Modena, Eric Couëffé & Jean‐Claude Borelly","027f60d1-4268-4fca-a54d-dcebabfc0a05"
"1906","Lemon Tree","Love Follows Us 2","1997","1997","TW","Album","1","3","CD","200626","Love Follows Us 2","1997","Richard Clayderman, Diego Modena, Eric Couëffé, Nicolas de Angelis & Jean‐Claude Borelly","d7587c09-3322-47c0-bb96-1bb026e84544"
"1907","檸檬樹","Love Follows Us 2","1997","1997","TW","Album","1","3","CD","200626","Love Follows Us 2","1997","Richard Clayderman, Diego Modena, Eric Couëffé, Nicolas de Angelis & Jean‐Claude Borelly","027f60d1-4268-4fca-a54d-dcebabfc0a05"
"1908","It Is Not My Fault To Love Him","Love Follows Us 2","1997","1997","TW","Album","1","4","CD","279400","Love Follows Us 2","1997","Richard Clayderman, Diego Modena, Eric Couëffé & Jean‐Claude Borelly","d7587c09-3322-47c0-bb96-1bb026e84544"
"1909","愛上他不只是我的錯","Love Follows Us 2","1997","1997","TW","Album","1","4","CD","279400","Love Follows Us 2","1997","Richard Clayderman, Diego Modena, Eric Couëffé & Jean‐Claude Borelly","027f60d1-4268-4fca-a54d-dcebabfc0a05"
"1910","Regret","Love Follows Us 2","1997","1997","TW","Album","1","5","CD","202946","Love Follows Us 2","1997","Richard Clayderman & Nicolas de Angelis","d7587c09-3322-47c0-bb96-1bb026e84544"
"1911","遺憾","Love Follows Us 2","1997","1997","TW","Album","1","5","CD","202946","Love Follows Us 2","1997","Richard Clayderman & Nicolas de Angelis","027f60d1-4268-4fca-a54d-dcebabfc0a05"
"1912","The Little Paradise","Love Follows Us 2","1997","1997","TW","Album","1","6","CD","179480","Love Follows Us 2","1997","Richard Clayderman, Eric Couëffé & Nicolas de Angelis","d7587c09-3322-47c0-bb96-1bb026e84544"
"1913","小天堂","Love Follows Us 2","1997","1997","TW","Album","1","6","CD","179480","Love Follows Us 2","1997","Richard Clayderman, Eric Couëffé & Nicolas de Angelis","027f60d1-4268-4fca-a54d-dcebabfc0a05"
"1914","Duck","Love Follows Us 2","1997","1997","TW","Album","1","7","CD","197506","Love Follows Us 2","1997","Richard Clayderman, Diego Modena, Eric Couëffé & Nicolas de Angelis","d7587c09-3322-47c0-bb96-1bb026e84544"
"1915","鴨子","Love Follows Us 2","1997","1997","TW","Album","1","7","CD","197506","Love Follows Us 2","1997","Richard Clayderman, Diego Modena, Eric Couëffé & Nicolas de Angelis","027f60d1-4268-4fca-a54d-dcebabfc0a05"
"1916","Palm Of The Wood","Love Follows Us 2","1997","1997","TW","Album","1","8","CD","221733","Love Follows Us 2","1997","Nicolas de Angelis & Jean‐Claude Borelly","d7587c09-3322-47c0-bb96-1bb026e84544"
"1917","掌心","Love Follows Us 2","1997","1997","TW","Album","1","8","CD","221733","Love Follows Us 2","1997","Nicolas de Angelis & Jean‐Claude Borelly","027f60d1-4268-4fca-a54d-dcebabfc0a05"
"1918","It Is Worth A Look","Love Follows Us 2","1997","1997","TW","Album","1","9","CD","161346","Love Follows Us 2","1997","Richard Clayderman, Diego Modena & Eric Couëffé","d7587c09-3322-47c0-bb96-1bb026e84544"
"1919","就值得了愛","Love Follows Us 2","1997","1997","TW","Album","1","9","CD","161346","Love Follows Us 2","1997","Richard Clayderman, Diego Modena & Eric Couëffé","027f60d1-4268-4fca-a54d-dcebabfc0a05"
"1920","The Former Love","Love Follows Us 2","1997","1997","TW","Album","1","10","CD","252493","Love Follows Us 2","1997","Richard Clayderman & 小川由利","d7587c09-3322-47c0-bb96-1bb026e84544"
"1921","往日情","Love Follows Us 2","1997","1997","TW","Album","1","10","CD","252493","Love Follows Us 2","1997","Richard Clayderman & 小川由利","027f60d1-4268-4fca-a54d-dcebabfc0a05"
"1922","I Don't Mean To Hurt You","Love Follows Us 2","1997","1997","TW","Album","1","11","CD","224826","Love Follows Us 2","1997","Richard Clayderman & Nicolas de Angelis","d7587c09-3322-47c0-bb96-1bb026e84544"
"1923","無心傷害","Love Follows Us 2","1997","1997","TW","Album","1","11","CD","224826","Love Follows Us 2","1997","Richard Clayderman & Nicolas de Angelis","027f60d1-4268-4fca-a54d-dcebabfc0a05"
"1924","Medley: Sea Of Tears / Hard To Decide / It Is Not My Fault To Love Him","Love Follows Us 2","1997","1997","TW","Album","1","12","CD","268213","Love Follows Us 2","1997","Richard Clayderman, Diego Modena & Eric Couëffé","d7587c09-3322-47c0-bb96-1bb026e84544"
"1925","淚海/左右為難/愛上他不只是我的錯","Love Follows Us 2","1997","1997","TW","Album","1","12","CD","268213","Love Follows Us 2","1997","Richard Clayderman, Diego Modena & Eric Couëffé","027f60d1-4268-4fca-a54d-dcebabfc0a05"
"1926","La Reine de Saba","Love Follows Us 2","1997","1997","TW","Album","2","1","CD","","Love Follows Us 2","1997","Charles‐François Gounod","027f60d1-4268-4fca-a54d-dcebabfc0a05"
"1927","La Vie en rose","Love Follows Us 2","1997","1997","TW","Album","2","2","CD","","Love Follows Us 2","1997","Louiguy","027f60d1-4268-4fca-a54d-dcebabfc0a05"
"1928","On My Own","Love Follows Us 2","1997","1997","TW","Album","2","3","CD","","Love Follows Us 2","1997","Claude‐Michel Schönberg","027f60d1-4268-4fca-a54d-dcebabfc0a05"
"1929","Yesterday Once More","Love Follows Us 2","1997","1997","TW","Album","2","4","CD","","Love Follows Us 2","1997","Richard Carpenter & John Bettis","027f60d1-4268-4fca-a54d-dcebabfc0a05"
"1930","Hey Jude","Love Follows Us 2","1997","1997","TW","Album","2","5","CD","","Love Follows Us 2","1997","Paul McCartney","027f60d1-4268-4fca-a54d-dcebabfc0a05"
"1931","A Time for Us","Love Follows Us 2","1997","1997","TW","Album","2","6","CD","","Love Follows Us 2","1997","Nino Rota","027f60d1-4268-4fca-a54d-dcebabfc0a05"
"1932","Romance de Amor","Love Follows Us 2","1997","1997","TW","Album","2","7","CD","","Love Follows Us 2","1997","[traditional]","027f60d1-4268-4fca-a54d-dcebabfc0a05"
"1933","Da troppo tempo","Love Follows Us 2","1997","1997","TW","Album","2","8","CD","","Love Follows Us 2","1997","Giancarlo Colonnello & Luigi Albertelli","027f60d1-4268-4fca-a54d-dcebabfc0a05"
"1934","End of May","Love Follows Us 2","1997","1997","TW","Album","2","9","CD","","Love Follows Us 2","1997","John Hope","027f60d1-4268-4fca-a54d-dcebabfc0a05"
"1935","Magical Wings","Love Follows Us 2","1997","1997","TW","Album","2","10","CD","","Love Follows Us 2","1997","Volker Leiß","027f60d1-4268-4fca-a54d-dcebabfc0a05"
"1936","Ballade pour Adeline","The Best of Richard Clayderman","1997","1997","GB","Album","1","1","CD","157373","The Best of Richard Clayderman","1997","Richard Clayderman","6fd34d07-90a9-4b97-98d6-293e8328ce1f"
"1937","Feelings","The Best of Richard Clayderman","1997","1997","GB","Album","1","2","CD","195840","The Best of Richard Clayderman","1997","Richard Clayderman","6fd34d07-90a9-4b97-98d6-293e8328ce1f"
"1938","I Don't Know How to Love Him","The Best of Richard Clayderman","1997","1997","GB","Album","1","3","CD","242853","The Best of Richard Clayderman","1997","Richard Clayderman","6fd34d07-90a9-4b97-98d6-293e8328ce1f"
"1939","Love Story","The Best of Richard Clayderman","1997","1997","GB","Album","1","4","CD","181720","The Best of Richard Clayderman","1997","Richard Clayderman","6fd34d07-90a9-4b97-98d6-293e8328ce1f"
"1940","Lara's Theme","The Best of Richard Clayderman","1997","1997","GB","Album","1","5","CD","153066","The Best of Richard Clayderman","1997","Richard Clayderman","6fd34d07-90a9-4b97-98d6-293e8328ce1f"
"1941","Begin the Beguine","The Best of Richard Clayderman","1997","1997","GB","Album","1","6","CD","204666","The Best of Richard Clayderman","1997","Richard Clayderman","6fd34d07-90a9-4b97-98d6-293e8328ce1f"
"1942","As Time Goes By","The Best of Richard Clayderman","1997","1997","GB","Album","1","7","CD","139840","The Best of Richard Clayderman","1997","Richard Clayderman","6fd34d07-90a9-4b97-98d6-293e8328ce1f"
"1943","I Only Have Eyes for You","The Best of Richard Clayderman","1997","1997","GB","Album","1","8","CD","174986","The Best of Richard Clayderman","1997","Richard Clayderman","6fd34d07-90a9-4b97-98d6-293e8328ce1f"
"1944","Love Is a Many Splendored Thing","The Best of Richard Clayderman","1997","1997","GB","Album","1","9","CD","174666","The Best of Richard Clayderman","1997","Richard Clayderman","6fd34d07-90a9-4b97-98d6-293e8328ce1f"
"1945","Unchained Melody","The Best of Richard Clayderman","1997","1997","GB","Album","1","10","CD","186373","The Best of Richard Clayderman","1997","Richard Clayderman","6fd34d07-90a9-4b97-98d6-293e8328ce1f"
"1946","And I Love You So","The Best of Richard Clayderman","1997","1997","GB","Album","1","11","CD","151106","The Best of Richard Clayderman","1997","Richard Clayderman","6fd34d07-90a9-4b97-98d6-293e8328ce1f"
"1947","Evergreen","The Best of Richard Clayderman","1997","1997","GB","Album","1","12","CD","181013","The Best of Richard Clayderman","1997","Richard Clayderman","6fd34d07-90a9-4b97-98d6-293e8328ce1f"
"1948","The Way We Were","The Best of Richard Clayderman","1997","1997","GB","Album","1","13","CD","165760","The Best of Richard Clayderman","1997","Richard Clayderman","6fd34d07-90a9-4b97-98d6-293e8328ce1f"
"1949","This Guy's in Love With You","The Best of Richard Clayderman","1997","1997","GB","Album","1","14","CD","182546","The Best of Richard Clayderman","1997","Richard Clayderman","6fd34d07-90a9-4b97-98d6-293e8328ce1f"
"1950","For All We Know We've Only Just Begun","The Best of Richard Clayderman","1997","1997","GB","Album","1","15","CD","259346","The Best of Richard Clayderman","1997","Richard Clayderman","6fd34d07-90a9-4b97-98d6-293e8328ce1f"
"1951","When a Man Loves a Woman","The Best of Richard Clayderman","1997","1997","GB","Album","1","16","CD","174933","The Best of Richard Clayderman","1997","Richard Clayderman","6fd34d07-90a9-4b97-98d6-293e8328ce1f"
"1952","All by Myself","The Best of Richard Clayderman","1997","1997","GB","Album","1","17","CD","190066","The Best of Richard Clayderman","1997","Richard Clayderman","6fd34d07-90a9-4b97-98d6-293e8328ce1f"
"1953","Let It Be","The Best of Richard Clayderman","1997","1997","GB","Album","1","18","CD","220946","The Best of Richard Clayderman","1997","Richard Clayderman","6fd34d07-90a9-4b97-98d6-293e8328ce1f"
"1954","Bridge Over Troubled Water","The Best of Richard Clayderman","1997","1997","GB","Album","1","19","CD","187866","The Best of Richard Clayderman","1997","Richard Clayderman","6fd34d07-90a9-4b97-98d6-293e8328ce1f"
"1955","Yesterday","The Best of Richard Clayderman","1997","1997","GB","Album","1","20","CD","143973","The Best of Richard Clayderman","1997","Richard Clayderman","6fd34d07-90a9-4b97-98d6-293e8328ce1f"
"1956","Candle in the Wind","The Best of Richard Clayderman","1997","1997","GB","Album","2","1","CD","184426","The Best of Richard Clayderman","1997","Richard Clayderman","6fd34d07-90a9-4b97-98d6-293e8328ce1f"
"1957","Do You Know Where You're Going To","The Best of Richard Clayderman","1997","1997","GB","Album","2","2","CD","212200","The Best of Richard Clayderman","1997","Richard Clayderman","6fd34d07-90a9-4b97-98d6-293e8328ce1f"
"1958","All the Love in the World","The Best of Richard Clayderman","1997","1997","GB","Album","2","3","CD","210000","The Best of Richard Clayderman","1997","Richard Clayderman","6fd34d07-90a9-4b97-98d6-293e8328ce1f"
"1959","Groovy Kind of Love","The Best of Richard Clayderman","1997","1997","GB","Album","2","4","CD","170906","The Best of Richard Clayderman","1997","Richard Clayderman","6fd34d07-90a9-4b97-98d6-293e8328ce1f"
"1960","Have I Told You Lately","The Best of Richard Clayderman","1997","1997","GB","Album","2","5","CD","204960","The Best of Richard Clayderman","1997","Richard Clayderman","6fd34d07-90a9-4b97-98d6-293e8328ce1f"
"1961","Sometimes When We Touch","The Best of Richard Clayderman","1997","1997","GB","Album","2","6","CD","242000","The Best of Richard Clayderman","1997","Richard Clayderman","6fd34d07-90a9-4b97-98d6-293e8328ce1f"
"1962","(They Long to Be) Close to You","The Best of Richard Clayderman","1997","1997","GB","Album","2","7","CD","217160","The Best of Richard Clayderman","1997","Richard Clayderman","6fd34d07-90a9-4b97-98d6-293e8328ce1f"
"1963","Mandy","The Best of Richard Clayderman","1997","1997","GB","Album","2","8","CD","145000","The Best of Richard Clayderman","1997","Richard Clayderman","6fd34d07-90a9-4b97-98d6-293e8328ce1f"
"1964","Woman in Love","The Best of Richard Clayderman","1997","1997","GB","Album","2","9","CD","149200","The Best of Richard Clayderman","1997","Richard Clayderman","6fd34d07-90a9-4b97-98d6-293e8328ce1f"
"1965","Hello","The Best of Richard Clayderman","1997","1997","GB","Album","2","10","CD","189653","The Best of Richard Clayderman","1997","Richard Clayderman","6fd34d07-90a9-4b97-98d6-293e8328ce1f"
"1966","I Want to Know What Love Is","The Best of Richard Clayderman","1997","1997","GB","Album","2","11","CD","221973","The Best of Richard Clayderman","1997","Richard Clayderman","6fd34d07-90a9-4b97-98d6-293e8328ce1f"
"1967","When You Tell Me That You Love Me","The Best of Richard Clayderman","1997","1997","GB","Album","2","12","CD","206000","The Best of Richard Clayderman","1997","Richard Clayderman","6fd34d07-90a9-4b97-98d6-293e8328ce1f"
"1968","I Just Called to Say I Love You","The Best of Richard Clayderman","1997","1997","GB","Album","2","13","CD","223506","The Best of Richard Clayderman","1997","Richard Clayderman","6fd34d07-90a9-4b97-98d6-293e8328ce1f"
"1969","Lady in Red / Take My Breath Away","The Best of Richard Clayderman","1997","1997","GB","Album","2","14","CD","248800","The Best of Richard Clayderman","1997","Richard Clayderman","6fd34d07-90a9-4b97-98d6-293e8328ce1f"
"1970","Up Where We Belong","The Best of Richard Clayderman","1997","1997","GB","Album","2","15","CD","179826","The Best of Richard Clayderman","1997","Richard Clayderman","6fd34d07-90a9-4b97-98d6-293e8328ce1f"
"1971","Everytime You Go Away","The Best of Richard Clayderman","1997","1997","GB","Album","2","16","CD","165600","The Best of Richard Clayderman","1997","Richard Clayderman","6fd34d07-90a9-4b97-98d6-293e8328ce1f"
"1972","All I Ask of You","The Best of Richard Clayderman","1997","1997","GB","Album","2","17","CD","212666","The Best of Richard Clayderman","1997","Richard Clayderman","6fd34d07-90a9-4b97-98d6-293e8328ce1f"
"1973","From a Distance","The Best of Richard Clayderman","1997","1997","GB","Album","2","18","CD","226200","The Best of Richard Clayderman","1997","Richard Clayderman","6fd34d07-90a9-4b97-98d6-293e8328ce1f"
"1974","Blue Eyes","The Best of Richard Clayderman","1997","1997","GB","Album","2","19","CD","187400","The Best of Richard Clayderman","1997","Richard Clayderman","6fd34d07-90a9-4b97-98d6-293e8328ce1f"
"1975","Save the Best for Last","The Best of Richard Clayderman","1997","1997","GB","Album","2","20","CD","162733","The Best of Richard Clayderman","1997","Richard Clayderman","6fd34d07-90a9-4b97-98d6-293e8328ce1f"
"1976","Ballade pour Adeline","Candle in the Wind","1998","1998","GB","Album","1","1","CD","158800","Candle in the Wind","1998","Richard Clayderman","d640942e-89fc-4fe5-b500-d152f16a67ba"
"1977","Bridge Over Troubled Water","Candle in the Wind","1998","1998","GB","Album","1","2","CD","188360","Candle in the Wind","1998","Richard Clayderman","d640942e-89fc-4fe5-b500-d152f16a67ba"
"1978","I Don’t Know How to Love Him","Candle in the Wind","1998","1998","GB","Album","1","3","CD","243373","Candle in the Wind","1998","Richard Clayderman","d640942e-89fc-4fe5-b500-d152f16a67ba"
"1979","Sometimes When We Touch","Candle in the Wind","1998","1998","GB","Album","1","4","CD","240533","Candle in the Wind","1998","Richard Clayderman","d640942e-89fc-4fe5-b500-d152f16a67ba"
"1980","Theme from Mahogany (Do You Know Where You’re Going To?)","Candle in the Wind","1998","1998","GB","Album","1","5","CD","212213","Candle in the Wind","1998","Richard Clayderman","d640942e-89fc-4fe5-b500-d152f16a67ba"
"1981","Candle in the Wind","Candle in the Wind","1998","1998","GB","Album","1","6","CD","228706","Candle in the Wind","1998","Richard Clayderman","d640942e-89fc-4fe5-b500-d152f16a67ba"
"1982","We’ve Only Just Begun","Candle in the Wind","1998","1998","GB","Album","1","7","CD","242346","Candle in the Wind","1998","Richard Clayderman","d640942e-89fc-4fe5-b500-d152f16a67ba"
"1983","Power of Love","Candle in the Wind","1998","1998","GB","Album","1","8","CD","244413","Candle in the Wind","1998","Richard Clayderman","d640942e-89fc-4fe5-b500-d152f16a67ba"
"1984","Every Time You Go Away","Candle in the Wind","1998","1998","GB","Album","1","9","CD","166546","Candle in the Wind","1998","Richard Clayderman","d640942e-89fc-4fe5-b500-d152f16a67ba"
"1985","Love Story","Candle in the Wind","1998","1998","GB","Album","1","10","CD","182680","Candle in the Wind","1998","Richard Clayderman","d640942e-89fc-4fe5-b500-d152f16a67ba"
"1986","Careless Whisper","Candle in the Wind","1998","1998","GB","Album","1","11","CD","168613","Candle in the Wind","1998","Richard Clayderman","d640942e-89fc-4fe5-b500-d152f16a67ba"
"1987","When a Man Loves a Woman","Candle in the Wind","1998","1998","GB","Album","1","12","CD","175826","Candle in the Wind","1998","Richard Clayderman","d640942e-89fc-4fe5-b500-d152f16a67ba"
"1988","This Guy’s in Love With You","Candle in the Wind","1998","1998","GB","Album","1","13","CD","182853","Candle in the Wind","1998","Richard Clayderman","d640942e-89fc-4fe5-b500-d152f16a67ba"
"1989","Feelings","Candle in the Wind","1998","1998","GB","Album","1","14","CD","196693","Candle in the Wind","1998","Richard Clayderman","d640942e-89fc-4fe5-b500-d152f16a67ba"
"1990","Have I Told You Lately","Candle in the Wind","1998","1998","GB","Album","1","15","CD","208946","Candle in the Wind","1998","Richard Clayderman","d640942e-89fc-4fe5-b500-d152f16a67ba"
"1991","(Everything I Do) I Do It for You","Candle in the Wind","1998","1998","GB","Album","1","16","CD","245533","Candle in the Wind","1998","Richard Clayderman","d640942e-89fc-4fe5-b500-d152f16a67ba"
"1992","Unchained Melody","Candle in the Wind","1998","1998","GB","Album","1","17","CD","187000","Candle in the Wind","1998","Richard Clayderman","d640942e-89fc-4fe5-b500-d152f16a67ba"
"1993","I Just Called to Say I Love You","Candle in the Wind","1998","1998","GB","Album","1","18","CD","224160","Candle in the Wind","1998","Richard Clayderman","d640942e-89fc-4fe5-b500-d152f16a67ba"
"1994","(They long to Be) Close to You","Candle in the Wind","1998","1998","GB","Album","1","19","CD","215506","Candle in the Wind","1998","Richard Clayderman","d640942e-89fc-4fe5-b500-d152f16a67ba"
"1995","Medley: The Lady in Red / Take My Breath Away","Candle in the Wind","1998","1998","GB","Album","1","20","CD","249773","Candle in the Wind","1998","Richard Clayderman","d640942e-89fc-4fe5-b500-d152f16a67ba"
"1996","La Mer","French Passion","1998","1998","","Album","1","1","","195426","The Best of French Passion","1998","Richard Clayderman","43bc15b8-5131-4b71-8d09-b4722d0e5799"
"1997","Ballade Pour Adeline","French Passion","1998","1998","","Album","1","2","","157640","The Best of French Passion","1998","Richard Clayderman","43bc15b8-5131-4b71-8d09-b4722d0e5799"
"1998","Autumn Leaves","French Passion","1998","1998","","Album","1","3","","166226","The Best of French Passion","1998","Richard Clayderman","43bc15b8-5131-4b71-8d09-b4722d0e5799"
"1999","Parlez-Moi D'Amour","French Passion","1998","1998","","Album","1","4","","140200","The Best of French Passion","1998","Richard Clayderman","43bc15b8-5131-4b71-8d09-b4722d0e5799"
"2000","Dolannes Melody","French Passion","1998","1998","","Album","1","5","","204840","The Best of French Passion","1998","Richard Clayderman","43bc15b8-5131-4b71-8d09-b4722d0e5799"
"2001","Plaisir D'Amour","French Passion","1998","1998","","Album","1","6","","162386","The Best of French Passion","1998","Richard Clayderman","43bc15b8-5131-4b71-8d09-b4722d0e5799"
"2002","Ne Me Quitte Pas","French Passion","1998","1998","","Album","1","7","","172440","The Best of French Passion","1998","Richard Clayderman","43bc15b8-5131-4b71-8d09-b4722d0e5799"
"2003","Lettre a Ma Mere","French Passion","1998","1998","","Album","1","8","","166173","The Best of French Passion","1998","Richard Clayderman","43bc15b8-5131-4b71-8d09-b4722d0e5799"
"2004","La Vie En Rose","French Passion","1998","1998","","Album","1","9","","157333","The Best of French Passion","1998","Richard Clayderman","43bc15b8-5131-4b71-8d09-b4722d0e5799"
"2005","A Man and a Woman","French Passion","1998","1998","","Album","1","10","","178733","The Best of French Passion","1998","Richard Clayderman","43bc15b8-5131-4b71-8d09-b4722d0e5799"
"2006","Aline","French Passion","1998","1998","","Album","1","11","","152933","The Best of French Passion","1998","Richard Clayderman","43bc15b8-5131-4b71-8d09-b4722d0e5799"
"2007","A Comme Amour","French Passion","1998","1998","","Album","1","12","","198667","The Best of French Passion","1998","Richard Clayderman","43bc15b8-5131-4b71-8d09-b4722d0e5799"
"2008","Titanic Symphony","Love Themes","1998","1998","BR","Album","1","1","CD","541200","Love Themes","1998","Richard Clayderman","82d98e4b-afe5-4bb2-ba5b-06b5f733ba6a"
"2009","Un-Break My Heart","Love Themes","1998","1998","BR","Album","1","2","CD","214533","Love Themes","1998","Richard Clayderman duet with Nicolas de Angelis","82d98e4b-afe5-4bb2-ba5b-06b5f733ba6a"
"2010","Con te partiró (Time to Say Goodbye)","Love Themes","1998","1998","BR","Album","1","3","CD","183733","Love Themes","1998","Richard Clayderman","82d98e4b-afe5-4bb2-ba5b-06b5f733ba6a"
"2011","Candle in the Wind","Love Themes","1998","1998","BR","Album","1","4","CD","184426","Love Themes","1998","Richard Clayderman","82d98e4b-afe5-4bb2-ba5b-06b5f733ba6a"
"2012","Angels","Love Themes","1998","1998","BR","Album","1","5","CD","233706","Love Themes","1998","Richard Clayderman","82d98e4b-afe5-4bb2-ba5b-06b5f733ba6a"
"2013","Tell Him","Love Themes","1998","1998","BR","Album","1","6","CD","282893","Love Themes","1998","Richard Clayderman","82d98e4b-afe5-4bb2-ba5b-06b5f733ba6a"
"2014","How Do I Live?","Love Themes","1998","1998","BR","Album","1","7","CD","172000","Love Themes","1998","Richard Clayderman","82d98e4b-afe5-4bb2-ba5b-06b5f733ba6a"
"2015","Something About The Way You Look Tonight","Love Themes","1998","1998","BR","Album","1","8","CD","204040","Love Themes","1998","Richard Clayderman duet with Nicolas de Angelis","82d98e4b-afe5-4bb2-ba5b-06b5f733ba6a"
"2016","Make it With You","Love Themes","1998","1998","BR","Album","1","9","CD","192400","Love Themes","1998","Richard Clayderman","82d98e4b-afe5-4bb2-ba5b-06b5f733ba6a"
"2017","Savoir Aimer (Learn How to Love)","Love Themes","1998","1998","BR","Album","1","10","CD","223493","Love Themes","1998","Richard Clayderman","82d98e4b-afe5-4bb2-ba5b-06b5f733ba6a"
"2018","Valse nº 2 (Waltz nº 2)","Love Themes","1998","1998","BR","Album","1","11","CD","221400","Love Themes","1998","Richard Clayderman","82d98e4b-afe5-4bb2-ba5b-06b5f733ba6a"
"2019","Lucie","Love Themes","1998","1998","BR","Album","1","12","CD","179200","Love Themes","1998","Richard Clayderman","82d98e4b-afe5-4bb2-ba5b-06b5f733ba6a"
"2020","Belle","Love Themes","1998","1998","BR","Album","1","13","CD","193173","Love Themes","1998","Richard Clayderman","82d98e4b-afe5-4bb2-ba5b-06b5f733ba6a"
"2021","Je t'aime","Love Themes","1998","1998","BR","Album","1","14","CD","243960","Love Themes","1998","Richard Clayderman","82d98e4b-afe5-4bb2-ba5b-06b5f733ba6a"
"2022","Piano Concerto No.1 in B-Flat Minor, OP.23","The Best of Classical","1998","1998","","Album","1","1","CD","238560","The Best of Classical","1998","Richard Clayderman","ee18732a-9c12-402d-bfdf-2607f31e2d72"
"2023","Elvira Madigan: Piano Concerto No.21 C Major","The Best of Classical","1998","1998","","Album","1","2","CD","203173","The Best of Classical","1998","Richard Clayderman","ee18732a-9c12-402d-bfdf-2607f31e2d72"
"2024","Cornish Rhapsody","The Best of Classical","1998","1998","","Album","1","3","CD","326426","The Best of Classical","1998","Richard Clayderman","ee18732a-9c12-402d-bfdf-2607f31e2d72"
"2025","Liebestraum (Rêves d'amour)","The Best of Classical","1998","1998","","Album","1","4","CD","369133","The Best of Classical","1998","Richard Clayderman","ee18732a-9c12-402d-bfdf-2607f31e2d72"
"2026","La Pathétique","The Best of Classical","1998","1998","","Album","1","5","CD","250666","The Best of Classical","1998","Richard Clayderman","ee18732a-9c12-402d-bfdf-2607f31e2d72"
"2027","Für Elise","The Best of Classical","1998","1998","","Album","1","6","CD","255973","The Best of Classical","1998","Richard Clayderman","ee18732a-9c12-402d-bfdf-2607f31e2d72"
"2028","Arabesque","The Best of Classical","1998","1998","","Album","1","7","CD","249760","The Best of Classical","1998","Richard Clayderman","ee18732a-9c12-402d-bfdf-2607f31e2d72"
"2029","Badinerie","The Best of Classical","1998","1998","","Album","1","8","CD","218266","The Best of Classical","1998","Richard Clayderman","ee18732a-9c12-402d-bfdf-2607f31e2d72"
"2030","Clair de lune","The Best of Classical","1998","1998","","Album","1","9","CD","292773","The Best of Classical","1998","Richard Clayderman","ee18732a-9c12-402d-bfdf-2607f31e2d72"
"2031","Piano Concerto in A Minor","The Best of Classical","1998","1998","","Album","1","10","CD","242493","The Best of Classical","1998","Richard Clayderman","ee18732a-9c12-402d-bfdf-2607f31e2d72"
"2032","Nocturne in E-Flat Major, OP.9. No.2","The Best of Classical","1998","1998","","Album","1","11","CD","260640","The Best of Classical","1998","Richard Clayderman","ee18732a-9c12-402d-bfdf-2607f31e2d72"
"2033","18th Variation","The Best of Classical","1998","1998","","Album","1","12","CD","195134","The Best of Classical","1998","Richard Clayderman","ee18732a-9c12-402d-bfdf-2607f31e2d72"
"2034","When a Man Loves a Woman","The Best of Love Songs","1998","1998","","Album","1","1","CD","176200","The Best of Love Songs","1998","Richard Clayderman","df5f0e90-70cb-4145-8f65-64424653ee00"
"2035","Careless Whisper","The Best of Love Songs","1998","1998","","Album","1","2","CD","168933","The Best of Love Songs","1998","Richard Clayderman","df5f0e90-70cb-4145-8f65-64424653ee00"
"2036","Everytime You Go Away","The Best of Love Songs","1998","1998","","Album","1","3","CD","166733","The Best of Love Songs","1998","Richard Clayderman","df5f0e90-70cb-4145-8f65-64424653ee00"
"2037","Hello","The Best of Love Songs","1998","1998","","Album","1","4","CD","188533","The Best of Love Songs","1998","Richard Clayderman","df5f0e90-70cb-4145-8f65-64424653ee00"
"2038","I Want to Know What Love Is","The Best of Love Songs","1998","1998","","Album","1","5","CD","222333","The Best of Love Songs","1998","Richard Clayderman","df5f0e90-70cb-4145-8f65-64424653ee00"
"2039","Save the Best for Last","The Best of Love Songs","1998","1998","","Album","1","6","CD","162133","The Best of Love Songs","1998","Richard Clayderman","df5f0e90-70cb-4145-8f65-64424653ee00"
"2040","Woman in Love","The Best of Love Songs","1998","1998","","Album","1","7","CD","149200","The Best of Love Songs","1998","Richard Clayderman","df5f0e90-70cb-4145-8f65-64424653ee00"
"2041","Bridge Over Troubled Waters","The Best of Love Songs","1998","1998","","Album","1","8","CD","189226","The Best of Love Songs","1998","Richard Clayderman","df5f0e90-70cb-4145-8f65-64424653ee00"
"2042","Just the Way You Are","The Best of Love Songs","1998","1998","","Album","1","9","CD","215173","The Best of Love Songs","1998","Richard Clayderman","df5f0e90-70cb-4145-8f65-64424653ee00"
"2043","Sailing","The Best of Love Songs","1998","1998","","Album","1","10","CD","204066","The Best of Love Songs","1998","Richard Clayderman","df5f0e90-70cb-4145-8f65-64424653ee00"
"2044","Stardust","The Best of Love Songs","1998","1998","","Album","1","11","CD","238160","The Best of Love Songs","1998","Richard Clayderman","df5f0e90-70cb-4145-8f65-64424653ee00"
"2045","Yesterday","The Best of Love Songs","1998","1998","","Album","1","12","CD","144307","The Best of Love Songs","1998","Richard Clayderman","df5f0e90-70cb-4145-8f65-64424653ee00"
"2046","No Matter What","… With Love","1999","1999","IE","Album","1","1","CD","196000","… With Love","1999","Richard Clayderman, Nicolas de Angelis","53bd515f-30a3-4b84-97fb-86debe05f40c"
"2047","How Do I Live","… With Love","1999","1999","IE","Album","1","2","CD","179000","… With Love","1999","Richard Clayderman","53bd515f-30a3-4b84-97fb-86debe05f40c"
"2048","Unbreak My Heart","… With Love","1999","1999","IE","Album","1","3","CD","225000","… With Love","1999","Richard Clayderman, Nicolas de Angelis","53bd515f-30a3-4b84-97fb-86debe05f40c"
"2049","Tell Him","… With Love","1999","1999","IE","Album","1","4","CD","291000","… With Love","1999","Richard Clayderman, Nicolas de Angelis","53bd515f-30a3-4b84-97fb-86debe05f40c"
"2050","Savior aimer","… With Love","1999","1999","IE","Album","1","5","CD","231000","… With Love","1999","Richard Clayderman","53bd515f-30a3-4b84-97fb-86debe05f40c"
"2051","Chinese Garden","… With Love","1999","1999","IE","Album","1","6","CD","141000","… With Love","1999","Richard Clayderman, Shao Rong","53bd515f-30a3-4b84-97fb-86debe05f40c"
"2052","Make It With You","… With Love","1999","1999","IE","Album","1","7","CD","201000","… With Love","1999","Richard Clayderman","53bd515f-30a3-4b84-97fb-86debe05f40c"
"2053","I Don’t Want to Miss a Thing","… With Love","1999","1999","IE","Album","1","8","CD","278000","… With Love","1999","Richard Clayderman","53bd515f-30a3-4b84-97fb-86debe05f40c"
"2054","Angels","… With Love","1999","1999","IE","Album","1","9","CD","240000","… With Love","1999","Richard Clayderman","53bd515f-30a3-4b84-97fb-86debe05f40c"
"2055","Candle in the Wind","… With Love","1999","1999","IE","Album","1","10","CD","192000","… With Love","1999","Richard Clayderman","53bd515f-30a3-4b84-97fb-86debe05f40c"
"2056","Something About the Way You Look Tonight","… With Love","1999","1999","IE","Album","1","11","CD","210000","… With Love","1999","Richard Clayderman","53bd515f-30a3-4b84-97fb-86debe05f40c"
"2057","Time to Say Goodbye (Con te partiro)","… With Love","1999","1999","IE","Album","1","12","CD","192000","… With Love","1999","Richard Clayderman","53bd515f-30a3-4b84-97fb-86debe05f40c"
"2058","The Child in the Silent Morning","… With Love","1999","1999","IE","Album","1","13","CD","189000","… With Love","1999","Richard Clayderman, Shao Rong","53bd515f-30a3-4b84-97fb-86debe05f40c"
"2059","Je t’aime","… With Love","1999","1999","IE","Album","1","14","CD","250000","… With Love","1999","Richard Clayderman","53bd515f-30a3-4b84-97fb-86debe05f40c"
"2060","Titanic Symphony","… With Love","1999","1999","IE","Album","1","15","CD","547000","… With Love","1999","Richard Clayderman","53bd515f-30a3-4b84-97fb-86debe05f40c"
"2061","No Matter What","Beautiful Moments","1999","1999","DK","Album","1","1","CD","212000","Beautiful Moments","1999","Richard Clayderman","f2640d56-74bd-46cb-9566-3a27d041c15e"
"2062","No Matter What","Beautiful Moments","1999","1999","NO","Album","1","1","CD","212000","Beautiful Moments","1999","Richard Clayderman","f7fd085c-9189-4698-99b6-478496fe8e45"
"2063","Music Box Dancer","Beautiful Moments","1999","1999","DK","Album","1","2","CD","191000","Beautiful Moments","1999","Richard Clayderman","f2640d56-74bd-46cb-9566-3a27d041c15e"
"2064","Music Box Dancer","Beautiful Moments","1999","1999","NO","Album","1","2","CD","191000","Beautiful Moments","1999","Richard Clayderman","f7fd085c-9189-4698-99b6-478496fe8e45"
"2065","Titanic Symphony","Beautiful Moments","1999","1999","NO","Album","1","3","CD","547000","Beautiful Moments","1999","Richard Clayderman","f7fd085c-9189-4698-99b6-478496fe8e45"
"2066","Titanic Symphony","Beautiful Moments","1999","1999","DK","Album","1","3","CD","547000","Beautiful Moments","1999","Richard Clayderman","f2640d56-74bd-46cb-9566-3a27d041c15e"
"2067","Angels","Beautiful Moments","1999","1999","NO","Album","1","4","CD","237000","Beautiful Moments","1999","Richard Clayderman","f7fd085c-9189-4698-99b6-478496fe8e45"
"2068","Angels","Beautiful Moments","1999","1999","DK","Album","1","4","CD","237000","Beautiful Moments","1999","Richard Clayderman","f2640d56-74bd-46cb-9566-3a27d041c15e"
"2069","I Don't Want to Miss a Thing","Beautiful Moments","1999","1999","NO","Album","1","5","CD","275000","Beautiful Moments","1999","Richard Clayderman","f7fd085c-9189-4698-99b6-478496fe8e45"
"2070","I Don't Want to Miss a Thing","Beautiful Moments","1999","1999","DK","Album","1","5","CD","275000","Beautiful Moments","1999","Richard Clayderman","f2640d56-74bd-46cb-9566-3a27d041c15e"
"2071","Unbreak My Heart","Beautiful Moments","1999","1999","DK","Album","1","6","CD","221000","Beautiful Moments","1999","Richard Clayderman","f2640d56-74bd-46cb-9566-3a27d041c15e"
"2072","Unbreak My Heart","Beautiful Moments","1999","1999","NO","Album","1","6","CD","221000","Beautiful Moments","1999","Richard Clayderman","f7fd085c-9189-4698-99b6-478496fe8e45"
"2073","Himlen Runt Hörnet","Beautiful Moments","1999","1999","DK","Album","1","7","CD","283000","Beautiful Moments","1999","Richard Clayderman","f2640d56-74bd-46cb-9566-3a27d041c15e"
"2074","Himlen Runt Hörnet","Beautiful Moments","1999","1999","NO","Album","1","7","CD","283000","Beautiful Moments","1999","Richard Clayderman","f7fd085c-9189-4698-99b6-478496fe8e45"
"2075","Tell Him","Beautiful Moments","1999","1999","DK","Album","1","8","CD","287000","Beautiful Moments","1999","Richard Clayderman","f2640d56-74bd-46cb-9566-3a27d041c15e"
"2076","Tell Him","Beautiful Moments","1999","1999","NO","Album","1","8","CD","287000","Beautiful Moments","1999","Richard Clayderman","f7fd085c-9189-4698-99b6-478496fe8e45"
"2077","Actor","Beautiful Moments","1999","1999","DK","Album","1","9","CD","249000","Beautiful Moments","1999","Richard Clayderman","f2640d56-74bd-46cb-9566-3a27d041c15e"
"2078","Actor","Beautiful Moments","1999","1999","NO","Album","1","9","CD","249000","Beautiful Moments","1999","Richard Clayderman","f7fd085c-9189-4698-99b6-478496fe8e45"
"2079","Con Te Partiro (Time to Say Goodbye)","Beautiful Moments","1999","1999","DK","Album","1","10","CD","188000","Beautiful Moments","1999","Richard Clayderman","f2640d56-74bd-46cb-9566-3a27d041c15e"
"2080","Con Te Partiro (Time to Say Goodbye)","Beautiful Moments","1999","1999","NO","Album","1","10","CD","188000","Beautiful Moments","1999","Richard Clayderman","f7fd085c-9189-4698-99b6-478496fe8e45"
"2081","Everytime You Go Away","Beautiful Moments","1999","1999","NO","Album","1","11","CD","166000","Beautiful Moments","1999","Richard Clayderman","f7fd085c-9189-4698-99b6-478496fe8e45"
"2082","Everytime You Go Away","Beautiful Moments","1999","1999","DK","Album","1","11","CD","166000","Beautiful Moments","1999","Richard Clayderman","f2640d56-74bd-46cb-9566-3a27d041c15e"
"2083","Öppna Landskap","Beautiful Moments","1999","1999","NO","Album","1","12","CD","233000","Beautiful Moments","1999","Richard Clayderman","f7fd085c-9189-4698-99b6-478496fe8e45"
"2084","Öppna Landskap","Beautiful Moments","1999","1999","DK","Album","1","12","CD","233000","Beautiful Moments","1999","Richard Clayderman","f2640d56-74bd-46cb-9566-3a27d041c15e"
"2085","Something About the Way You Look","Beautiful Moments","1999","1999","DK","Album","1","13","CD","208000","Beautiful Moments","1999","Richard Clayderman","f2640d56-74bd-46cb-9566-3a27d041c15e"
"2086","Something About the Way You Look","Beautiful Moments","1999","1999","NO","Album","1","13","CD","208000","Beautiful Moments","1999","Richard Clayderman","f7fd085c-9189-4698-99b6-478496fe8e45"
"2087","Candle in the Wind","Beautiful Moments","1999","1999","DK","Album","1","14","CD","189000","Beautiful Moments","1999","Richard Clayderman","f2640d56-74bd-46cb-9566-3a27d041c15e"
"2088","Candle in the Wind","Beautiful Moments","1999","1999","NO","Album","1","14","CD","189000","Beautiful Moments","1999","Richard Clayderman","f7fd085c-9189-4698-99b6-478496fe8e45"
"2089","It Must Have Been Love","Beautiful Moments","1999","1999","NO","Album","1","15","CD","253000","Beautiful Moments","1999","Richard Clayderman","f7fd085c-9189-4698-99b6-478496fe8e45"
"2090","It Must Have Been Love","Beautiful Moments","1999","1999","DK","Album","1","15","CD","253000","Beautiful Moments","1999","Richard Clayderman","f2640d56-74bd-46cb-9566-3a27d041c15e"
"2091","How Do I Live","Beautiful Moments","1999","1999","DK","Album","1","16","CD","176000","Beautiful Moments","1999","Richard Clayderman","f2640d56-74bd-46cb-9566-3a27d041c15e"
"2092","How Do I Live","Beautiful Moments","1999","1999","NO","Album","1","16","CD","176000","Beautiful Moments","1999","Richard Clayderman","f7fd085c-9189-4698-99b6-478496fe8e45"
"2093","Unchained Melody","Beautiful Moments","1999","1999","NO","Album","1","17","CD","186000","Beautiful Moments","1999","Richard Clayderman","f7fd085c-9189-4698-99b6-478496fe8e45"
"2094","Unchained Melody","Beautiful Moments","1999","1999","DK","Album","1","17","CD","186000","Beautiful Moments","1999","Richard Clayderman","f2640d56-74bd-46cb-9566-3a27d041c15e"
"2095","How Deep Is Your Love","Beautiful Moments","1999","1999","DK","Album","1","18","CD","227000","Beautiful Moments","1999","Richard Clayderman","f2640d56-74bd-46cb-9566-3a27d041c15e"
"2096","How Deep Is Your Love","Beautiful Moments","1999","1999","NO","Album","1","18","CD","227000","Beautiful Moments","1999","Richard Clayderman","f7fd085c-9189-4698-99b6-478496fe8e45"
"2097","I Will Always Love You","Beautiful Moments","1999","1999","NO","Album","1","19","CD","130000","Beautiful Moments","1999","Richard Clayderman","f7fd085c-9189-4698-99b6-478496fe8e45"
"2098","I Will Always Love You","Beautiful Moments","1999","1999","DK","Album","1","19","CD","130000","Beautiful Moments","1999","Richard Clayderman","f2640d56-74bd-46cb-9566-3a27d041c15e"
"2099","Balade Pour Adeline","Beautiful Moments","1999","1999","DK","Album","2","1","CD","158626","Beautiful Moments","1999","Richard Clayderman","f2640d56-74bd-46cb-9566-3a27d041c15e"
"2100","Balade Pour Adeline","Beautiful Moments","1999","1999","NO","Album","2","1","CD","158626","Beautiful Moments","1999","Richard Clayderman","f7fd085c-9189-4698-99b6-478496fe8e45"
"2101","Elvira Madigan (Piano Concert No. 21 in C major)","Beautiful Moments","1999","1999","DK","Album","2","2","CD","202440","Beautiful Moments","1999","Richard Clayderman","f2640d56-74bd-46cb-9566-3a27d041c15e"
"2102","Elvira Madigan (Piano Concert No. 21 in C major)","Beautiful Moments","1999","1999","NO","Album","2","2","CD","202440","Beautiful Moments","1999","Richard Clayderman","f7fd085c-9189-4698-99b6-478496fe8e45"
"2103","Memory","Beautiful Moments","1999","1999","DK","Album","2","3","CD","327826","Beautiful Moments","1999","Richard Clayderman","f2640d56-74bd-46cb-9566-3a27d041c15e"
"2104","Memory","Beautiful Moments","1999","1999","NO","Album","2","3","CD","327826","Beautiful Moments","1999","Richard Clayderman","f7fd085c-9189-4698-99b6-478496fe8e45"
"2105","Piano Concert No. 1 in B flat minor","Beautiful Moments","1999","1999","NO","Album","2","4","CD","236933","Beautiful Moments","1999","Richard Clayderman","f7fd085c-9189-4698-99b6-478496fe8e45"
"2106","Piano Concert No. 1 in B flat minor","Beautiful Moments","1999","1999","DK","Album","2","4","CD","236933","Beautiful Moments","1999","Richard Clayderman","f2640d56-74bd-46cb-9566-3a27d041c15e"
"2107","The Theme From 'Thorn Birds'","Beautiful Moments","1999","1999","NO","Album","2","5","CD","153840","Beautiful Moments","1999","Richard Clayderman","f7fd085c-9189-4698-99b6-478496fe8e45"
"2108","The Theme From 'Thorn Birds'","Beautiful Moments","1999","1999","DK","Album","2","5","CD","153840","Beautiful Moments","1999","Richard Clayderman","f2640d56-74bd-46cb-9566-3a27d041c15e"
"2109","Don't Cry for Me Argentina","Beautiful Moments","1999","1999","DK","Album","2","6","CD","216200","Beautiful Moments","1999","Richard Clayderman","f2640d56-74bd-46cb-9566-3a27d041c15e"
"2110","Don't Cry for Me Argentina","Beautiful Moments","1999","1999","NO","Album","2","6","CD","216200","Beautiful Moments","1999","Richard Clayderman","f7fd085c-9189-4698-99b6-478496fe8e45"
"2111","Moonlight Sonata","Beautiful Moments","1999","1999","DK","Album","2","7","CD","278560","Beautiful Moments","1999","Richard Clayderman","f2640d56-74bd-46cb-9566-3a27d041c15e"
"2112","Moonlight Sonata","Beautiful Moments","1999","1999","NO","Album","2","7","CD","278560","Beautiful Moments","1999","Richard Clayderman","f7fd085c-9189-4698-99b6-478496fe8e45"
"2113","Dolannes Melody","Beautiful Moments","1999","1999","NO","Album","2","8","CD","203933","Beautiful Moments","1999","Richard Clayderman","f7fd085c-9189-4698-99b6-478496fe8e45"
"2114","Dolannes Melody","Beautiful Moments","1999","1999","DK","Album","2","8","CD","203933","Beautiful Moments","1999","Richard Clayderman","f2640d56-74bd-46cb-9566-3a27d041c15e"
"2115","Clair de Lune","Beautiful Moments","1999","1999","NO","Album","2","9","CD","292440","Beautiful Moments","1999","Richard Clayderman","f7fd085c-9189-4698-99b6-478496fe8e45"
"2116","Clair de Lune","Beautiful Moments","1999","1999","DK","Album","2","9","CD","292440","Beautiful Moments","1999","Richard Clayderman","f2640d56-74bd-46cb-9566-3a27d041c15e"
"2117","The Music of the Night","Beautiful Moments","1999","1999","DK","Album","2","10","CD","330733","Beautiful Moments","1999","Richard Clayderman","f2640d56-74bd-46cb-9566-3a27d041c15e"
"2118","The Music of the Night","Beautiful Moments","1999","1999","NO","Album","2","10","CD","330733","Beautiful Moments","1999","Richard Clayderman","f7fd085c-9189-4698-99b6-478496fe8e45"
"2119","Nocturne (And This Is My Beloved)","Beautiful Moments","1999","1999","NO","Album","2","11","CD","223666","Beautiful Moments","1999","Richard Clayderman","f7fd085c-9189-4698-99b6-478496fe8e45"
"2120","Nocturne (And This Is My Beloved)","Beautiful Moments","1999","1999","DK","Album","2","11","CD","223666","Beautiful Moments","1999","Richard Clayderman","f2640d56-74bd-46cb-9566-3a27d041c15e"
"2121","The Theme From 'Love Story'","Beautiful Moments","1999","1999","DK","Album","2","12","CD","179533","Beautiful Moments","1999","Richard Clayderman","f2640d56-74bd-46cb-9566-3a27d041c15e"
"2122","The Theme From 'Love Story'","Beautiful Moments","1999","1999","NO","Album","2","12","CD","179533","Beautiful Moments","1999","Richard Clayderman","f7fd085c-9189-4698-99b6-478496fe8e45"
"2123","Liebestraum (Nocturne No. 3)","Beautiful Moments","1999","1999","DK","Album","2","13","CD","367360","Beautiful Moments","1999","Richard Clayderman","f2640d56-74bd-46cb-9566-3a27d041c15e"
"2124","Liebestraum (Nocturne No. 3)","Beautiful Moments","1999","1999","NO","Album","2","13","CD","367360","Beautiful Moments","1999","Richard Clayderman","f7fd085c-9189-4698-99b6-478496fe8e45"
"2125","Bridge Over Troubled Water","Beautiful Moments","1999","1999","NO","Album","2","14","CD","188773","Beautiful Moments","1999","Richard Clayderman","f7fd085c-9189-4698-99b6-478496fe8e45"
"2126","Bridge Over Troubled Water","Beautiful Moments","1999","1999","DK","Album","2","14","CD","188773","Beautiful Moments","1999","Richard Clayderman","f2640d56-74bd-46cb-9566-3a27d041c15e"
"2127","Pastorale From Symphony No. 6 In F","Beautiful Moments","1999","1999","NO","Album","2","15","CD","208693","Beautiful Moments","1999","Richard Clayderman","f7fd085c-9189-4698-99b6-478496fe8e45"
"2128","Pastorale From Symphony No. 6 In F","Beautiful Moments","1999","1999","DK","Album","2","15","CD","208693","Beautiful Moments","1999","Richard Clayderman","f2640d56-74bd-46cb-9566-3a27d041c15e"
"2129","Für Elise","Beautiful Moments","1999","1999","NO","Album","2","16","CD","254773","Beautiful Moments","1999","Richard Clayderman","f7fd085c-9189-4698-99b6-478496fe8e45"
"2130","Für Elise","Beautiful Moments","1999","1999","DK","Album","2","16","CD","254773","Beautiful Moments","1999","Richard Clayderman","f2640d56-74bd-46cb-9566-3a27d041c15e"
"2131","Cavatina","Beautiful Moments","1999","1999","NO","Album","2","17","CD","214826","Beautiful Moments","1999","Richard Clayderman","f7fd085c-9189-4698-99b6-478496fe8e45"
"2132","Cavatina","Beautiful Moments","1999","1999","DK","Album","2","17","CD","214826","Beautiful Moments","1999","Richard Clayderman","f2640d56-74bd-46cb-9566-3a27d041c15e"
"2133","Beatles Medley","Beautiful Moments","1999","1999","DK","Album","2","18","CD","661106","Beautiful Moments","1999","Richard Clayderman","f2640d56-74bd-46cb-9566-3a27d041c15e"
"2134","Beatles Medley","Beautiful Moments","1999","1999","NO","Album","2","18","CD","661106","Beautiful Moments","1999","Richard Clayderman","f7fd085c-9189-4698-99b6-478496fe8e45"
"2135","Chinese Garden","Chinese Garden","1999","1999","","Album","1","1","CD","139693","Chinese Garden","1999","Richard Clayderman","7f45bad5-32ca-41c4-ab36-f204d387fa49"
"2136","Poetic Sonatica","Chinese Garden","1999","1999","","Album","1","2","CD","184773","Chinese Garden","1999","Richard Clayderman","7f45bad5-32ca-41c4-ab36-f204d387fa49"
"2137","Les Rendez-vous du Hasard","Chinese Garden","1999","1999","","Album","1","3","CD","149693","Chinese Garden","1999","Richard Clayderman","7f45bad5-32ca-41c4-ab36-f204d387fa49"
"2138","Notre Histoire","Chinese Garden","1999","1999","","Album","1","4","CD","199240","Chinese Garden","1999","Richard Clayderman","7f45bad5-32ca-41c4-ab36-f204d387fa49"
"2139","La Nuit Des Adieux","Chinese Garden","1999","1999","","Album","1","5","CD","238626","Chinese Garden","1999","Richard Clayderman","7f45bad5-32ca-41c4-ab36-f204d387fa49"
"2140","Ultime Amour","Chinese Garden","1999","1999","","Album","1","6","CD","199506","Chinese Garden","1999","Richard Clayderman","7f45bad5-32ca-41c4-ab36-f204d387fa49"
"2141","Le Depart de Belle","Chinese Garden","1999","1999","","Album","1","7","CD","160560","Chinese Garden","1999","Richard Clayderman","7f45bad5-32ca-41c4-ab36-f204d387fa49"
"2142","Anna Fedelia","Chinese Garden","1999","1999","","Album","1","8","CD","163506","Chinese Garden","1999","Richard Clayderman","7f45bad5-32ca-41c4-ab36-f204d387fa49"
"2143","Hungarian Sonata","Chinese Garden","1999","1999","","Album","1","9","CD","195466","Chinese Garden","1999","Richard Clayderman","7f45bad5-32ca-41c4-ab36-f204d387fa49"
"2144","Changer de Vie","Chinese Garden","1999","1999","","Album","1","10","CD","153800","Chinese Garden","1999","Richard Clayderman","7f45bad5-32ca-41c4-ab36-f204d387fa49"
"2145","Lenfance Retrouvee","Chinese Garden","1999","1999","","Album","1","11","CD","200293","Chinese Garden","1999","Richard Clayderman","7f45bad5-32ca-41c4-ab36-f204d387fa49"
"2146","Season","Chinese Garden","1999","1999","","Album","1","12","CD","185133","Chinese Garden","1999","Richard Clayderman","7f45bad5-32ca-41c4-ab36-f204d387fa49"
"2147","Hungarian Sonata (version Concert)","Chinese Garden","1999","1999","","Album","1","13","CD","199106","Chinese Garden","1999","Richard Clayderman","7f45bad5-32ca-41c4-ab36-f204d387fa49"
"2148","Ultime Amour (version Concert)","Chinese Garden","1999","1999","","Album","1","14","CD","194466","Chinese Garden","1999","Richard Clayderman","7f45bad5-32ca-41c4-ab36-f204d387fa49"
"2149","Chinese Garden","Magic Piano","1999","1999","FR","Album","1","1","CD","138080","Magic Piano","1999","Richard Clayderman","7e7408a2-ffc0-49c6-867f-3462d764a1bc"
"2150","The Child in the Silent Mornings","Magic Piano","1999","1999","FR","Album","1","2","CD","187253","Magic Piano","1999","Richard Clayderman","7e7408a2-ffc0-49c6-867f-3462d764a1bc"
"2151","Unbreak My Heart","Magic Piano","1999","1999","FR","Album","1","3","CD","222786","Magic Piano","1999","Richard Clayderman","7e7408a2-ffc0-49c6-867f-3462d764a1bc"
"2152","Something About the Way You Look Tonight …","Magic Piano","1999","1999","FR","Album","1","4","CD","208306","Magic Piano","1999","Richard Clayderman","7e7408a2-ffc0-49c6-867f-3462d764a1bc"
"2153","Make It With You","Magic Piano","1999","1999","FR","Album","1","5","CD","198226","Magic Piano","1999","Richard Clayderman","7e7408a2-ffc0-49c6-867f-3462d764a1bc"
"2154","Candle in the Wind","Magic Piano","1999","1999","FR","Album","1","6","CD","189946","Magic Piano","1999","Richard Clayderman","7e7408a2-ffc0-49c6-867f-3462d764a1bc"
"2155","Con te partiro (Time to Say Goodbye)","Magic Piano","1999","1999","FR","Album","1","7","CD","189480","Magic Piano","1999","Richard Clayderman","7e7408a2-ffc0-49c6-867f-3462d764a1bc"
"2156","Angels","Magic Piano","1999","1999","FR","Album","1","8","CD","237266","Magic Piano","1999","Richard Clayderman","7e7408a2-ffc0-49c6-867f-3462d764a1bc"
"2157","Tell Him","Magic Piano","1999","1999","FR","Album","1","9","CD","289040","Magic Piano","1999","Richard Clayderman","7e7408a2-ffc0-49c6-867f-3462d764a1bc"
"2158","How Do I Live","Magic Piano","1999","1999","FR","Album","1","10","CD","176640","Magic Piano","1999","Richard Clayderman","7e7408a2-ffc0-49c6-867f-3462d764a1bc"
"2159","Mano a mano","Magic Piano","1999","1999","FR","Album","1","11","CD","193360","Magic Piano","1999","Richard Clayderman","7e7408a2-ffc0-49c6-867f-3462d764a1bc"
"2160","Savoir aimer (Learn How to Love)","Magic Piano","1999","1999","FR","Album","1","12","CD","228826","Magic Piano","1999","Richard Clayderman","7e7408a2-ffc0-49c6-867f-3462d764a1bc"
"2161","Valse no. 2 (Waltz No. 2)","Magic Piano","1999","1999","FR","Album","1","13","CD","223573","Magic Piano","1999","Richard Clayderman","7e7408a2-ffc0-49c6-867f-3462d764a1bc"
"2162","Lucie","Magic Piano","1999","1999","FR","Album","1","14","CD","183480","Magic Piano","1999","Richard Clayderman","7e7408a2-ffc0-49c6-867f-3462d764a1bc"
"2163","Belle (Beautiful)","Magic Piano","1999","1999","FR","Album","1","15","CD","196093","Magic Piano","1999","Richard Clayderman","7e7408a2-ffc0-49c6-867f-3462d764a1bc"
"2164","Je t’aime","Magic Piano","1999","1999","FR","Album","1","16","CD","247733","Magic Piano","1999","Richard Clayderman","7e7408a2-ffc0-49c6-867f-3462d764a1bc"
"2165","Titanic Symphony","Magic Piano","1999","1999","FR","Album","1","17","CD","547266","Magic Piano","1999","Richard Clayderman","7e7408a2-ffc0-49c6-867f-3462d764a1bc"
"2166","The Child in the Silent Mornings","Magic Piano","1999","1999","FR","Album","1","18","CD","185573","Magic Piano","1999","Richard Clayderman","7e7408a2-ffc0-49c6-867f-3462d764a1bc"
"2167","Smiling Joey","Play Me Your Dreams","1999","1999","FR","Album","1","1","CD","155000","Play Me Your Dreams","1999","Richard Clayderman","0bc6cafa-94cd-4f29-855c-d639f21a1695"
"2168","Past Melody","Play Me Your Dreams","1999","1999","FR","Album","1","2","CD","248000","Play Me Your Dreams","1999","Richard Clayderman","0bc6cafa-94cd-4f29-855c-d639f21a1695"
"2169","Where Do Clouds Come From","Play Me Your Dreams","1999","1999","FR","Album","1","3","CD","211000","Play Me Your Dreams","1999","Richard Clayderman","0bc6cafa-94cd-4f29-855c-d639f21a1695"
"2170","Rose Angela Brass","Play Me Your Dreams","1999","1999","FR","Album","1","4","CD","223000","Play Me Your Dreams","1999","Richard Clayderman","0bc6cafa-94cd-4f29-855c-d639f21a1695"
"2171","Enigmatic Lady","Play Me Your Dreams","1999","1999","FR","Album","1","5","CD","192000","Play Me Your Dreams","1999","Richard Clayderman","0bc6cafa-94cd-4f29-855c-d639f21a1695"
"2172","On the Other Side of Heaven","Play Me Your Dreams","1999","1999","FR","Album","1","6","CD","180000","Play Me Your Dreams","1999","Richard Clayderman","0bc6cafa-94cd-4f29-855c-d639f21a1695"
"2173","A Little Tecno in the Moonlight","Play Me Your Dreams","1999","1999","FR","Album","1","7","CD","204000","Play Me Your Dreams","1999","Richard Clayderman","0bc6cafa-94cd-4f29-855c-d639f21a1695"
"2174","Princess of the Desert","Play Me Your Dreams","1999","1999","FR","Album","1","8","CD","273000","Play Me Your Dreams","1999","Richard Clayderman","0bc6cafa-94cd-4f29-855c-d639f21a1695"
"2175","Silverfish","Play Me Your Dreams","1999","1999","FR","Album","1","9","CD","185000","Play Me Your Dreams","1999","Richard Clayderman","0bc6cafa-94cd-4f29-855c-d639f21a1695"
"2176","We Will See Each Other Again","Play Me Your Dreams","1999","1999","FR","Album","1","10","CD","120000","Play Me Your Dreams","1999","Richard Clayderman","0bc6cafa-94cd-4f29-855c-d639f21a1695"
"2177","The Wind Beneath My Wings, from 'Beaches'","The Entertainer","1999","1999","GB","Album","1","1","CD","203120","The Entertainer","1999","Richard Clayderman","f10e5e46-04e1-4a35-a001-00b135ab5974"
"2178","Memory, from 'Cats'","The Entertainer","1999","1999","GB","Album","1","2","CD","185373","The Entertainer","1999","Richard Clayderman","f10e5e46-04e1-4a35-a001-00b135ab5974"
"2179","Can You Feel the Love Tonight, from 'The Lion King'","The Entertainer","1999","1999","GB","Album","1","3","CD","194053","The Entertainer","1999","Richard Clayderman","f10e5e46-04e1-4a35-a001-00b135ab5974"
"2180","Love Changes Everything, from 'Aspects of Love'","The Entertainer","1999","1999","GB","Album","1","4","CD","315480","The Entertainer","1999","Richard Clayderman","f10e5e46-04e1-4a35-a001-00b135ab5974"
"2181","The Lady in Red / Take My Breath Away, from 'Top Gun'","The Entertainer","1999","1999","GB","Album","1","5","CD","249746","The Entertainer","1999","Richard Clayderman","f10e5e46-04e1-4a35-a001-00b135ab5974"
"2182","The Phantom of the Opera, from 'The Phantom of the Opera'","The Entertainer","1999","1999","GB","Album","1","6","CD","286573","The Entertainer","1999","Richard Clayderman","f10e5e46-04e1-4a35-a001-00b135ab5974"
"2183","West Side Story Medley","The Entertainer","1999","1999","GB","Album","1","7","CD","394053","The Entertainer","1999","Richard Clayderman","f10e5e46-04e1-4a35-a001-00b135ab5974"
"2184","Don't Cry for Me Argentina, from 'Evita'","The Entertainer","1999","1999","GB","Album","1","8","CD","215666","The Entertainer","1999","Richard Clayderman","f10e5e46-04e1-4a35-a001-00b135ab5974"
"2185","Money Money Money, from 'Mamma Mia'","The Entertainer","1999","1999","GB","Album","1","9","CD","221640","The Entertainer","1999","Richard Clayderman","f10e5e46-04e1-4a35-a001-00b135ab5974"
"2186","The Streets of Philadelphia, from 'Philadelphia'","The Entertainer","1999","1999","GB","Album","1","10","CD","215493","The Entertainer","1999","Richard Clayderman","f10e5e46-04e1-4a35-a001-00b135ab5974"
"2187","Any Dream Will Do, from 'Joseph and the Amazing Technicolor Dreamcoat'","The Entertainer","1999","1999","GB","Album","1","11","CD","209560","The Entertainer","1999","Richard Clayderman","f10e5e46-04e1-4a35-a001-00b135ab5974"
"2188","Chariots of Fire, from 'Chariots of Fire'","The Entertainer","1999","1999","GB","Album","1","12","CD","181653","The Entertainer","1999","Richard Clayderman","f10e5e46-04e1-4a35-a001-00b135ab5974"
"2189","Groovy Kind of Love, from 'Buster'","The Entertainer","1999","1999","GB","Album","1","13","CD","170453","The Entertainer","1999","Richard Clayderman","f10e5e46-04e1-4a35-a001-00b135ab5974"
"2190","The Music of the Night, from 'The Phantom of the Opera'","The Entertainer","1999","1999","GB","Album","1","14","CD","331013","The Entertainer","1999","Richard Clayderman","f10e5e46-04e1-4a35-a001-00b135ab5974"
"2191","Up Where We Belong, from 'An Officer and a Gentleman'","The Entertainer","1999","1999","GB","Album","1","15","CD","178853","The Entertainer","1999","Richard Clayderman","f10e5e46-04e1-4a35-a001-00b135ab5974"
"2192","Unchained Melody, from 'Ghost'","The Entertainer","1999","1999","GB","Album","1","16","CD","187106","The Entertainer","1999","Richard Clayderman","f10e5e46-04e1-4a35-a001-00b135ab5974"
"2193","[Everything I Do] I Do It for You, from 'Robin Hood Prince of Thieves'","The Entertainer","1999","1999","GB","Album","1","17","CD","245920","The Entertainer","1999","Richard Clayderman","f10e5e46-04e1-4a35-a001-00b135ab5974"
"2194","I Will Always Love You, from 'The Bodyguard'","The Entertainer","1999","1999","GB","Album","1","18","CD","249933","The Entertainer","1999","Richard Clayderman","f10e5e46-04e1-4a35-a001-00b135ab5974"
"2195","The Phantom of the Opera","Love Songs of Al Webber","1999","1999-02-23","XE","Album","1","1","CD","288000","My Favourite Melodies","1999","Richard Clayderman","a156bbb6-d9ae-4466-9655-5a61c26fe691"
"2196","The Music of the Night","Love Songs of Al Webber","1999","1999-02-23","XE","Album","1","2","CD","332173","My Favourite Melodies","1999","Richard Clayderman","a156bbb6-d9ae-4466-9655-5a61c26fe691"
"2197","Love Changes Everything","Love Songs of Al Webber","1999","1999-02-23","XE","Album","1","3","CD","316160","My Favourite Melodies","1999","Richard Clayderman","a156bbb6-d9ae-4466-9655-5a61c26fe691"
"2198","Don't Cry for Me Argentina","Love Songs of Al Webber","1999","1999-02-23","XE","Album","1","4","CD","217173","My Favourite Melodies","1999","Richard Clayderman","a156bbb6-d9ae-4466-9655-5a61c26fe691"
"2199","Seeing Is Beieving","Love Songs of Al Webber","1999","1999-02-23","XE","Album","1","5","CD","215333","My Favourite Melodies","1999","Richard Clayderman","a156bbb6-d9ae-4466-9655-5a61c26fe691"
"2200","All I Ask of You","Love Songs of Al Webber","1999","1999-02-23","XE","Album","1","6","CD","212666","My Favourite Melodies","1999","Richard Clayderman","a156bbb6-d9ae-4466-9655-5a61c26fe691"
"2201","High Flying Adored","Love Songs of Al Webber","1999","1999-02-23","XE","Album","1","7","CD","268493","My Favourite Melodies","1999","Richard Clayderman","a156bbb6-d9ae-4466-9655-5a61c26fe691"
"2202","Another Suitcase in Another Hall","Love Songs of Al Webber","1999","1999-02-23","XE","Album","1","8","CD","197666","My Favourite Melodies","1999","Richard Clayderman","a156bbb6-d9ae-4466-9655-5a61c26fe691"
"2203","Tell Me on a Sunday","Love Songs of Al Webber","1999","1999-02-23","XE","Album","1","9","CD","286000","My Favourite Melodies","1999","Richard Clayderman","a156bbb6-d9ae-4466-9655-5a61c26fe691"
"2204","I Don't Know How to Love Him","Love Songs of Al Webber","1999","1999-02-23","XE","Album","1","10","CD","246173","My Favourite Melodies","1999","Richard Clayderman","a156bbb6-d9ae-4466-9655-5a61c26fe691"
"2205","Memory","Love Songs of Al Webber","1999","1999-02-23","XE","Album","1","11","CD","328160","My Favourite Melodies","1999","Richard Clayderman","a156bbb6-d9ae-4466-9655-5a61c26fe691"
"2206","Take That Look of Your Face","Love Songs of Al Webber","1999","1999-02-23","XE","Album","1","12","CD","239000","My Favourite Melodies","1999","Richard Clayderman","a156bbb6-d9ae-4466-9655-5a61c26fe691"
"2207","Con Te Partiro","Millennium Gold Collection","1999","1999-12-12","ZA","Album","1","1","CD","189000","Millennium Gold Collection","1999","Richard Clayderman","0a31dc71-9733-4480-a5a0-059bf10f178a"
"2208","How Do I Live","Millennium Gold Collection","1999","1999-12-12","ZA","Album","1","2","CD","177000","Millennium Gold Collection","1999","Richard Clayderman","0a31dc71-9733-4480-a5a0-059bf10f178a"
"2209","The Winner Takes It All","Millennium Gold Collection","1999","1999-12-12","ZA","Album","1","3","CD","184000","Millennium Gold Collection","1999","Richard Clayderman","0a31dc71-9733-4480-a5a0-059bf10f178a"
"2210","All By Myself","Millennium Gold Collection","1999","1999-12-12","ZA","Album","1","4","CD","190000","Millennium Gold Collection","1999","Richard Clayderman","0a31dc71-9733-4480-a5a0-059bf10f178a"
"2211","Past melody","Millennium Gold Collection","1999","1999-12-12","ZA","Album","1","5","CD","248000","Millennium Gold Collection","1999","Richard Clayderman","0a31dc71-9733-4480-a5a0-059bf10f178a"
"2212","Candle In The Wind","Millennium Gold Collection","1999","1999-12-12","ZA","Album","1","6","CD","189000","Millennium Gold Collection","1999","Richard Clayderman","0a31dc71-9733-4480-a5a0-059bf10f178a"
"2213","Everything I Do","Millennium Gold Collection","1999","1999-12-12","ZA","Album","1","7","CD","246000","Millennium Gold Collection","1999","Richard Clayderman","0a31dc71-9733-4480-a5a0-059bf10f178a"
"2214","Another Day In Paradise","Millennium Gold Collection","1999","1999-12-12","ZA","Album","1","8","CD","211000","Millennium Gold Collection","1999","Richard Clayderman","0a31dc71-9733-4480-a5a0-059bf10f178a"
"2215","Cavatina","Millennium Gold Collection","1999","1999-12-12","ZA","Album","1","9","CD","214000","Millennium Gold Collection","1999","Richard Clayderman","0a31dc71-9733-4480-a5a0-059bf10f178a"
"2216","Can You Feel The Love Tonight","Millennium Gold Collection","1999","1999-12-12","ZA","Album","1","10","CD","193000","Millennium Gold Collection","1999","Richard Clayderman","0a31dc71-9733-4480-a5a0-059bf10f178a"
"2217","Balade Pour Adeline","Millennium Gold Collection","1999","1999-12-12","ZA","Album","1","11","CD","158000","Millennium Gold Collection","1999","Richard Clayderman","0a31dc71-9733-4480-a5a0-059bf10f178a"
"2218","Lettre A Elise (Für Elise)","Millennium Gold Collection","1999","1999-12-12","ZA","Album","1","12","CD","257000","Millennium Gold Collection","1999","Richard Clayderman","0a31dc71-9733-4480-a5a0-059bf10f178a"
"2219","Evergreen","Millennium Gold Collection","1999","1999-12-12","ZA","Album","1","13","CD","181000","Millennium Gold Collection","1999","Richard Clayderman","0a31dc71-9733-4480-a5a0-059bf10f178a"
"2220","Hello","Millennium Gold Collection","1999","1999-12-12","ZA","Album","1","14","CD","188000","Millennium Gold Collection","1999","Richard Clayderman","0a31dc71-9733-4480-a5a0-059bf10f178a"
"2221","Take My Breath Away","Millennium Gold Collection","1999","1999-12-12","ZA","Album","1","15","CD","249000","Millennium Gold Collection","1999","Richard Clayderman","0a31dc71-9733-4480-a5a0-059bf10f178a"
"2222","Close To You","Millennium Gold Collection","1999","1999-12-12","ZA","Album","1","16","CD","216000","Millennium Gold Collection","1999","Richard Clayderman","0a31dc71-9733-4480-a5a0-059bf10f178a"
"2223","Chariots Of Fire","Millennium Gold Collection","1999","1999-12-12","ZA","Album","1","17","CD","180000","Millennium Gold Collection","1999","Richard Clayderman","0a31dc71-9733-4480-a5a0-059bf10f178a"
"2224","La Chanson De Lara","Millennium Gold Collection","1999","1999-12-12","ZA","Album","1","18","CD","154000","Millennium Gold Collection","1999","Richard Clayderman","0a31dc71-9733-4480-a5a0-059bf10f178a"
"2225","Greensleeves","Millennium Gold Collection","1999","1999-12-12","ZA","Album","1","19","CD","235000","Millennium Gold Collection","1999","Richard Clayderman","0a31dc71-9733-4480-a5a0-059bf10f178a"
"2226","The Way We Were","Millennium Gold Collection","1999","1999-12-12","ZA","Album","1","20","CD","163000","Millennium Gold Collection","1999","Richard Clayderman","0a31dc71-9733-4480-a5a0-059bf10f178a"
"2227","Tell Him","Millennium Gold Collection","1999","1999-12-12","ZA","Album","1","21","CD","285000","Millennium Gold Collection","1999","Richard Clayderman","0a31dc71-9733-4480-a5a0-059bf10f178a"
"2228","Angels","Millennium Gold Collection","1999","1999-12-12","ZA","Album","1","22","CD","236000","Millennium Gold Collection","1999","Richard Clayderman","0a31dc71-9733-4480-a5a0-059bf10f178a"
"2229","I Know Him So Well","Millennium Gold Collection","1999","1999-12-12","ZA","Album","1","23","CD","243000","Millennium Gold Collection","1999","Richard Clayderman","0a31dc71-9733-4480-a5a0-059bf10f178a"
"2230","Make It With You","Millennium Gold Collection","1999","1999-12-12","ZA","Album","1","24","CD","198000","Millennium Gold Collection","1999","Richard Clayderman","0a31dc71-9733-4480-a5a0-059bf10f178a"
"2231","Ebony And Ivory","Millennium Gold Collection","1999","1999-12-12","ZA","Album","1","25","CD","164000","Millennium Gold Collection","1999","Richard Clayderman","0a31dc71-9733-4480-a5a0-059bf10f178a"
"2232","Princess Of The Desert","Millennium Gold Collection","1999","1999-12-12","ZA","Album","1","26","CD","271000","Millennium Gold Collection","1999","Richard Clayderman","0a31dc71-9733-4480-a5a0-059bf10f178a"
"2233","I Will Always Love You","Millennium Gold Collection","1999","1999-12-12","ZA","Album","1","27","CD","249000","Millennium Gold Collection","1999","Richard Clayderman","0a31dc71-9733-4480-a5a0-059bf10f178a"
"2234","Nothing's Gonna Change My Love For You","Millennium Gold Collection","1999","1999-12-12","ZA","Album","1","28","CD","198000","Millennium Gold Collection","1999","Richard Clayderman","0a31dc71-9733-4480-a5a0-059bf10f178a"
"2235","Clair De Lune","Millennium Gold Collection","1999","1999-12-12","ZA","Album","1","29","CD","292000","Millennium Gold Collection","1999","Richard Clayderman","0a31dc71-9733-4480-a5a0-059bf10f178a"
"2236","All I Ask Of You","Millennium Gold Collection","1999","1999-12-12","ZA","Album","1","30","CD","212000","Millennium Gold Collection","1999","Richard Clayderman","0a31dc71-9733-4480-a5a0-059bf10f178a"
"2237","Could It Be Magic","Millennium Gold Collection","1999","1999-12-12","ZA","Album","1","31","CD","314000","Millennium Gold Collection","1999","Richard Clayderman","0a31dc71-9733-4480-a5a0-059bf10f178a"
"2238","Theme From Mahogany","Millennium Gold Collection","1999","1999-12-12","ZA","Album","1","32","CD","212000","Millennium Gold Collection","1999","Richard Clayderman","0a31dc71-9733-4480-a5a0-059bf10f178a"
"2239","Elira Madigan Piano Concerto","Millennium Gold Collection","1999","1999-12-12","ZA","Album","1","33","CD","202000","Millennium Gold Collection","1999","Richard Clayderman","0a31dc71-9733-4480-a5a0-059bf10f178a"
"2240","Nocturne Op Nine No Two In E Flat","Millennium Gold Collection","1999","1999-12-12","ZA","Album","1","34","CD","259000","Millennium Gold Collection","1999","Richard Clayderman","0a31dc71-9733-4480-a5a0-059bf10f178a"
"2241","Where Do Clouds Come From","Millennium Gold Collection","1999","1999-12-12","ZA","Album","1","35","CD","211000","Millennium Gold Collection","1999","Richard Clayderman","0a31dc71-9733-4480-a5a0-059bf10f178a"
"2242","Theme From The Thorn Birds","Millennium Gold Collection","1999","1999-12-12","ZA","Album","1","36","CD","153000","Millennium Gold Collection","1999","Richard Clayderman","0a31dc71-9733-4480-a5a0-059bf10f178a"
"2243","The Wind Beneath My Wings","Millennium Gold Collection","1999","1999-12-12","ZA","Album","1","37","CD","201000","Millennium Gold Collection","1999","Richard Clayderman","0a31dc71-9733-4480-a5a0-059bf10f178a"
"2244","Volare","Millennium Gold Collection","1999","1999-12-12","ZA","Album","1","38","CD","195000","Millennium Gold Collection","1999","Richard Clayderman","0a31dc71-9733-4480-a5a0-059bf10f178a"
"2245","Dolannes Melody","Millennium Gold Collection","1999","1999-12-12","ZA","Album","1","39","CD","204000","Millennium Gold Collection","1999","Richard Clayderman","0a31dc71-9733-4480-a5a0-059bf10f178a"
"2246","On The Other Side Of Heaven","Millennium Gold Collection","1999","1999-12-12","ZA","Album","1","40","CD","178000","Millennium Gold Collection","1999","Richard Clayderman","0a31dc71-9733-4480-a5a0-059bf10f178a"
"2247","Ballade pour Adeline","The Anniversary Collection","2000","2000","GB","Album","1","1","CD","156000","The Anniversary Collection","2000","Richard Clayderman","a88d60c0-335f-4991-b640-938fb17d9b66"
"2248","L for Love (A comme amour)","The Anniversary Collection","2000","2000","GB","Album","1","2","CD","197000","The Anniversary Collection","2000","Richard Clayderman","a88d60c0-335f-4991-b640-938fb17d9b66"
"2249","Lady Di","The Anniversary Collection","2000","2000","GB","Album","1","3","CD","151000","The Anniversary Collection","2000","Richard Clayderman","a88d60c0-335f-4991-b640-938fb17d9b66"
"2250","Autumn Leaves","The Anniversary Collection","2000","2000","GB","Album","1","4","CD","164000","The Anniversary Collection","2000","Richard Clayderman","a88d60c0-335f-4991-b640-938fb17d9b66"
"2251","Sleepy Shores","The Anniversary Collection","2000","2000","GB","Album","1","5","CD","205000","The Anniversary Collection","2000","Richard Clayderman","a88d60c0-335f-4991-b640-938fb17d9b66"
"2252","Music Box Dancer","The Anniversary Collection","2000","2000","GB","Album","1","6","CD","184000","The Anniversary Collection","2000","Richard Clayderman","a88d60c0-335f-4991-b640-938fb17d9b66"
"2253","Love Story","The Anniversary Collection","2000","2000","GB","Album","1","7","CD","181000","The Anniversary Collection","2000","Richard Clayderman","a88d60c0-335f-4991-b640-938fb17d9b66"
"2254","Moon River","The Anniversary Collection","2000","2000","GB","Album","1","8","CD","193000","The Anniversary Collection","2000","Richard Clayderman","a88d60c0-335f-4991-b640-938fb17d9b66"
"2255","Bewitched","The Anniversary Collection","2000","2000","GB","Album","1","9","CD","213000","The Anniversary Collection","2000","Richard Clayderman","a88d60c0-335f-4991-b640-938fb17d9b66"
"2256","Bilitis","The Anniversary Collection","2000","2000","GB","Album","1","10","CD","222000","The Anniversary Collection","2000","Richard Clayderman","a88d60c0-335f-4991-b640-938fb17d9b66"
"2257","From a Distance","The Anniversary Collection","2000","2000","GB","Album","1","11","CD","234000","The Anniversary Collection","2000","Richard Clayderman","a88d60c0-335f-4991-b640-938fb17d9b66"
"2258","As Time Goes By","The Anniversary Collection","2000","2000","GB","Album","1","12","CD","137000","The Anniversary Collection","2000","Richard Clayderman","a88d60c0-335f-4991-b640-938fb17d9b66"
"2259","Plaisir d’Amour","The Anniversary Collection","2000","2000","GB","Album","1","13","CD","159000","The Anniversary Collection","2000","Richard Clayderman","a88d60c0-335f-4991-b640-938fb17d9b66"
"2260","La Vie en rose","The Anniversary Collection","2000","2000","GB","Album","1","14","CD","155000","The Anniversary Collection","2000","Richard Clayderman","a88d60c0-335f-4991-b640-938fb17d9b66"
"2261","Only Love","The Anniversary Collection","2000","2000","GB","Album","1","15","CD","180000","The Anniversary Collection","2000","Richard Clayderman","a88d60c0-335f-4991-b640-938fb17d9b66"
"2262","All I Ask of You","The Anniversary Collection","2000","2000","GB","Album","1","16","CD","202000","The Anniversary Collection","2000","Richard Clayderman","a88d60c0-335f-4991-b640-938fb17d9b66"
"2263","Ebony and Ivory","The Anniversary Collection","2000","2000","GB","Album","1","17","CD","163000","The Anniversary Collection","2000","Richard Clayderman","a88d60c0-335f-4991-b640-938fb17d9b66"
"2264","Careless Whisper","The Anniversary Collection","2000","2000","GB","Album","1","18","CD","199000","The Anniversary Collection","2000","Richard Clayderman","a88d60c0-335f-4991-b640-938fb17d9b66"
"2265","Blue Eyes","The Anniversary Collection","2000","2000","GB","Album","1","19","CD","184000","The Anniversary Collection","2000","Richard Clayderman","a88d60c0-335f-4991-b640-938fb17d9b66"
"2266","The Music of the Night","The Anniversary Collection","2000","2000","GB","Album","1","20","CD","327000","The Anniversary Collection","2000","Richard Clayderman","a88d60c0-335f-4991-b640-938fb17d9b66"
"2267","Belle","The Anniversary Collection","2000","2000","GB","Album","1","21","CD","193000","The Anniversary Collection","2000","Richard Clayderman","a88d60c0-335f-4991-b640-938fb17d9b66"
"2268","Speak to Me of Love (Parlez‐moi d’amour)","The Anniversary Collection","2000","2000","GB","Album","1","22","CD","138000","The Anniversary Collection","2000","Richard Clayderman","a88d60c0-335f-4991-b640-938fb17d9b66"
"2269","Beyond the Sea (La Mer)","The Anniversary Collection","2000","2000","GB","Album","1","23","CD","191000","The Anniversary Collection","2000","Richard Clayderman","a88d60c0-335f-4991-b640-938fb17d9b66"
"2270","If You Go Away (Ne me quitte pas)","The Anniversary Collection","2000","2000","GB","Album","1","24","CD","172000","The Anniversary Collection","2000","Richard Clayderman","a88d60c0-335f-4991-b640-938fb17d9b66"
"2271","Strangers in the Night","The Anniversary Collection","2000","2000","GB","Album","2","1","CD","195000","The Anniversary Collection","2000","Richard Clayderman","a88d60c0-335f-4991-b640-938fb17d9b66"
"2272","Smoke Gets in Your Eyes","The Anniversary Collection","2000","2000","GB","Album","2","2","CD","153000","The Anniversary Collection","2000","Richard Clayderman","a88d60c0-335f-4991-b640-938fb17d9b66"
"2273","My Way","The Anniversary Collection","2000","2000","GB","Album","2","3","CD","228000","The Anniversary Collection","2000","Richard Clayderman","a88d60c0-335f-4991-b640-938fb17d9b66"
"2274","Night and Day","The Anniversary Collection","2000","2000","GB","Album","2","4","CD","165000","The Anniversary Collection","2000","Richard Clayderman","a88d60c0-335f-4991-b640-938fb17d9b66"
"2275","The Shadow of Your Smile","The Anniversary Collection","2000","2000","GB","Album","2","5","CD","182000","The Anniversary Collection","2000","Richard Clayderman","a88d60c0-335f-4991-b640-938fb17d9b66"
"2276","Unchained Melody","The Anniversary Collection","2000","2000","GB","Album","2","6","CD","184000","The Anniversary Collection","2000","Richard Clayderman","a88d60c0-335f-4991-b640-938fb17d9b66"
"2277","Begin the Beguine","The Anniversary Collection","2000","2000","GB","Album","2","7","CD","202000","The Anniversary Collection","2000","Richard Clayderman","a88d60c0-335f-4991-b640-938fb17d9b66"
"2278","Love Is Blue","The Anniversary Collection","2000","2000","GB","Album","2","8","CD","101000","The Anniversary Collection","2000","Richard Clayderman","a88d60c0-335f-4991-b640-938fb17d9b66"
"2279","Stardust","The Anniversary Collection","2000","2000","GB","Album","2","9","CD","236000","The Anniversary Collection","2000","Richard Clayderman","a88d60c0-335f-4991-b640-938fb17d9b66"
"2280","Only You","The Anniversary Collection","2000","2000","GB","Album","2","10","CD","189000","The Anniversary Collection","2000","Richard Clayderman","a88d60c0-335f-4991-b640-938fb17d9b66"
"2281","Winner Takes It All","The Anniversary Collection","2000","2000","GB","Album","2","11","CD","182000","The Anniversary Collection","2000","Richard Clayderman","a88d60c0-335f-4991-b640-938fb17d9b66"
"2282","Let It Be","The Anniversary Collection","2000","2000","GB","Album","2","12","CD","218000","The Anniversary Collection","2000","Richard Clayderman","a88d60c0-335f-4991-b640-938fb17d9b66"
"2283","Candle in the Wind","The Anniversary Collection","2000","2000","GB","Album","2","13","CD","187000","The Anniversary Collection","2000","Richard Clayderman","a88d60c0-335f-4991-b640-938fb17d9b66"
"2284","(Everything I Do) I Do It for You","The Anniversary Collection","2000","2000","GB","Album","2","14","CD","243000","The Anniversary Collection","2000","Richard Clayderman","a88d60c0-335f-4991-b640-938fb17d9b66"
"2285","I Don’t Want to Miss a Thing","The Anniversary Collection","2000","2000","GB","Album","2","15","CD","271000","The Anniversary Collection","2000","Richard Clayderman","a88d60c0-335f-4991-b640-938fb17d9b66"
"2286","Angels","The Anniversary Collection","2000","2000","GB","Album","2","16","CD","235000","The Anniversary Collection","2000","Richard Clayderman","a88d60c0-335f-4991-b640-938fb17d9b66"
"2287","No Matter What","The Anniversary Collection","2000","2000","GB","Album","2","17","CD","211000","The Anniversary Collection","2000","Richard Clayderman","a88d60c0-335f-4991-b640-938fb17d9b66"
"2288","Another Day in Paradise","The Anniversary Collection","2000","2000","GB","Album","2","18","CD","207000","The Anniversary Collection","2000","Richard Clayderman","a88d60c0-335f-4991-b640-938fb17d9b66"
"2289","Can You Feel the Love Tonight","The Anniversary Collection","2000","2000","GB","Album","2","19","CD","191000","The Anniversary Collection","2000","Richard Clayderman","a88d60c0-335f-4991-b640-938fb17d9b66"
"2290","My Heart Will Go On","The Anniversary Collection","2000","2000","GB","Album","2","20","CD","222000","The Anniversary Collection","2000","Richard Clayderman","a88d60c0-335f-4991-b640-938fb17d9b66"
"2291","The Power of Love","The Anniversary Collection","2000","2000","GB","Album","2","21","CD","242000","The Anniversary Collection","2000","Richard Clayderman","a88d60c0-335f-4991-b640-938fb17d9b66"
"2292","Time to Say Goodbye (Con te partiro)","The Anniversary Collection","2000","2000","GB","Album","2","22","CD","187000","The Anniversary Collection","2000","Richard Clayderman","a88d60c0-335f-4991-b640-938fb17d9b66"
"2293","And I Love You So","The Anniversary Collection","2000","2000","GB","Album","3","1","CD","149000","The Anniversary Collection","2000","Richard Clayderman","a88d60c0-335f-4991-b640-938fb17d9b66"
"2294","I Want to Know What Love Is","The Anniversary Collection","2000","2000","GB","Album","3","2","CD","220000","The Anniversary Collection","2000","Richard Clayderman","a88d60c0-335f-4991-b640-938fb17d9b66"
"2295","Solitaire","The Anniversary Collection","2000","2000","GB","Album","3","3","CD","255000","The Anniversary Collection","2000","Richard Clayderman","a88d60c0-335f-4991-b640-938fb17d9b66"
"2296","Yesterday Once More","The Anniversary Collection","2000","2000","GB","Album","3","4","CD","204000","The Anniversary Collection","2000","Richard Clayderman","a88d60c0-335f-4991-b640-938fb17d9b66"
"2297","Could It Be Magic","The Anniversary Collection","2000","2000","GB","Album","3","5","CD","313000","The Anniversary Collection","2000","Richard Clayderman","a88d60c0-335f-4991-b640-938fb17d9b66"
"2298","Woman in Love","The Anniversary Collection","2000","2000","GB","Album","3","6","CD","148000","The Anniversary Collection","2000","Richard Clayderman","a88d60c0-335f-4991-b640-938fb17d9b66"
"2299","All the Thing You Are","The Anniversary Collection","2000","2000","GB","Album","3","7","CD","187000","The Anniversary Collection","2000","Richard Clayderman","a88d60c0-335f-4991-b640-938fb17d9b66"
"2300","I Won’t Last a Day Without You","The Anniversary Collection","2000","2000","GB","Album","3","8","CD","250000","The Anniversary Collection","2000","Richard Clayderman","a88d60c0-335f-4991-b640-938fb17d9b66"
"2301","I Love You, I Honestly Love You","The Anniversary Collection","2000","2000","GB","Album","3","9","CD","188000","The Anniversary Collection","2000","Richard Clayderman","a88d60c0-335f-4991-b640-938fb17d9b66"
"2302","If You Love Me, Really Love Me (Hymne à l'Amour)","The Anniversary Collection","2000","2000","GB","Album","3","10","CD","255000","The Anniversary Collection","2000","Richard Clayderman","a88d60c0-335f-4991-b640-938fb17d9b66"
"2303","Don’t Cry for Me Argentina","The Anniversary Collection","2000","2000","GB","Album","3","11","CD","192000","The Anniversary Collection","2000","Richard Clayderman","a88d60c0-335f-4991-b640-938fb17d9b66"
"2304","I Love Paris","The Anniversary Collection","2000","2000","GB","Album","3","12","CD","196000","The Anniversary Collection","2000","Richard Clayderman","a88d60c0-335f-4991-b640-938fb17d9b66"
"2305","The Carnival Is Over","The Anniversary Collection","2000","2000","GB","Album","3","13","CD","191000","The Anniversary Collection","2000","Richard Clayderman","a88d60c0-335f-4991-b640-938fb17d9b66"
"2306","Embraceable You","The Anniversary Collection","2000","2000","GB","Album","3","14","CD","151000","The Anniversary Collection","2000","Richard Clayderman","a88d60c0-335f-4991-b640-938fb17d9b66"
"2307","Stranger on the Shore","The Anniversary Collection","2000","2000","GB","Album","3","15","CD","149000","The Anniversary Collection","2000","Richard Clayderman","a88d60c0-335f-4991-b640-938fb17d9b66"
"2308","Guantanamera","The Anniversary Collection","2000","2000","GB","Album","3","16","CD","146000","The Anniversary Collection","2000","Richard Clayderman","a88d60c0-335f-4991-b640-938fb17d9b66"
"2309","City of New Orleans","The Anniversary Collection","2000","2000","GB","Album","3","17","CD","200000","The Anniversary Collection","2000","Richard Clayderman","a88d60c0-335f-4991-b640-938fb17d9b66"
"2310","The Girl of Ipanema","The Anniversary Collection","2000","2000","GB","Album","3","18","CD","179000","The Anniversary Collection","2000","Richard Clayderman","a88d60c0-335f-4991-b640-938fb17d9b66"
"2311","Feelings","The Anniversary Collection","2000","2000","GB","Album","3","19","CD","196000","The Anniversary Collection","2000","Richard Clayderman","a88d60c0-335f-4991-b640-938fb17d9b66"
"2312","You’re my world","The Anniversary Collection","2000","2000","GB","Album","3","20","CD","264000","The Anniversary Collection","2000","Richard Clayderman","a88d60c0-335f-4991-b640-938fb17d9b66"
"2313","Brazil","The Anniversary Collection","2000","2000","GB","Album","3","21","CD","148000","The Anniversary Collection","2000","Richard Clayderman","a88d60c0-335f-4991-b640-938fb17d9b66"
"2314","Arrivedeci Roma","The Anniversary Collection","2000","2000","GB","Album","3","22","CD","159000","The Anniversary Collection","2000","Richard Clayderman","a88d60c0-335f-4991-b640-938fb17d9b66"
"2315","Vaya con dios","The Anniversary Collection","2000","2000","GB","Album","3","23","CD","108000","The Anniversary Collection","2000","Richard Clayderman","a88d60c0-335f-4991-b640-938fb17d9b66"
"2316","This Guy Is in Love With You","The Anniversary Collection","2000","2000","GB","Album","4","1","CD","181000","The Anniversary Collection","2000","Richard Clayderman","a88d60c0-335f-4991-b640-938fb17d9b66"
"2317","There’s a Kind of Hush (All Over the World)","The Anniversary Collection","2000","2000","GB","Album","4","2","CD","197000","The Anniversary Collection","2000","Richard Clayderman","a88d60c0-335f-4991-b640-938fb17d9b66"
"2318","Fernando","The Anniversary Collection","2000","2000","GB","Album","4","3","CD","255000","The Anniversary Collection","2000","Richard Clayderman","a88d60c0-335f-4991-b640-938fb17d9b66"
"2319","Elizabethan Serenade","The Anniversary Collection","2000","2000","GB","Album","4","4","CD","114000","The Anniversary Collection","2000","Richard Clayderman","a88d60c0-335f-4991-b640-938fb17d9b66"
"2320","Any Dream Will Do","The Anniversary Collection","2000","2000","GB","Album","4","5","CD","208000","The Anniversary Collection","2000","Richard Clayderman","a88d60c0-335f-4991-b640-938fb17d9b66"
"2321","I Know Him Well","The Anniversary Collection","2000","2000","GB","Album","4","6","CD","243000","The Anniversary Collection","2000","Richard Clayderman","a88d60c0-335f-4991-b640-938fb17d9b66"
"2322","A Whiter Shade of Pale","The Anniversary Collection","2000","2000","GB","Album","4","7","CD","266000","The Anniversary Collection","2000","Richard Clayderman","a88d60c0-335f-4991-b640-938fb17d9b66"
"2323","Chariots of Fire","The Anniversary Collection","2000","2000","GB","Album","4","8","CD","179000","The Anniversary Collection","2000","Richard Clayderman","a88d60c0-335f-4991-b640-938fb17d9b66"
"2324","Up Where We Belong","The Anniversary Collection","2000","2000","GB","Album","4","9","CD","177000","The Anniversary Collection","2000","Richard Clayderman","a88d60c0-335f-4991-b640-938fb17d9b66"
"2325","Wind Beneath My Wings","The Anniversary Collection","2000","2000","GB","Album","4","10","CD","200000","The Anniversary Collection","2000","Richard Clayderman","a88d60c0-335f-4991-b640-938fb17d9b66"
"2326","Love Me Tender","The Anniversary Collection","2000","2000","GB","Album","4","11","CD","140000","The Anniversary Collection","2000","Richard Clayderman","a88d60c0-335f-4991-b640-938fb17d9b66"
"2327","Sound of Silence","The Anniversary Collection","2000","2000","GB","Album","4","12","CD","209000","The Anniversary Collection","2000","Richard Clayderman","a88d60c0-335f-4991-b640-938fb17d9b66"
"2328","A Time for Us","The Anniversary Collection","2000","2000","GB","Album","4","13","CD","139000","The Anniversary Collection","2000","Richard Clayderman","a88d60c0-335f-4991-b640-938fb17d9b66"
"2329","Ti amo","The Anniversary Collection","2000","2000","GB","Album","4","14","CD","142000","The Anniversary Collection","2000","Richard Clayderman","a88d60c0-335f-4991-b640-938fb17d9b66"
"2330","(They long to Be) Close to You","The Anniversary Collection","2000","2000","GB","Album","4","15","CD","214000","The Anniversary Collection","2000","Richard Clayderman","a88d60c0-335f-4991-b640-938fb17d9b66"
"2331","All by Myself","The Anniversary Collection","2000","2000","GB","Album","4","16","CD","189000","The Anniversary Collection","2000","Richard Clayderman","a88d60c0-335f-4991-b640-938fb17d9b66"
"2332","How Deep Is Your Love","The Anniversary Collection","2000","2000","GB","Album","4","17","CD","226000","The Anniversary Collection","2000","Richard Clayderman","a88d60c0-335f-4991-b640-938fb17d9b66"
"2333","Promise Me","The Anniversary Collection","2000","2000","GB","Album","4","18","CD","193000","The Anniversary Collection","2000","Richard Clayderman","a88d60c0-335f-4991-b640-938fb17d9b66"
"2334","True Love","The Anniversary Collection","2000","2000","GB","Album","4","19","CD","207000","The Anniversary Collection","2000","Richard Clayderman","a88d60c0-335f-4991-b640-938fb17d9b66"
"2335","Bright Eyes","The Anniversary Collection","2000","2000","GB","Album","4","20","CD","171000","The Anniversary Collection","2000","Richard Clayderman","a88d60c0-335f-4991-b640-938fb17d9b66"
"2336","Sometimes When We Touch","The Anniversary Collection","2000","2000","GB","Album","4","21","CD","239000","The Anniversary Collection","2000","Richard Clayderman","a88d60c0-335f-4991-b640-938fb17d9b66"
"2337","Without You","The Anniversary Collection","2000","2000","GB","Album","4","22","CD","228000","The Anniversary Collection","2000","Richard Clayderman","a88d60c0-335f-4991-b640-938fb17d9b66"
"2338","All the Love in the World","The Anniversary Collection","2000","2000","GB","Album","4","23","CD","207000","The Anniversary Collection","2000","Richard Clayderman","a88d60c0-335f-4991-b640-938fb17d9b66"
"2339","Moonlight Sonata","The Anniversary Collection","2000","2000","GB","Album","5","1","CD","193000","The Anniversary Collection","2000","Richard Clayderman","a88d60c0-335f-4991-b640-938fb17d9b66"
"2340","Rêve d’Amour","The Anniversary Collection","2000","2000","GB","Album","5","2","CD","190000","The Anniversary Collection","2000","Richard Clayderman","a88d60c0-335f-4991-b640-938fb17d9b66"
"2341","Nocturne of Chopin","The Anniversary Collection","2000","2000","GB","Album","5","3","CD","258000","The Anniversary Collection","2000","Richard Clayderman","a88d60c0-335f-4991-b640-938fb17d9b66"
"2342","Pastorale","The Anniversary Collection","2000","2000","GB","Album","5","4","CD","207000","The Anniversary Collection","2000","Richard Clayderman","a88d60c0-335f-4991-b640-938fb17d9b66"
"2343","Rêveries","The Anniversary Collection","2000","2000","GB","Album","5","5","CD","252000","The Anniversary Collection","2000","Richard Clayderman","a88d60c0-335f-4991-b640-938fb17d9b66"
"2344","Romance","The Anniversary Collection","2000","2000","GB","Album","5","6","CD","188000","The Anniversary Collection","2000","Richard Clayderman","a88d60c0-335f-4991-b640-938fb17d9b66"
"2345","Serenade","The Anniversary Collection","2000","2000","GB","Album","5","7","CD","187000","The Anniversary Collection","2000","Richard Clayderman","a88d60c0-335f-4991-b640-938fb17d9b66"
"2346","Ave Maria","The Anniversary Collection","2000","2000","GB","Album","5","8","CD","162000","The Anniversary Collection","2000","Richard Clayderman","a88d60c0-335f-4991-b640-938fb17d9b66"
"2347","The Swan","The Anniversary Collection","2000","2000","GB","Album","5","9","CD","183000","The Anniversary Collection","2000","Richard Clayderman","a88d60c0-335f-4991-b640-938fb17d9b66"
"2348","Nocturne of Borodine","The Anniversary Collection","2000","2000","GB","Album","5","10","CD","222000","The Anniversary Collection","2000","Richard Clayderman","a88d60c0-335f-4991-b640-938fb17d9b66"
"2349","Für Elise","The Anniversary Collection","2000","2000","GB","Album","5","11","CD","252000","The Anniversary Collection","2000","Richard Clayderman","a88d60c0-335f-4991-b640-938fb17d9b66"
"2350","Aria","The Anniversary Collection","2000","2000","GB","Album","5","12","CD","359000","The Anniversary Collection","2000","Richard Clayderman","a88d60c0-335f-4991-b640-938fb17d9b66"
"2351","Waltz in A Flat","The Anniversary Collection","2000","2000","GB","Album","5","13","CD","189000","The Anniversary Collection","2000","Richard Clayderman","a88d60c0-335f-4991-b640-938fb17d9b66"
"2352","Cavalleria Rusticana","The Anniversary Collection","2000","2000","GB","Album","5","14","CD","225000","The Anniversary Collection","2000","Richard Clayderman","a88d60c0-335f-4991-b640-938fb17d9b66"
"2353","Pathétique","The Anniversary Collection","2000","2000","GB","Album","5","15","CD","248000","The Anniversary Collection","2000","Richard Clayderman","a88d60c0-335f-4991-b640-938fb17d9b66"
"2354","Italian Symphony","The Anniversary Collection","2000","2000","GB","Album","5","16","CD","233000","The Anniversary Collection","2000","Richard Clayderman","a88d60c0-335f-4991-b640-938fb17d9b66"
"2355","Gymnopédie No.1","The Anniversary Collection","2000","2000","GB","Album","5","17","CD","188000","The Anniversary Collection","2000","Richard Clayderman","a88d60c0-335f-4991-b640-938fb17d9b66"
"2356","Piano Concerto No. 1","The Anniversary Collection","2000","2000","GB","Album","5","18","CD","236000","The Anniversary Collection","2000","Richard Clayderman","a88d60c0-335f-4991-b640-938fb17d9b66"
"2357","Piano Concerto No. 2","The Anniversary Collection","2000","2000","GB","Album","5","19","CD","184000","The Anniversary Collection","2000","Richard Clayderman","a88d60c0-335f-4991-b640-938fb17d9b66"
"2358","My Heart Will Go On","Together","2000","2000","DK","Album","1","1","","284066","Together","2000","Richard Clayderman","cae2b227-fa4c-40b2-85d2-8778948b8229"
"2359","Everything I Do (I Do for You)","Together","2000","2000","DK","Album","1","2","","235226","Together","2000","Richard Clayderman","cae2b227-fa4c-40b2-85d2-8778948b8229"
"2360","Heavenly Blue (Hemelsblauw)","Together","2000","2000","DK","Album","1","3","","186266","Together","2000","Richard Clayderman","cae2b227-fa4c-40b2-85d2-8778948b8229"
"2361","Don't Cry for Me Argentina","Together","2000","2000","DK","Album","1","4","","214826","Together","2000","Richard Clayderman","cae2b227-fa4c-40b2-85d2-8778948b8229"
"2362","Nostalgia '99","Together","2000","2000","DK","Album","1","5","","172146","Together","2000","Richard Clayderman","cae2b227-fa4c-40b2-85d2-8778948b8229"
"2363","Memories","Together","2000","2000","DK","Album","1","6","","187906","Together","2000","Richard Clayderman","cae2b227-fa4c-40b2-85d2-8778948b8229"
"2364","Diamante","Together","2000","2000","DK","Album","1","7","","188640","Together","2000","Richard Clayderman","cae2b227-fa4c-40b2-85d2-8778948b8229"
"2365","My Favourite Café on the Harbour (Het Kleine Café Aan De Haven)","Together","2000","2000","DK","Album","1","8","","209720","Together","2000","Richard Clayderman","cae2b227-fa4c-40b2-85d2-8778948b8229"
"2366","No Matter What","Together","2000","2000","DK","Album","1","9","","215480","Together","2000","Richard Clayderman","cae2b227-fa4c-40b2-85d2-8778948b8229"
"2367","It's Hard to Say Goodbye","Together","2000","2000","DK","Album","1","10","","274653","Together","2000","Richard Clayderman","cae2b227-fa4c-40b2-85d2-8778948b8229"
"2368","Bilitis","Together","2000","2000","DK","Album","1","11","","225186","Together","2000","Richard Clayderman","cae2b227-fa4c-40b2-85d2-8778948b8229"
"2369","Storie Di Tutti I Giorni (Dromen Zun Bedrog)","Together","2000","2000","DK","Album","1","12","","152693","Together","2000","Richard Clayderman","cae2b227-fa4c-40b2-85d2-8778948b8229"
"2370","Unbreak My Heart","Together","2000","2000","DK","Album","1","13","","231280","Together","2000","Richard Clayderman","cae2b227-fa4c-40b2-85d2-8778948b8229"
"2371","Eleni","Together","2000","2000","DK","Album","1","14","","232200","Together","2000","Richard Clayderman","cae2b227-fa4c-40b2-85d2-8778948b8229"
"2372","Ballade Pour Adeline '99","Together","2000","2000","DK","Album","1","15","","150920","Together","2000","Richard Clayderman","cae2b227-fa4c-40b2-85d2-8778948b8229"
"2373","I'll Be There","Together","2000","2000","DK","Album","1","16","","161333","Together","2000","Richard Clayderman","cae2b227-fa4c-40b2-85d2-8778948b8229"
"2374","I Will Always Love You","Together","2000","2000","DK","Album","1","17","","249866","Together","2000","Richard Clayderman","cae2b227-fa4c-40b2-85d2-8778948b8229"
"2375","Only You","Together","2000","2000","DK","Album","1","18","","182587","Together","2000","Richard Clayderman","cae2b227-fa4c-40b2-85d2-8778948b8229"
"2376","Belle","Wine & Romance","2001","2001","DK","Album","1","1","","196933","Wine & Romance","2001","Richard Clayderman","9b05bc53-416d-4a65-9d71-769d05912fb5"
"2377","Je t'aime","Wine & Romance","2001","2001","DK","Album","1","2","","247613","Wine & Romance","2001","Richard Clayderman","9b05bc53-416d-4a65-9d71-769d05912fb5"
"2378","Save the Best for Last","Wine & Romance","2001","2001","DK","Album","1","3","","162733","Wine & Romance","2001","Richard Clayderman","9b05bc53-416d-4a65-9d71-769d05912fb5"
"2379","Goodnight Girl","Wine & Romance","2001","2001","DK","Album","1","4","","212733","Wine & Romance","2001","Richard Clayderman","9b05bc53-416d-4a65-9d71-769d05912fb5"
"2380","Another Day in Paradise","Wine & Romance","2001","2001","DK","Album","1","5","","208333","Wine & Romance","2001","Richard Clayderman","9b05bc53-416d-4a65-9d71-769d05912fb5"
"2381","Live","Wine & Romance","2001","2001","DK","Album","1","6","","233000","Wine & Romance","2001","Richard Clayderman","9b05bc53-416d-4a65-9d71-769d05912fb5"
"2382","Can You Feel the Love Tonight","Wine & Romance","2001","2001","DK","Album","1","7","","194986","Wine & Romance","2001","Richard Clayderman","9b05bc53-416d-4a65-9d71-769d05912fb5"
"2383","When a Man Loves a Woman","Wine & Romance","2001","2001","DK","Album","1","8","","177253","Wine & Romance","2001","Richard Clayderman","9b05bc53-416d-4a65-9d71-769d05912fb5"
"2384","I'm Not in Love","Wine & Romance","2001","2001","DK","Album","1","9","","290853","Wine & Romance","2001","Richard Clayderman","9b05bc53-416d-4a65-9d71-769d05912fb5"
"2385","(Everything I Do) I Do It for You","Wine & Romance","2001","2001","DK","Album","1","10","","247333","Wine & Romance","2001","Richard Clayderman","9b05bc53-416d-4a65-9d71-769d05912fb5"
"2386","Stuck on You","Wine & Romance","2001","2001","DK","Album","1","11","","190733","Wine & Romance","2001","Richard Clayderman","9b05bc53-416d-4a65-9d71-769d05912fb5"
"2387","All by Myself","Wine & Romance","2001","2001","DK","Album","1","12","","192586","Wine & Romance","2001","Richard Clayderman","9b05bc53-416d-4a65-9d71-769d05912fb5"
"2388","I Just Called to Say I Love You","Wine & Romance","2001","2001","DK","Album","1","13","","224280","Wine & Romance","2001","Richard Clayderman","9b05bc53-416d-4a65-9d71-769d05912fb5"
"2389","Without You","Wine & Romance","2001","2001","DK","Album","1","14","","230546","Wine & Romance","2001","Richard Clayderman","9b05bc53-416d-4a65-9d71-769d05912fb5"
"2390","From a Distance","Wine & Romance","2001","2001","DK","Album","1","15","","223986","Wine & Romance","2001","Richard Clayderman","9b05bc53-416d-4a65-9d71-769d05912fb5"
"2391","Have I Told You Lately","Wine & Romance","2001","2001","DK","Album","1","16","","209933","Wine & Romance","2001","Richard Clayderman","9b05bc53-416d-4a65-9d71-769d05912fb5"
"2392","My Heart Will Go On","Wine & Romance","2001","2001","DK","Album","1","17","","224693","Wine & Romance","2001","Richard Clayderman","9b05bc53-416d-4a65-9d71-769d05912fb5"
"2393","I Want to Know What Love Is","Wine & Romance","2001","2001","DK","Album","1","18","","222920","Wine & Romance","2001","Richard Clayderman","9b05bc53-416d-4a65-9d71-769d05912fb5"
"2394","A Groovy Kind of Love","Wine & Romance","2001","2001","DK","Album","1","19","","170813","Wine & Romance","2001","Richard Clayderman","9b05bc53-416d-4a65-9d71-769d05912fb5"
"2395","Nothing's Gonna Change My Love for You","Wine & Romance","2001","2001","DK","Album","1","20","","199293","Wine & Romance","2001","Richard Clayderman","9b05bc53-416d-4a65-9d71-769d05912fb5"
"2396","Sometimes When We Touch","Wine & Romance","2001","2001","DK","Album","1","21","","238440","Wine & Romance","2001","Richard Clayderman","9b05bc53-416d-4a65-9d71-769d05912fb5"
"2397","Here With Me","Everybody Loves Someone Sometime","2002","2002","XW","Album","1","1","","202746","Everybody Loves Someone Sometime","2002","Richard Clayderman","c258e400-6416-4203-a850-e1b6f548b8fb"
"2398","A New Day Has Come","Everybody Loves Someone Sometime","2002","2002","XW","Album","1","2","","249386","Everybody Loves Someone Sometime","2002","Richard Clayderman","c258e400-6416-4203-a850-e1b6f548b8fb"
"2399","Something Stupid","Everybody Loves Someone Sometime","2002","2002","XW","Album","1","3","","244613","Everybody Loves Someone Sometime","2002","Richard Clayderman","c258e400-6416-4203-a850-e1b6f548b8fb"
"2400","MacArthur Park","Everybody Loves Someone Sometime","2002","2002","XW","Album","1","4","","460040","Everybody Loves Someone Sometime","2002","Richard Clayderman","c258e400-6416-4203-a850-e1b6f548b8fb"
"2401","May It Be","Everybody Loves Someone Sometime","2002","2002","XW","Album","1","5","","254226","Everybody Loves Someone Sometime","2002","Richard Clayderman","c258e400-6416-4203-a850-e1b6f548b8fb"
"2402","You Are the Sunshine of My Life","Everybody Loves Someone Sometime","2002","2002","XW","Album","1","6","","169426","Everybody Loves Someone Sometime","2002","Richard Clayderman","c258e400-6416-4203-a850-e1b6f548b8fb"
"2403","Merry Christmas, Mr. Lawrence (Furyo)","Everybody Loves Someone Sometime","2002","2002","XW","Album","1","7","","198306","Everybody Loves Someone Sometime","2002","Richard Clayderman","c258e400-6416-4203-a850-e1b6f548b8fb"
"2404","Everybody Loves Somebody Sometime","Everybody Loves Someone Sometime","2002","2002","XW","Album","1","8","","186226","Everybody Loves Someone Sometime","2002","Richard Clayderman","c258e400-6416-4203-a850-e1b6f548b8fb"
"2405","Harry Potter Melody","Everybody Loves Someone Sometime","2002","2002","XW","Album","1","9","","230186","Everybody Loves Someone Sometime","2002","Richard Clayderman","c258e400-6416-4203-a850-e1b6f548b8fb"
"2406","What a Wonderful World","Everybody Loves Someone Sometime","2002","2002","XW","Album","1","10","","172840","Everybody Loves Someone Sometime","2002","Richard Clayderman","c258e400-6416-4203-a850-e1b6f548b8fb"
"2407","Can't Get You Out of My Head","Everybody Loves Someone Sometime","2002","2002","XW","Album","1","11","","231240","Everybody Loves Someone Sometime","2002","Richard Clayderman","c258e400-6416-4203-a850-e1b6f548b8fb"
"2408","My Sweet Lord","Everybody Loves Someone Sometime","2002","2002","XW","Album","1","12","","194480","Everybody Loves Someone Sometime","2002","Richard Clayderman","c258e400-6416-4203-a850-e1b6f548b8fb"
"2409","Eloise","Everybody Loves Someone Sometime","2002","2002","XW","Album","1","13","","338266","Everybody Loves Someone Sometime","2002","Richard Clayderman","c258e400-6416-4203-a850-e1b6f548b8fb"
"2410","Eternal Flame","Everybody Loves Someone Sometime","2002","2002","XW","Album","1","14","","195014","Everybody Loves Someone Sometime","2002","Richard Clayderman","c258e400-6416-4203-a850-e1b6f548b8fb"
"2411","Ballade pour Adeline","Richard Clayderman: 25 Years of Golden Hits","2002","2002","","Album","1","1","CD","156000","Richard Clayderman: 25 Years of Golden Hits","2002","Richard Clayderman","963db50a-8a1e-4b8a-a417-4785b7199a65"
"2412","Mariage d'amour","Richard Clayderman: 25 Years of Golden Hits","2002","2002","","Album","1","2","CD","159000","Richard Clayderman: 25 Years of Golden Hits","2002","Richard Clayderman","963db50a-8a1e-4b8a-a417-4785b7199a65"
"2413","Lettre a ma mere","Richard Clayderman: 25 Years of Golden Hits","2002","2002","","Album","1","3","CD","162000","Richard Clayderman: 25 Years of Golden Hits","2002","Richard Clayderman","963db50a-8a1e-4b8a-a417-4785b7199a65"
"2414","Souvenirs d'enfance","Richard Clayderman: 25 Years of Golden Hits","2002","2002","","Album","1","4","CD","167000","Richard Clayderman: 25 Years of Golden Hits","2002","Richard Clayderman","963db50a-8a1e-4b8a-a417-4785b7199a65"
"2415","A Comme Amour","Richard Clayderman: 25 Years of Golden Hits","2002","2002","","Album","1","5","CD","197000","Richard Clayderman: 25 Years of Golden Hits","2002","Richard Clayderman","963db50a-8a1e-4b8a-a417-4785b7199a65"
"2416","Eleana","Richard Clayderman: 25 Years of Golden Hits","2002","2002","","Album","1","6","CD","218000","Richard Clayderman: 25 Years of Golden Hits","2002","Richard Clayderman","963db50a-8a1e-4b8a-a417-4785b7199a65"
"2417","Music Box Dancer","Richard Clayderman: 25 Years of Golden Hits","2002","2002","","Album","1","7","CD","183000","Richard Clayderman: 25 Years of Golden Hits","2002","Richard Clayderman","963db50a-8a1e-4b8a-a417-4785b7199a65"
"2418","Pour Elise","Richard Clayderman: 25 Years of Golden Hits","2002","2002","","Album","1","8","CD","146000","Richard Clayderman: 25 Years of Golden Hits","2002","Richard Clayderman","963db50a-8a1e-4b8a-a417-4785b7199a65"
"2419","Nocturne","Richard Clayderman: 25 Years of Golden Hits","2002","2002","","Album","1","9","CD","257000","Richard Clayderman: 25 Years of Golden Hits","2002","Richard Clayderman","963db50a-8a1e-4b8a-a417-4785b7199a65"
"2420","Czardas","Richard Clayderman: 25 Years of Golden Hits","2002","2002","","Album","1","10","CD","163000","Richard Clayderman: 25 Years of Golden Hits","2002","Richard Clayderman","963db50a-8a1e-4b8a-a417-4785b7199a65"
"2421","Rando Pour un Tout Petit Enfan","Richard Clayderman: 25 Years of Golden Hits","2002","2002","","Album","1","11","CD","92000","Richard Clayderman: 25 Years of Golden Hits","2002","Richard Clayderman","963db50a-8a1e-4b8a-a417-4785b7199a65"
"2422","Les Premiers Sourires de Vanes","Richard Clayderman: 25 Years of Golden Hits","2002","2002","","Album","1","12","CD","136000","Richard Clayderman: 25 Years of Golden Hits","2002","Richard Clayderman","963db50a-8a1e-4b8a-a417-4785b7199a65"
"2423","Don't Cry for me Argentina","Richard Clayderman: 25 Years of Golden Hits","2002","2002","","Album","1","13","CD","213000","Richard Clayderman: 25 Years of Golden Hits","2002","Richard Clayderman","963db50a-8a1e-4b8a-a417-4785b7199a65"
"2424","Can You Feel the Love Tonight","Richard Clayderman: 25 Years of Golden Hits","2002","2002","","Album","1","14","CD","191000","Richard Clayderman: 25 Years of Golden Hits","2002","Richard Clayderman","963db50a-8a1e-4b8a-a417-4785b7199a65"
"2425","Time to Say Goodbye","Richard Clayderman: 25 Years of Golden Hits","2002","2002","","Album","1","15","CD","187000","Richard Clayderman: 25 Years of Golden Hits","2002","Richard Clayderman","963db50a-8a1e-4b8a-a417-4785b7199a65"
"2426","Titanic Symphony","Richard Clayderman: 25 Years of Golden Hits","2002","2002","","Album","1","16","CD","545000","Richard Clayderman: 25 Years of Golden Hits","2002","Richard Clayderman","963db50a-8a1e-4b8a-a417-4785b7199a65"
"2427","La Reponse de L'Ange","Richard Clayderman: 25 Years of Golden Hits","2002","2002","","Album","1","17","CD","267000","Richard Clayderman: 25 Years of Golden Hits","2002","Richard Clayderman","963db50a-8a1e-4b8a-a417-4785b7199a65"
"2428","Andeline A Grandi","Richard Clayderman: 25 Years of Golden Hits","2002","2002","","Album","1","18","CD","174000","Richard Clayderman: 25 Years of Golden Hits","2002","Richard Clayderman","963db50a-8a1e-4b8a-a417-4785b7199a65"
"2429","Friends","Richard Clayderman: 25 Years of Golden Hits","2002","2002","","Album","2","1","CD","268000","Richard Clayderman: 25 Years of Golden Hits","2002","Richard Clayderman","963db50a-8a1e-4b8a-a417-4785b7199a65"
"2430","Flower Hearts","Richard Clayderman: 25 Years of Golden Hits","2002","2002","","Album","2","2","CD","211000","Richard Clayderman: 25 Years of Golden Hits","2002","Richard Clayderman","963db50a-8a1e-4b8a-a417-4785b7199a65"
"2431","Love Follow Us","Richard Clayderman: 25 Years of Golden Hits","2002","2002","","Album","2","3","CD","216000","Richard Clayderman: 25 Years of Golden Hits","2002","Richard Clayderman","963db50a-8a1e-4b8a-a417-4785b7199a65"
"2432","Listen to the Sea","Richard Clayderman: 25 Years of Golden Hits","2002","2002","","Album","2","4","CD","206000","Richard Clayderman: 25 Years of Golden Hits","2002","Richard Clayderman","963db50a-8a1e-4b8a-a417-4785b7199a65"
"2433","Sea of Tears","Richard Clayderman: 25 Years of Golden Hits","2002","2002","","Album","2","5","CD","247000","Richard Clayderman: 25 Years of Golden Hits","2002","Richard Clayderman","963db50a-8a1e-4b8a-a417-4785b7199a65"
"2434","A Tale of Two Cities","Richard Clayderman: 25 Years of Golden Hits","2002","2002","","Album","2","6","CD","188000","Richard Clayderman: 25 Years of Golden Hits","2002","Richard Clayderman","963db50a-8a1e-4b8a-a417-4785b7199a65"
"2435","Lemon Tree","Richard Clayderman: 25 Years of Golden Hits","2002","2002","","Album","2","7","CD","196000","Richard Clayderman: 25 Years of Golden Hits","2002","Richard Clayderman","963db50a-8a1e-4b8a-a417-4785b7199a65"
"2436","Dango Sankyodai","Richard Clayderman: 25 Years of Golden Hits","2002","2002","","Album","2","8","CD","123000","Richard Clayderman: 25 Years of Golden Hits","2002","Richard Clayderman","963db50a-8a1e-4b8a-a417-4785b7199a65"
"2437","Always","Richard Clayderman: 25 Years of Golden Hits","2002","2002","","Album","2","9","CD","231000","Richard Clayderman: 25 Years of Golden Hits","2002","Richard Clayderman","963db50a-8a1e-4b8a-a417-4785b7199a65"
"2438","Loving You More and More","Richard Clayderman: 25 Years of Golden Hits","2002","2002","","Album","2","10","CD","221000","Richard Clayderman: 25 Years of Golden Hits","2002","Richard Clayderman","963db50a-8a1e-4b8a-a417-4785b7199a65"
"2439","Kampai","Richard Clayderman: 25 Years of Golden Hits","2002","2002","","Album","2","11","CD","240000","Richard Clayderman: 25 Years of Golden Hits","2002","Richard Clayderman","963db50a-8a1e-4b8a-a417-4785b7199a65"
"2440","Promise","Richard Clayderman: 25 Years of Golden Hits","2002","2002","","Album","2","12","CD","188000","Richard Clayderman: 25 Years of Golden Hits","2002","Richard Clayderman","963db50a-8a1e-4b8a-a417-4785b7199a65"
"2441","The Search of My Life","Richard Clayderman: 25 Years of Golden Hits","2002","2002","","Album","2","13","CD","260000","Richard Clayderman: 25 Years of Golden Hits","2002","Richard Clayderman","963db50a-8a1e-4b8a-a417-4785b7199a65"
"2442","The Butterfly Lovers","Richard Clayderman: 25 Years of Golden Hits","2002","2002","","Album","2","14","CD","175000","Richard Clayderman: 25 Years of Golden Hits","2002","Richard Clayderman","963db50a-8a1e-4b8a-a417-4785b7199a65"
"2443","New Dream of Lovers","Richard Clayderman: 25 Years of Golden Hits","2002","2002","","Album","2","15","CD","241000","Richard Clayderman: 25 Years of Golden Hits","2002","Richard Clayderman","963db50a-8a1e-4b8a-a417-4785b7199a65"
"2444","Love is Like a Tide","Richard Clayderman: 25 Years of Golden Hits","2002","2002","","Album","2","16","CD","208000","Richard Clayderman: 25 Years of Golden Hits","2002","Richard Clayderman","963db50a-8a1e-4b8a-a417-4785b7199a65"
"2445","Marriage d'Amore","Richard Clayderman: 25 Years of Golden Hits","2002","2002","","Album","2","17","CD","287000","Richard Clayderman: 25 Years of Golden Hits","2002","Richard Clayderman","963db50a-8a1e-4b8a-a417-4785b7199a65"
"2446","Together","The Confluence - Santoor & Piano","2002","2002","IN","Album","1","1","CD","364680","The Confluence - Santoor & Piano","2002","Richard Clayderman & Rahul Sharma","0057cf8b-e871-4d00-99c8-f142b242d05f"
"2447","Jaisalmer","The Confluence - Santoor & Piano","2002","2002","IN","Album","1","2","CD","437933","The Confluence - Santoor & Piano","2002","Richard Clayderman & Rahul Sharma","0057cf8b-e871-4d00-99c8-f142b242d05f"
"2448","Yeh Hai Bambai Meri Jaan","The Confluence - Santoor & Piano","2002","2002","IN","Album","1","3","CD","304840","The Confluence - Santoor & Piano","2002","Richard Clayderman & Rahul Sharma","0057cf8b-e871-4d00-99c8-f142b242d05f"
"2449","Blues Heaven","The Confluence - Santoor & Piano","2002","2002","IN","Album","1","4","CD","352760","The Confluence - Santoor & Piano","2002","Richard Clayderman & Rahul Sharma","0057cf8b-e871-4d00-99c8-f142b242d05f"
"2450","Tere Ghar Ke Samne","The Confluence - Santoor & Piano","2002","2002","IN","Album","1","5","CD","246600","The Confluence - Santoor & Piano","2002","Richard Clayderman & Rahul Sharma","0057cf8b-e871-4d00-99c8-f142b242d05f"
"2451","Ecstasy","The Confluence - Santoor & Piano","2002","2002","IN","Album","1","6","CD","456626","The Confluence - Santoor & Piano","2002","Richard Clayderman & Rahul Sharma","0057cf8b-e871-4d00-99c8-f142b242d05f"
"2452","Dekha Ek Khwab","The Confluence - Santoor & Piano","2002","2002","IN","Album","1","7","CD","397080","The Confluence - Santoor & Piano","2002","Richard Clayderman & Rahul Sharma","0057cf8b-e871-4d00-99c8-f142b242d05f"
"2453","Norwegian Wood","The Confluence - Santoor & Piano","2002","2002","IN","Album","1","8","CD","191586","The Confluence - Santoor & Piano","2002","Richard Clayderman & Rahul Sharma","0057cf8b-e871-4d00-99c8-f142b242d05f"
"2454","Shangrila","The Confluence - Santoor & Piano","2002","2002","IN","Album","1","9","CD","382973","The Confluence - Santoor & Piano","2002","Richard Clayderman & Rahul Sharma","0057cf8b-e871-4d00-99c8-f142b242d05f"
"2455","Celebration","The Confluence - Santoor & Piano","2002","2002","IN","Album","1","10","CD","307907","The Confluence - Santoor & Piano","2002","Richard Clayderman & Rahul Sharma","0057cf8b-e871-4d00-99c8-f142b242d05f"
"2456","Ballade Pour Adeline","Richard Clayderman Tribute","2002","2002-01-01","BR","Album","1","1","","157200","Richard Clayderman Tribute","2002","Richard Clayderman","4c07d527-6782-4865-980c-70c6a17e02b3"
"2457","'A' Comme Amour","Richard Clayderman Tribute","2002","2002-01-01","BR","Album","1","2","","190466","Richard Clayderman Tribute","2002","Richard Clayderman","4c07d527-6782-4865-980c-70c6a17e02b3"
"2458","Memory","Richard Clayderman Tribute","2002","2002-01-01","BR","Album","1","3","","230906","Richard Clayderman Tribute","2002","Richard Clayderman","4c07d527-6782-4865-980c-70c6a17e02b3"
"2459","Dolannes Melodie","Richard Clayderman Tribute","2002","2002-01-01","BR","Album","1","4","","211813","Richard Clayderman Tribute","2002","Richard Clayderman","4c07d527-6782-4865-980c-70c6a17e02b3"
"2460","The Way We Were","Richard Clayderman Tribute","2002","2002-01-01","BR","Album","1","5","","198520","Richard Clayderman Tribute","2002","Richard Clayderman","4c07d527-6782-4865-980c-70c6a17e02b3"
"2461","Charriots of Fire","Richard Clayderman Tribute","2002","2002-01-01","BR","Album","1","6","","203960","Richard Clayderman Tribute","2002","Richard Clayderman","4c07d527-6782-4865-980c-70c6a17e02b3"
"2462","Concerto Pour Une Jeune Fille Mommee'je T'aime'","Richard Clayderman Tribute","2002","2002-01-01","BR","Album","1","7","","224280","Richard Clayderman Tribute","2002","Richard Clayderman","4c07d527-6782-4865-980c-70c6a17e02b3"
"2463","How Deep is Your Love","Richard Clayderman Tribute","2002","2002-01-01","BR","Album","1","8","","198080","Richard Clayderman Tribute","2002","Richard Clayderman","4c07d527-6782-4865-980c-70c6a17e02b3"
"2464","Up Where We Belong","Richard Clayderman Tribute","2002","2002-01-01","BR","Album","1","9","","239000","Richard Clayderman Tribute","2002","Richard Clayderman","4c07d527-6782-4865-980c-70c6a17e02b3"
"2465","Lady Ly","Richard Clayderman Tribute","2002","2002-01-01","BR","Album","1","10","","205906","Richard Clayderman Tribute","2002","Richard Clayderman","4c07d527-6782-4865-980c-70c6a17e02b3"
"2466","Don't Cry For Me Argentina","Richard Clayderman Tribute","2002","2002-01-01","BR","Album","1","11","","294240","Richard Clayderman Tribute","2002","Richard Clayderman","4c07d527-6782-4865-980c-70c6a17e02b3"
"2467","Starlight Serenade","Richard Clayderman Tribute","2002","2002-01-01","BR","Album","1","12","","168693","Richard Clayderman Tribute","2002","Richard Clayderman","4c07d527-6782-4865-980c-70c6a17e02b3"
"2468","In My Room","Richard Clayderman Tribute","2002","2002-01-01","BR","Album","1","13","","214746","Richard Clayderman Tribute","2002","Richard Clayderman","4c07d527-6782-4865-980c-70c6a17e02b3"
"2469","My Way","Richard Clayderman Tribute","2002","2002-01-01","BR","Album","1","14","","277840","Richard Clayderman Tribute","2002","Richard Clayderman","4c07d527-6782-4865-980c-70c6a17e02b3"
"2470","Ballade pour Adeline","The Best of Richard Clayderman","2002","2002-06-01","KR","Album","1","1","CD","157400","The Best of Richard Clayderman","1997","Richard Clayderman","6dff4805-92c6-49e7-9816-f5ef1670b34e"
"2471","Autumn Leaves","The Best of Richard Clayderman","2002","2002-06-01","KR","Album","1","2","CD","166933","The Best of Richard Clayderman","1997","Richard Clayderman","6dff4805-92c6-49e7-9816-f5ef1670b34e"
"2472","Promenade dans les bois","The Best of Richard Clayderman","2002","2002-06-01","KR","Album","1","3","CD","163093","The Best of Richard Clayderman","1997","Richard Clayderman","6dff4805-92c6-49e7-9816-f5ef1670b34e"
"2473","La Pathétique","The Best of Richard Clayderman","2002","2002-06-01","KR","Album","1","4","CD","248573","The Best of Richard Clayderman","1997","Richard Clayderman","6dff4805-92c6-49e7-9816-f5ef1670b34e"
"2474","Pour Élise","The Best of Richard Clayderman","2002","2002-06-01","KR","Album","1","5","CD","146200","The Best of Richard Clayderman","1997","Richard Clayderman","6dff4805-92c6-49e7-9816-f5ef1670b34e"
"2475","Rêves d'amour","The Best of Richard Clayderman","2002","2002-06-01","KR","Album","1","6","CD","191160","The Best of Richard Clayderman","1997","Richard Clayderman","6dff4805-92c6-49e7-9816-f5ef1670b34e"
"2476","Les Fleurs sauvages","The Best of Richard Clayderman","2002","2002-06-01","KR","Album","1","7","CD","176173","The Best of Richard Clayderman","1997","Richard Clayderman","6dff4805-92c6-49e7-9816-f5ef1670b34e"
"2477","Angels","The Best of Richard Clayderman","2002","2002-06-01","KR","Album","1","8","CD","237066","The Best of Richard Clayderman","1997","Richard Clayderman","6dff4805-92c6-49e7-9816-f5ef1670b34e"
"2478","Coup de cœur","The Best of Richard Clayderman","2002","2002-06-01","KR","Album","1","9","CD","177960","The Best of Richard Clayderman","1997","Richard Clayderman","6dff4805-92c6-49e7-9816-f5ef1670b34e"
"2479","Memory","The Best of Richard Clayderman","2002","2002-06-01","KR","Album","1","10","CD","186133","The Best of Richard Clayderman","1997","Richard Clayderman","6dff4805-92c6-49e7-9816-f5ef1670b34e"
"2480","Feelings","The Best of Richard Clayderman","2002","2002-06-01","KR","Album","1","11","CD","195240","The Best of Richard Clayderman","1997","Richard Clayderman","6dff4805-92c6-49e7-9816-f5ef1670b34e"
"2481","Besame mucho","The Best of Richard Clayderman","2002","2002-06-01","KR","Album","1","12","CD","211933","The Best of Richard Clayderman","1997","Richard Clayderman","6dff4805-92c6-49e7-9816-f5ef1670b34e"
"2482","The Girl From Ipanema","The Best of Richard Clayderman","2002","2002-06-01","KR","Album","1","13","CD","181200","The Best of Richard Clayderman","1997","Richard Clayderman","6dff4805-92c6-49e7-9816-f5ef1670b34e"
"2483","Over the Rainbow","The Best of Richard Clayderman","2002","2002-06-01","KR","Album","1","14","CD","169666","The Best of Richard Clayderman","1997","Richard Clayderman","6dff4805-92c6-49e7-9816-f5ef1670b34e"
"2484","Another Day in Paradise","The Best of Richard Clayderman","2002","2002-06-01","KR","Album","1","15","CD","205800","The Best of Richard Clayderman","1997","Richard Clayderman","6dff4805-92c6-49e7-9816-f5ef1670b34e"
"2485","Superstar","The Best of Richard Clayderman","2002","2002-06-01","KR","Album","1","16","CD","222360","The Best of Richard Clayderman","1997","Richard Clayderman","6dff4805-92c6-49e7-9816-f5ef1670b34e"
"2486","Hello","The Best of Richard Clayderman","2002","2002-06-01","KR","Album","1","17","CD","187866","The Best of Richard Clayderman","1997","Richard Clayderman","6dff4805-92c6-49e7-9816-f5ef1670b34e"
"2487","Moon River","The Best of Richard Clayderman","2002","2002-06-01","KR","Album","1","18","CD","192200","The Best of Richard Clayderman","1997","Richard Clayderman","6dff4805-92c6-49e7-9816-f5ef1670b34e"
"2488","(Everything I Do) I Do It for You","The Best of Richard Clayderman","2002","2002-06-01","KR","Album","1","19","CD","246066","The Best of Richard Clayderman","1997","Richard Clayderman","6dff4805-92c6-49e7-9816-f5ef1670b34e"
"2489","Desperado","The Best of Richard Clayderman","2002","2002-06-01","KR","Album","1","20","CD","247706","The Best of Richard Clayderman","1997","Richard Clayderman","6dff4805-92c6-49e7-9816-f5ef1670b34e"
"2490","Let Me Love (아시나요)","The Best of Richard Clayderman","2002","2002-06-01","KR","Album","1","21","CD","304866","The Best of Richard Clayderman","1997","Richard Clayderman","6dff4805-92c6-49e7-9816-f5ef1670b34e"
"2491","Invisible Love (보이지 않는 사랑)","The Best of Richard Clayderman","2002","2002-06-01","KR","Album","1","22","CD","206400","The Best of Richard Clayderman","1997","Richard Clayderman","6dff4805-92c6-49e7-9816-f5ef1670b34e"
"2492","Con Te Partiro","The Best of Richard Clayderman","2002","2002-06-01","KR","Album","2","1","CD","188866","The Best of Richard Clayderman","1997","Richard Clayderman","6dff4805-92c6-49e7-9816-f5ef1670b34e"
"2493","Pour Avoir Trop Reve","The Best of Richard Clayderman","2002","2002-06-01","KR","Album","2","2","CD","132893","The Best of Richard Clayderman","1997","Richard Clayderman","6dff4805-92c6-49e7-9816-f5ef1670b34e"
"2494","A Comme Amour","The Best of Richard Clayderman","2002","2002-06-01","KR","Album","2","3","CD","199266","The Best of Richard Clayderman","1997","Richard Clayderman","6dff4805-92c6-49e7-9816-f5ef1670b34e"
"2495","Souvenirs d’enfance","The Best of Richard Clayderman","2002","2002-06-01","KR","Album","2","4","CD","180573","The Best of Richard Clayderman","1997","Richard Clayderman","6dff4805-92c6-49e7-9816-f5ef1670b34e"
"2496","Nocturne","The Best of Richard Clayderman","2002","2002-06-01","KR","Album","2","5","CD","260093","The Best of Richard Clayderman","1997","Richard Clayderman","6dff4805-92c6-49e7-9816-f5ef1670b34e"
"2497","Nostalgy","The Best of Richard Clayderman","2002","2002-06-01","KR","Album","2","6","CD","177333","The Best of Richard Clayderman","1997","Richard Clayderman","6dff4805-92c6-49e7-9816-f5ef1670b34e"
"2498","La vie en rose","The Best of Richard Clayderman","2002","2002-06-01","KR","Album","2","7","CD","157440","The Best of Richard Clayderman","1997","Richard Clayderman","6dff4805-92c6-49e7-9816-f5ef1670b34e"
"2499","For Stella","The Best of Richard Clayderman","2002","2002-06-01","KR","Album","2","8","CD","228466","The Best of Richard Clayderman","1997","Richard Clayderman","6dff4805-92c6-49e7-9816-f5ef1670b34e"
"2500","Once Upon a Time in the West","The Best of Richard Clayderman","2002","2002-06-01","KR","Album","2","9","CD","187200","The Best of Richard Clayderman","1997","Richard Clayderman","6dff4805-92c6-49e7-9816-f5ef1670b34e"
"2501","Don't Cry for Me Argentina","The Best of Richard Clayderman","2002","2002-06-01","KR","Album","2","10","CD","216026","The Best of Richard Clayderman","1997","Richard Clayderman","6dff4805-92c6-49e7-9816-f5ef1670b34e"
"2502","The Phantom of the Opera","The Best of Richard Clayderman","2002","2002-06-01","KR","Album","2","11","CD","286373","The Best of Richard Clayderman","1997","Richard Clayderman","6dff4805-92c6-49e7-9816-f5ef1670b34e"
"2503","Evergreen","The Best of Richard Clayderman","2002","2002-06-01","KR","Album","2","12","CD","182200","The Best of Richard Clayderman","1997","Richard Clayderman","6dff4805-92c6-49e7-9816-f5ef1670b34e"
"2504","Voyage A Venise","The Best of Richard Clayderman","2002","2002-06-01","KR","Album","2","13","CD","173200","The Best of Richard Clayderman","1997","Richard Clayderman","6dff4805-92c6-49e7-9816-f5ef1670b34e"
"2505","Les Premiers Sourires De Vanessa","The Best of Richard Clayderman","2002","2002-06-01","KR","Album","2","14","CD","139026","The Best of Richard Clayderman","1997","Richard Clayderman","6dff4805-92c6-49e7-9816-f5ef1670b34e"
"2506","A Little Techno in the Moonlight","The Best of Richard Clayderman","2002","2002-06-01","KR","Album","2","15","CD","202400","The Best of Richard Clayderman","1997","Richard Clayderman","6dff4805-92c6-49e7-9816-f5ef1670b34e"
"2507","Dance With Your Life","The Best of Richard Clayderman","2002","2002-06-01","KR","Album","2","16","CD","268200","The Best of Richard Clayderman","1997","Richard Clayderman","6dff4805-92c6-49e7-9816-f5ef1670b34e"
"2508","La Cumparsita","The Best of Richard Clayderman","2002","2002-06-01","KR","Album","2","17","CD","194306","The Best of Richard Clayderman","1997","Richard Clayderman","6dff4805-92c6-49e7-9816-f5ef1670b34e"
"2509","Hungarian Dance No. 1","The Best of Richard Clayderman","2002","2002-06-01","KR","Album","2","18","CD","180960","The Best of Richard Clayderman","1997","Richard Clayderman","6dff4805-92c6-49e7-9816-f5ef1670b34e"
"2510","Chariots of Fire","The Best of Richard Clayderman","2002","2002-06-01","KR","Album","2","19","CD","180440","The Best of Richard Clayderman","1997","Richard Clayderman","6dff4805-92c6-49e7-9816-f5ef1670b34e"
"2511","Titanic Symphonie","The Best of Richard Clayderman","2002","2002-06-01","KR","Album","2","20","CD","546760","The Best of Richard Clayderman","1997","Richard Clayderman","6dff4805-92c6-49e7-9816-f5ef1670b34e"
"2512","Like Rain, Like Music (비처럼 음악처럼)","The Best of Richard Clayderman","2002","2002-06-01","KR","Album","2","21","CD","207373","The Best of Richard Clayderman","1997","Richard Clayderman","6dff4805-92c6-49e7-9816-f5ef1670b34e"
"2513","I Am Myself (나는 나)","The Best of Richard Clayderman","2002","2002-06-01","KR","Album","2","22","CD","194600","The Best of Richard Clayderman","1997","Richard Clayderman","6dff4805-92c6-49e7-9816-f5ef1670b34e"
"2514","White Christmas","Silent Nights: Pianodreams for Christmas","2003","2003","DE","Album","1","1","CD","154000","Christmas","2003","Richard Clayderman","1e74b58f-9280-4caa-8332-db91f61ab798"
"2515","Mon Beau Sapin / Minuit Chretien / Il Est Ne Le Divin Enfant (He was Born the Holy Child)","Silent Nights: Pianodreams for Christmas","2003","2003","DE","Album","1","2","CD","196000","Christmas","2003","Richard Clayderman","1e74b58f-9280-4caa-8332-db91f61ab798"
"2516","Stille Nacht, Heilige Nacht","Silent Nights: Pianodreams for Christmas","2003","2003","DE","Album","1","3","CD","123000","Christmas","2003","Richard Clayderman","1e74b58f-9280-4caa-8332-db91f61ab798"
"2517","Ave Maria (Gounod)","Silent Nights: Pianodreams for Christmas","2003","2003","DE","Album","1","4","CD","163000","Christmas","2003","Richard Clayderman","1e74b58f-9280-4caa-8332-db91f61ab798"
"2518","Weihnachtskonzert (Concerto De Noel)","Silent Nights: Pianodreams for Christmas","2003","2003","DE","Album","1","5","CD","217000","Christmas","2003","Richard Clayderman","1e74b58f-9280-4caa-8332-db91f61ab798"
"2519","Little Red Nosed Reindeer","Silent Nights: Pianodreams for Christmas","2003","2003","DE","Album","1","6","CD","134000","Christmas","2003","Richard Clayderman","1e74b58f-9280-4caa-8332-db91f61ab798"
"2520","Little Drummer Boy","Silent Nights: Pianodreams for Christmas","2003","2003","DE","Album","1","7","CD","227000","Christmas","2003","Richard Clayderman","1e74b58f-9280-4caa-8332-db91f61ab798"
"2521","Sonate Au Clair De Lune (Moonlight Sonata)","Silent Nights: Pianodreams for Christmas","2003","2003","DE","Album","1","8","CD","195000","Christmas","2003","Richard Clayderman","1e74b58f-9280-4caa-8332-db91f61ab798"
"2522","Jingle Bells","Silent Nights: Pianodreams for Christmas","2003","2003","DE","Album","1","9","CD","160000","Christmas","2003","Richard Clayderman","1e74b58f-9280-4caa-8332-db91f61ab798"
"2523","Leise Rieselt Der Schnee","Silent Nights: Pianodreams for Christmas","2003","2003","DE","Album","1","10","CD","138000","Christmas","2003","Richard Clayderman","1e74b58f-9280-4caa-8332-db91f61ab798"
"2524","Largo","Silent Nights: Pianodreams for Christmas","2003","2003","DE","Album","1","11","CD","165000","Christmas","2003","Richard Clayderman","1e74b58f-9280-4caa-8332-db91f61ab798"
"2525","Romance","Silent Nights: Pianodreams for Christmas","2003","2003","DE","Album","1","12","CD","188000","Christmas","2003","Richard Clayderman","1e74b58f-9280-4caa-8332-db91f61ab798"
"2526","O Tannenbaum","Silent Nights: Pianodreams for Christmas","2003","2003","DE","Album","1","13","CD","135000","Christmas","2003","Richard Clayderman","1e74b58f-9280-4caa-8332-db91f61ab798"
"2527","Weinachtsbaume Die Lichter Brennen / Heidschi Bumbeidschi","Silent Nights: Pianodreams for Christmas","2003","2003","DE","Album","1","14","CD","116000","Christmas","2003","Richard Clayderman","1e74b58f-9280-4caa-8332-db91f61ab798"
"2528","Jesus Que Ma Joie Demeure (Jesu Joy of Man's Desiring)","Silent Nights: Pianodreams for Christmas","2003","2003","DE","Album","1","15","CD","203000","Christmas","2003","Richard Clayderman","1e74b58f-9280-4caa-8332-db91f61ab798"
"2529","Ave Maria (Schubert)","Silent Nights: Pianodreams for Christmas","2003","2003","DE","Album","1","16","CD","158000","Christmas","2003","Richard Clayderman","1e74b58f-9280-4caa-8332-db91f61ab798"
"2530","Ballade pour Adeline","Golden Hits","2003","2003-03-15","DE","Album","1","1","CD","159053","Golden Hits","2003","Richard Clayderman","2b00be6b-3210-4987-ae41-e75c1b7a936e"
"2531","Dolannes Melodie","Golden Hits","2003","2003-03-15","DE","Album","1","2","CD","206133","Golden Hits","2003","Richard Clayderman","2b00be6b-3210-4987-ae41-e75c1b7a936e"
"2532","Greensleeves","Golden Hits","2003","2003-03-15","DE","Album","1","3","CD","237240","Golden Hits","2003","Richard Clayderman","2b00be6b-3210-4987-ae41-e75c1b7a936e"
"2533","Summertime","Golden Hits","2003","2003-03-15","DE","Album","1","4","CD","158893","Golden Hits","2003","Richard Clayderman","2b00be6b-3210-4987-ae41-e75c1b7a936e"
"2534","Rondo","Golden Hits","2003","2003-03-15","DE","Album","1","5","CD","95253","Golden Hits","2003","Richard Clayderman","2b00be6b-3210-4987-ae41-e75c1b7a936e"
"2535","Suite Nr. 3 in D-Dur: Aria","Golden Hits","2003","2003-03-15","DE","Album","1","6","CD","361280","Golden Hits","2003","Richard Clayderman","2b00be6b-3210-4987-ae41-e75c1b7a936e"
"2536","Sinfonie Nr. 4 in A-Dur, Op. 90 ""Italienische"": Allegro","Golden Hits","2003","2003-03-15","DE","Album","1","7","CD","235293","Golden Hits","2003","Richard Clayderman","2b00be6b-3210-4987-ae41-e75c1b7a936e"
"2537","Walzer in As-Dur","Golden Hits","2003","2003-03-15","DE","Album","1","8","CD","192120","Golden Hits","2003","Richard Clayderman","2b00be6b-3210-4987-ae41-e75c1b7a936e"
"2538","Am Ufer des Flusses","Golden Hits","2003","2003-03-15","DE","Album","1","9","CD","231840","Golden Hits","2003","Richard Clayderman","2b00be6b-3210-4987-ae41-e75c1b7a936e"
"2539","Für Elise","Golden Hits","2003","2003-03-15","DE","Album","1","10","CD","147880","Golden Hits","2003","Richard Clayderman","2b00be6b-3210-4987-ae41-e75c1b7a936e"
"2540","Elisabeth-Serenade","Golden Hits","2003","2003-03-15","DE","Album","1","11","CD","118253","Golden Hits","2003","Richard Clayderman","2b00be6b-3210-4987-ae41-e75c1b7a936e"
"2541","Schiwago-Melodie","Golden Hits","2003","2003-03-15","DE","Album","1","12","CD","152493","Golden Hits","2003","Richard Clayderman","2b00be6b-3210-4987-ae41-e75c1b7a936e"
"2542","Don't Cry for Me Argentina","Golden Hits","2003","2003-03-15","DE","Album","2","1","CD","191440","Golden Hits","2003","Richard Clayderman","2b00be6b-3210-4987-ae41-e75c1b7a936e"
"2543","Candle in the Wind","Golden Hits","2003","2003-03-15","DE","Album","2","2","CD","190426","Golden Hits","2003","Richard Clayderman","2b00be6b-3210-4987-ae41-e75c1b7a936e"
"2544","Exodus","Golden Hits","2003","2003-03-15","DE","Album","2","3","CD","177800","Golden Hits","2003","Richard Clayderman","2b00be6b-3210-4987-ae41-e75c1b7a936e"
"2545","Make It With You","Golden Hits","2003","2003-03-15","DE","Album","2","4","CD","198613","Golden Hits","2003","Richard Clayderman","2b00be6b-3210-4987-ae41-e75c1b7a936e"
"2546","Over the Rainbow","Golden Hits","2003","2003-03-15","DE","Album","2","5","CD","170520","Golden Hits","2003","Richard Clayderman","2b00be6b-3210-4987-ae41-e75c1b7a936e"
"2547","Theme From Mahogany","Golden Hits","2003","2003-03-15","DE","Album","2","6","CD","211693","Golden Hits","2003","Richard Clayderman","2b00be6b-3210-4987-ae41-e75c1b7a936e"
"2548","All I Ask of You","Golden Hits","2003","2003-03-15","DE","Album","2","7","CD","211693","Golden Hits","2003","Richard Clayderman","2b00be6b-3210-4987-ae41-e75c1b7a936e"
"2549","Chariots of Fire","Golden Hits","2003","2003-03-15","DE","Album","2","8","CD","182400","Golden Hits","2003","Richard Clayderman","2b00be6b-3210-4987-ae41-e75c1b7a936e"
"2550","Love Is Blue","Golden Hits","2003","2003-03-15","DE","Album","2","9","CD","107186","Golden Hits","2003","Richard Clayderman","2b00be6b-3210-4987-ae41-e75c1b7a936e"
"2551","The Wind Beneath My Wings","Golden Hits","2003","2003-03-15","DE","Album","2","10","CD","203813","Golden Hits","2003","Richard Clayderman","2b00be6b-3210-4987-ae41-e75c1b7a936e"
"2552","How Do I Live","Golden Hits","2003","2003-03-15","DE","Album","2","11","CD","177040","Golden Hits","2003","Richard Clayderman","2b00be6b-3210-4987-ae41-e75c1b7a936e"
"2553","Past Melody","Golden Hits","2003","2003-03-15","DE","Album","2","12","CD","248066","Golden Hits","2003","Richard Clayderman","2b00be6b-3210-4987-ae41-e75c1b7a936e"
"2554","Barcarole","Golden Hits","2003","2003-03-15","DE","Album","2","13","CD","178306","Golden Hits","2003","Richard Clayderman","2b00be6b-3210-4987-ae41-e75c1b7a936e"
"2555","Ballade pour Adeline","L’essentiel","2003","2003-04-28","","Album","1","1","Digital Media","158000","L’essentiel","2003","Richard Clayderman","eae64e5a-fc07-4c53-a792-75c751052c1b"
"2556","Lettre à ma mère","L’essentiel","2003","2003-04-28","","Album","1","2","Digital Media","165000","L’essentiel","2003","Richard Clayderman","eae64e5a-fc07-4c53-a792-75c751052c1b"
"2557","Coup de cœur","L’essentiel","2003","2003-04-28","","Album","1","3","Digital Media","178000","L’essentiel","2003","Richard Clayderman","eae64e5a-fc07-4c53-a792-75c751052c1b"
"2558","Le Bonheur d’aimer","L’essentiel","2003","2003-04-28","","Album","1","4","Digital Media","252000","L’essentiel","2003","Richard Clayderman","eae64e5a-fc07-4c53-a792-75c751052c1b"
"2559","Les Roses de l’exil","L’essentiel","2003","2003-04-28","","Album","1","5","Digital Media","259000","L’essentiel","2003","Richard Clayderman","eae64e5a-fc07-4c53-a792-75c751052c1b"
"2560","Les Mers mortes","L’essentiel","2003","2003-04-28","","Album","1","6","Digital Media","201000","L’essentiel","2003","Richard Clayderman","eae64e5a-fc07-4c53-a792-75c751052c1b"
"2561","Danseurs de lune","L’essentiel","2003","2003-04-28","","Album","1","7","Digital Media","171000","L’essentiel","2003","Richard Clayderman","eae64e5a-fc07-4c53-a792-75c751052c1b"
"2562","Adeline a grandi","L’essentiel","2003","2003-04-28","","Album","1","8","Digital Media","177000","L’essentiel","2003","Richard Clayderman","eae64e5a-fc07-4c53-a792-75c751052c1b"
"2563","Impératrice des neiges","L’essentiel","2003","2003-04-28","","Album","1","9","Digital Media","205000","L’essentiel","2003","Richard Clayderman","eae64e5a-fc07-4c53-a792-75c751052c1b"
"2564","Aria","L’essentiel","2003","2003-04-28","","Album","1","10","Digital Media","360000","L’essentiel","2003","Richard Clayderman","eae64e5a-fc07-4c53-a792-75c751052c1b"
"2565","Dolannes mélodies","L’essentiel","2003","2003-04-28","","Album","1","11","Digital Media","204000","L’essentiel","2003","Richard Clayderman","eae64e5a-fc07-4c53-a792-75c751052c1b"
"2566","L’amour Naufrage","L’essentiel","2003","2003-04-28","","Album","1","12","Digital Media","198000","L’essentiel","2003","Richard Clayderman","eae64e5a-fc07-4c53-a792-75c751052c1b"
"2567","大きな古時計","アンティーク・ピアノの贈り物","2003","2003-07-23","JP","Album","1","1","CD","171000","アンティーク・ピアノの贈り物","2003","Richard Clayderman","abdaeac8-2dc5-44fd-99d9-ffedd9a8ce88"
"2568","PRIDE","アンティーク・ピアノの贈り物","2003","2003-07-23","JP","Album","1","2","CD","192000","アンティーク・ピアノの贈り物","2003","Richard Clayderman","abdaeac8-2dc5-44fd-99d9-ffedd9a8ce88"
"2569","恋に落ちて","アンティーク・ピアノの贈り物","2003","2003-07-23","JP","Album","1","3","CD","168000","アンティーク・ピアノの贈り物","2003","Richard Clayderman","abdaeac8-2dc5-44fd-99d9-ffedd9a8ce88"
"2570","Best Friend","アンティーク・ピアノの贈り物","2003","2003-07-23","JP","Album","1","4","CD","174000","アンティーク・ピアノの贈り物","2003","Richard Clayderman","abdaeac8-2dc5-44fd-99d9-ffedd9a8ce88"
"2571","夜空ノムコウ","アンティーク・ピアノの贈り物","2003","2003-07-23","JP","Album","1","5","CD","194000","アンティーク・ピアノの贈り物","2003","Richard Clayderman","abdaeac8-2dc5-44fd-99d9-ffedd9a8ce88"
"2572","桜坂","アンティーク・ピアノの贈り物","2003","2003-07-23","JP","Album","1","6","CD","178000","アンティーク・ピアノの贈り物","2003","Richard Clayderman","abdaeac8-2dc5-44fd-99d9-ffedd9a8ce88"
"2573","少年時代","アンティーク・ピアノの贈り物","2003","2003-07-23","JP","Album","1","7","CD","193000","アンティーク・ピアノの贈り物","2003","Richard Clayderman","abdaeac8-2dc5-44fd-99d9-ffedd9a8ce88"
"2574","Everything","アンティーク・ピアノの贈り物","2003","2003-07-23","JP","Album","1","8","CD","192000","アンティーク・ピアノの贈り物","2003","Richard Clayderman","abdaeac8-2dc5-44fd-99d9-ffedd9a8ce88"
"2575","TSUNAMI","アンティーク・ピアノの贈り物","2003","2003-07-23","JP","Album","1","9","CD","173000","アンティーク・ピアノの贈り物","2003","Richard Clayderman","abdaeac8-2dc5-44fd-99d9-ffedd9a8ce88"
"2576","クリスマス・イブ","アンティーク・ピアノの贈り物","2003","2003-07-23","JP","Album","1","10","CD","187000","アンティーク・ピアノの贈り物","2003","Richard Clayderman","abdaeac8-2dc5-44fd-99d9-ffedd9a8ce88"
"2577","卒業写真","アンティーク・ピアノの贈り物","2003","2003-07-23","JP","Album","1","11","CD","232000","アンティーク・ピアノの贈り物","2003","Richard Clayderman","abdaeac8-2dc5-44fd-99d9-ffedd9a8ce88"
"2578","地上の星","アンティーク・ピアノの贈り物","2003","2003-07-23","JP","Album","1","12","CD","218000","アンティーク・ピアノの贈り物","2003","Richard Clayderman","abdaeac8-2dc5-44fd-99d9-ffedd9a8ce88"
"2579","I LOVE YOU","アンティーク・ピアノの贈り物","2003","2003-07-23","JP","Album","1","13","CD","190000","アンティーク・ピアノの贈り物","2003","Richard Clayderman","abdaeac8-2dc5-44fd-99d9-ffedd9a8ce88"
"2580","森ヶ崎海岸","アンティーク・ピアノの贈り物","2003","2003-07-23","JP","Album","1","14","CD","190000","アンティーク・ピアノの贈り物","2003","Richard Clayderman","abdaeac8-2dc5-44fd-99d9-ffedd9a8ce88"
"2581","Santa Claus Is Coming to Town","The Christmas Collection","2003","2003-10-21","GB","Album","1","1","CD","151493","The Christmas Collection","2003","Richard Clayderman","d5ce22a7-eb34-434d-ba20-b5086f1b1def"
"2582","Silver Bells","The Christmas Collection","2003","2003-10-21","GB","Album","1","2","CD","149226","The Christmas Collection","2003","Richard Clayderman","d5ce22a7-eb34-434d-ba20-b5086f1b1def"
"2583","White Christmas","The Christmas Collection","2003","2003-10-21","GB","Album","1","3","CD","157813","The Christmas Collection","2003","Richard Clayderman","d5ce22a7-eb34-434d-ba20-b5086f1b1def"
"2584","Medley: O Christmas Tree / Christian Midnight / He Was Born the Holy Child","The Christmas Collection","2003","2003-10-21","GB","Album","1","4","CD","199120","The Christmas Collection","2003","Richard Clayderman","d5ce22a7-eb34-434d-ba20-b5086f1b1def"
"2585","Silent Night, Holy Night","The Christmas Collection","2003","2003-10-21","GB","Album","1","5","CD","126880","The Christmas Collection","2003","Richard Clayderman","d5ce22a7-eb34-434d-ba20-b5086f1b1def"
"2586","Ave Maria (Gounod)","The Christmas Collection","2003","2003-10-21","GB","Album","1","6","CD","165346","The Christmas Collection","2003","Richard Clayderman","d5ce22a7-eb34-434d-ba20-b5086f1b1def"
"2587","Jesu Joy of Man's Desiring","The Christmas Collection","2003","2003-10-21","GB","Album","1","7","CD","206866","The Christmas Collection","2003","Richard Clayderman","d5ce22a7-eb34-434d-ba20-b5086f1b1def"
"2588","Romance","The Christmas Collection","2003","2003-10-21","GB","Album","1","8","CD","191000","The Christmas Collection","2003","Richard Clayderman","d5ce22a7-eb34-434d-ba20-b5086f1b1def"
"2589","The Little Drummer Boy","The Christmas Collection","2003","2003-10-21","GB","Album","1","9","CD","229613","The Christmas Collection","2003","Richard Clayderman","d5ce22a7-eb34-434d-ba20-b5086f1b1def"
"2590","Moonlight Sonata","The Christmas Collection","2003","2003-10-21","GB","Album","1","10","CD","198133","The Christmas Collection","2003","Richard Clayderman","d5ce22a7-eb34-434d-ba20-b5086f1b1def"
"2591","Jingle Bells","The Christmas Collection","2003","2003-10-21","GB","Album","1","11","CD","163640","The Christmas Collection","2003","Richard Clayderman","d5ce22a7-eb34-434d-ba20-b5086f1b1def"
"2592","Softly Falls the Snow","The Christmas Collection","2003","2003-10-21","GB","Album","1","12","CD","140506","The Christmas Collection","2003","Richard Clayderman","d5ce22a7-eb34-434d-ba20-b5086f1b1def"
"2593","Largo","The Christmas Collection","2003","2003-10-21","GB","Album","1","13","CD","168253","The Christmas Collection","2003","Richard Clayderman","d5ce22a7-eb34-434d-ba20-b5086f1b1def"
"2594","Rudolph, the Red Nosed Reindeer","The Christmas Collection","2003","2003-10-21","GB","Album","1","14","CD","136960","The Christmas Collection","2003","Richard Clayderman","d5ce22a7-eb34-434d-ba20-b5086f1b1def"
"2595","O Christmas Tree","The Christmas Collection","2003","2003-10-21","GB","Album","1","15","CD","137306","The Christmas Collection","2003","Richard Clayderman","d5ce22a7-eb34-434d-ba20-b5086f1b1def"
"2596","Medley: The Candles Twinkle on the Christmas Tree / Heidschi-Bum-Beidschi Bum-Bum","The Christmas Collection","2003","2003-10-21","GB","Album","1","16","CD","119133","The Christmas Collection","2003","Richard Clayderman","d5ce22a7-eb34-434d-ba20-b5086f1b1def"
"2597","Christmas Concerto","The Christmas Collection","2003","2003-10-21","GB","Album","1","17","CD","219053","The Christmas Collection","2003","Richard Clayderman","d5ce22a7-eb34-434d-ba20-b5086f1b1def"
"2598","Ave Maria (Schubert)","The Christmas Collection","2003","2003-10-21","GB","Album","1","18","CD","159654","The Christmas Collection","2003","Richard Clayderman","d5ce22a7-eb34-434d-ba20-b5086f1b1def"
"2599","Che Sara","Flower Collection The Camellia Album","2004","2004","","Album","1","1","CD","165360","Flower Collection The Camellia Album","2004","Richard Clayderman","a6530245-2fa6-4de3-a10b-c64d83afedf4"
"2600","Meditation","Flower Collection The Camellia Album","2004","2004","","Album","1","2","CD","208533","Flower Collection The Camellia Album","2004","Richard Clayderman","a6530245-2fa6-4de3-a10b-c64d83afedf4"
"2601","Another Day In Paradise","Flower Collection The Camellia Album","2004","2004","","Album","1","3","CD","209626","Flower Collection The Camellia Album","2004","Richard Clayderman","a6530245-2fa6-4de3-a10b-c64d83afedf4"
"2602","Music For Nothing","Flower Collection The Camellia Album","2004","2004","","Album","1","4","CD","243000","Flower Collection The Camellia Album","2004","Richard Clayderman","a6530245-2fa6-4de3-a10b-c64d83afedf4"
"2603","Super Dreaming Day","Flower Collection The Camellia Album","2004","2004","","Album","1","5","CD","254533","Flower Collection The Camellia Album","2004","Richard Clayderman","a6530245-2fa6-4de3-a10b-c64d83afedf4"
"2604","Solitaire","Flower Collection The Camellia Album","2004","2004","","Album","1","6","CD","256066","Flower Collection The Camellia Album","2004","Richard Clayderman","a6530245-2fa6-4de3-a10b-c64d83afedf4"
"2605","Close To You","Flower Collection The Camellia Album","2004","2004","","Album","1","7","CD","214666","Flower Collection The Camellia Album","2004","Richard Clayderman","a6530245-2fa6-4de3-a10b-c64d83afedf4"
"2606","Plaisir D'amour","Flower Collection The Camellia Album","2004","2004","","Album","1","8","CD","160240","Flower Collection The Camellia Album","2004","Richard Clayderman","a6530245-2fa6-4de3-a10b-c64d83afedf4"
"2607","Il Mondo","Flower Collection The Camellia Album","2004","2004","","Album","1","9","CD","136733","Flower Collection The Camellia Album","2004","Richard Clayderman","a6530245-2fa6-4de3-a10b-c64d83afedf4"
"2608","No Che Non Viv","Flower Collection The Camellia Album","2004","2004","","Album","1","10","CD","185226","Flower Collection The Camellia Album","2004","Richard Clayderman","a6530245-2fa6-4de3-a10b-c64d83afedf4"
"2609","Ti Amo","Flower Collection The Camellia Album","2004","2004","","Album","1","11","CD","142106","Flower Collection The Camellia Album","2004","Richard Clayderman","a6530245-2fa6-4de3-a10b-c64d83afedf4"
"2610","Bridge Over Troubled Water","Flower Collection The Camellia Album","2004","2004","","Album","1","12","CD","186800","Flower Collection The Camellia Album","2004","Richard Clayderman","a6530245-2fa6-4de3-a10b-c64d83afedf4"
"2611","Sing","Flower Collection The Camellia Album","2004","2004","","Album","1","13","CD","222226","Flower Collection The Camellia Album","2004","Richard Clayderman","a6530245-2fa6-4de3-a10b-c64d83afedf4"
"2612","Esta Tarde Vi Clover","Flower Collection The Camellia Album","2004","2004","","Album","1","14","CD","241240","Flower Collection The Camellia Album","2004","Richard Clayderman","a6530245-2fa6-4de3-a10b-c64d83afedf4"
"2613","Ballade Pour Adeline","Richard Clayderman Essential","2004","2004","FR","Album","1","1","CD","161000","Richard Clayderman Essential","2004","Richard Clayderman","50d38dc3-bb39-40c1-87ec-fc0b69e307e1"
"2614","A Comme Amour","Richard Clayderman Essential","2004","2004","FR","Album","1","2","CD","198000","Richard Clayderman Essential","2004","Richard Clayderman","50d38dc3-bb39-40c1-87ec-fc0b69e307e1"
"2615","Lettre A Ma Mere","Richard Clayderman Essential","2004","2004","FR","Album","1","3","CD","179000","Richard Clayderman Essential","2004","Richard Clayderman","50d38dc3-bb39-40c1-87ec-fc0b69e307e1"
"2616","Mariage D' Amour","Richard Clayderman Essential","2004","2004","FR","Album","1","4","CD","161000","Richard Clayderman Essential","2004","Richard Clayderman","50d38dc3-bb39-40c1-87ec-fc0b69e307e1"
"2617","Nostalgy","Richard Clayderman Essential","2004","2004","FR","Album","1","5","CD","177000","Richard Clayderman Essential","2004","Richard Clayderman","50d38dc3-bb39-40c1-87ec-fc0b69e307e1"
"2618","Souvenirs d'enfance","Richard Clayderman Essential","2004","2004","FR","Album","1","6","CD","188000","Richard Clayderman Essential","2004","Richard Clayderman","50d38dc3-bb39-40c1-87ec-fc0b69e307e1"
"2619","Concerto Pour Une Jeune Fille Nommee Je T'aime","Richard Clayderman Essential","2004","2004","FR","Album","1","7","CD","224000","Richard Clayderman Essential","2004","Richard Clayderman","50d38dc3-bb39-40c1-87ec-fc0b69e307e1"
"2620","Rondo Pour UnTout Petit Enfant","Richard Clayderman Essential","2004","2004","FR","Album","1","8","CD","93000","Richard Clayderman Essential","2004","Richard Clayderman","50d38dc3-bb39-40c1-87ec-fc0b69e307e1"
"2621","Coup De Coeur","Richard Clayderman Essential","2004","2004","FR","Album","1","9","CD","178000","Richard Clayderman Essential","2004","Richard Clayderman","50d38dc3-bb39-40c1-87ec-fc0b69e307e1"
"2622","Triste Coeur","Richard Clayderman Essential","2004","2004","FR","Album","1","10","CD","168000","Richard Clayderman Essential","2004","Richard Clayderman","50d38dc3-bb39-40c1-87ec-fc0b69e307e1"
"2623","La Tendresse","Richard Clayderman Essential","2004","2004","FR","Album","1","11","CD","158000","Richard Clayderman Essential","2004","Richard Clayderman","50d38dc3-bb39-40c1-87ec-fc0b69e307e1"
"2624","Couleur Fragile","Richard Clayderman Essential","2004","2004","FR","Album","1","12","CD","144000","Richard Clayderman Essential","2004","Richard Clayderman","50d38dc3-bb39-40c1-87ec-fc0b69e307e1"
"2625","Couleur Tendress","Richard Clayderman Essential","2004","2004","FR","Album","1","13","CD","219000","Richard Clayderman Essential","2004","Richard Clayderman","50d38dc3-bb39-40c1-87ec-fc0b69e307e1"
"2626","Eleana","Richard Clayderman Essential","2004","2004","FR","Album","1","14","CD","220000","Richard Clayderman Essential","2004","Richard Clayderman","50d38dc3-bb39-40c1-87ec-fc0b69e307e1"
"2627","Chinese Garden","Richard Clayderman Essential","2004","2004","FR","Album","1","15","CD","136000","Richard Clayderman Essential","2004","Richard Clayderman","50d38dc3-bb39-40c1-87ec-fc0b69e307e1"
"2628","Barcarolle","Richard Clayderman Essential","2004","2004","FR","Album","2","1","CD","182000","Richard Clayderman Essential","2004","Richard Clayderman","50d38dc3-bb39-40c1-87ec-fc0b69e307e1"
"2629","Fur Elise","Richard Clayderman Essential","2004","2004","FR","Album","2","2","CD","149000","Richard Clayderman Essential","2004","Richard Clayderman","50d38dc3-bb39-40c1-87ec-fc0b69e307e1"
"2630","Liebestraum Waltz","Richard Clayderman Essential","2004","2004","FR","Album","2","3","CD","192000","Richard Clayderman Essential","2004","Richard Clayderman","50d38dc3-bb39-40c1-87ec-fc0b69e307e1"
"2631","Moonlight Sonata","Richard Clayderman Essential","2004","2004","FR","Album","2","4","CD","196000","Richard Clayderman Essential","2004","Richard Clayderman","50d38dc3-bb39-40c1-87ec-fc0b69e307e1"
"2632","Romance","Richard Clayderman Essential","2004","2004","FR","Album","2","5","CD","189000","Richard Clayderman Essential","2004","Richard Clayderman","50d38dc3-bb39-40c1-87ec-fc0b69e307e1"
"2633","Senerade","Richard Clayderman Essential","2004","2004","FR","Album","2","6","CD","189000","Richard Clayderman Essential","2004","Richard Clayderman","50d38dc3-bb39-40c1-87ec-fc0b69e307e1"
"2634","Ave Maria","Richard Clayderman Essential","2004","2004","FR","Album","2","7","CD","164000","Richard Clayderman Essential","2004","Richard Clayderman","50d38dc3-bb39-40c1-87ec-fc0b69e307e1"
"2635","Badinerie","Richard Clayderman Essential","2004","2004","FR","Album","2","8","CD","219000","Richard Clayderman Essential","2004","Richard Clayderman","50d38dc3-bb39-40c1-87ec-fc0b69e307e1"
"2636","Clair de Lune","Richard Clayderman Essential","2004","2004","FR","Album","2","9","CD","292000","Richard Clayderman Essential","2004","Richard Clayderman","50d38dc3-bb39-40c1-87ec-fc0b69e307e1"
"2637","Piano Concerto No.1 B-Flat Minor Op.23","Richard Clayderman Essential","2004","2004","FR","Album","2","10","CD","237000","Richard Clayderman Essential","2004","Richard Clayderman","50d38dc3-bb39-40c1-87ec-fc0b69e307e1"
"2638","Aria","Richard Clayderman Essential","2004","2004","FR","Album","2","11","CD","360000","Richard Clayderman Essential","2004","Richard Clayderman","50d38dc3-bb39-40c1-87ec-fc0b69e307e1"
"2639","Summer from Four Seasons","Richard Clayderman Essential","2004","2004","FR","Album","2","12","CD","175000","Richard Clayderman Essential","2004","Richard Clayderman","50d38dc3-bb39-40c1-87ec-fc0b69e307e1"
"2640","Nocturne Opus 27, No. 2 D Flat Major","Richard Clayderman Essential","2004","2004","FR","Album","2","13","CD","262000","Richard Clayderman Essential","2004","Richard Clayderman","50d38dc3-bb39-40c1-87ec-fc0b69e307e1"
"2641","Waltz in A Flat","Richard Clayderman Essential","2004","2004","FR","Album","2","14","CD","191000","Richard Clayderman Essential","2004","Richard Clayderman","50d38dc3-bb39-40c1-87ec-fc0b69e307e1"
"2642","The Swan","Richard Clayderman Essential","2004","2004","FR","Album","2","15","CD","182000","Richard Clayderman Essential","2004","Richard Clayderman","50d38dc3-bb39-40c1-87ec-fc0b69e307e1"
"2643","Memory","Richard Clayderman Essential","2004","2004","FR","Album","3","1","CD","186000","Richard Clayderman Essential","2004","Richard Clayderman","50d38dc3-bb39-40c1-87ec-fc0b69e307e1"
"2644","Shadow of Your Smile","Richard Clayderman Essential","2004","2004","FR","Album","3","2","CD","184000","Richard Clayderman Essential","2004","Richard Clayderman","50d38dc3-bb39-40c1-87ec-fc0b69e307e1"
"2645","All the Things you Are","Richard Clayderman Essential","2004","2004","FR","Album","3","3","CD","188000","Richard Clayderman Essential","2004","Richard Clayderman","50d38dc3-bb39-40c1-87ec-fc0b69e307e1"
"2646","Are Mine","Richard Clayderman Essential","2004","2004","FR","Album","3","4","CD","216000","Richard Clayderman Essential","2004","Richard Clayderman","50d38dc3-bb39-40c1-87ec-fc0b69e307e1"
"2647","Be Witched","Richard Clayderman Essential","2004","2004","FR","Album","3","5","CD","154000","Richard Clayderman Essential","2004","Richard Clayderman","50d38dc3-bb39-40c1-87ec-fc0b69e307e1"
"2648","Embracable You","Richard Clayderman Essential","2004","2004","FR","Album","3","6","CD","149000","Richard Clayderman Essential","2004","Richard Clayderman","50d38dc3-bb39-40c1-87ec-fc0b69e307e1"
"2649","I've Grown Accustomed to Your Face","Richard Clayderman Essential","2004","2004","FR","Album","3","7","CD","205000","Richard Clayderman Essential","2004","Richard Clayderman","50d38dc3-bb39-40c1-87ec-fc0b69e307e1"
"2650","Long Ago and Far Away","Richard Clayderman Essential","2004","2004","FR","Album","3","8","CD","198000","Richard Clayderman Essential","2004","Richard Clayderman","50d38dc3-bb39-40c1-87ec-fc0b69e307e1"
"2651","Night and Day","Richard Clayderman Essential","2004","2004","FR","Album","3","9","CD","168000","Richard Clayderman Essential","2004","Richard Clayderman","50d38dc3-bb39-40c1-87ec-fc0b69e307e1"
"2652","People","Richard Clayderman Essential","2004","2004","FR","Album","3","10","CD","217000","Richard Clayderman Essential","2004","Richard Clayderman","50d38dc3-bb39-40c1-87ec-fc0b69e307e1"
"2653","You'll Never Walk Alone","Richard Clayderman Essential","2004","2004","FR","Album","3","11","CD","177000","Richard Clayderman Essential","2004","Richard Clayderman","50d38dc3-bb39-40c1-87ec-fc0b69e307e1"
"2654","All I Ask of You","Richard Clayderman Essential","2004","2004","FR","Album","3","12","CD","211000","Richard Clayderman Essential","2004","Richard Clayderman","50d38dc3-bb39-40c1-87ec-fc0b69e307e1"
"2655","The Way You Look Tonight","Richard Clayderman Essential","2004","2004","FR","Album","3","13","CD","139000","Richard Clayderman Essential","2004","Richard Clayderman","50d38dc3-bb39-40c1-87ec-fc0b69e307e1"
"2656","Don't Cry for Me Argentina","Richard Clayderman Essential","2004","2004","FR","Album","3","14","CD","215000","Richard Clayderman Essential","2004","Richard Clayderman","50d38dc3-bb39-40c1-87ec-fc0b69e307e1"
"2657","I Don't Know How To Love Him","Richard Clayderman Essential","2004","2004","FR","Album","3","15","CD","242000","Richard Clayderman Essential","2004","Richard Clayderman","50d38dc3-bb39-40c1-87ec-fc0b69e307e1"
"2658","There Is Always Sunshine Above the Clouds","Romantic Dreams","2004","2004","NL","Album","1","1","CD","172000","Romantic Dreams","2004","James Last & Richard Clayderman","2c1622ea-6629-43ab-a7db-ab76e8135c29"
"2659","The Happiness of Loving","Romantic Dreams","2004","2004","NL","Album","1","2","CD","254000","Romantic Dreams","2004","James Last & Richard Clayderman","2c1622ea-6629-43ab-a7db-ab76e8135c29"
"2660","Aliscia","Romantic Dreams","2004","2004","NL","Album","1","3","CD","233000","Romantic Dreams","2004","James Last & Richard Clayderman","2c1622ea-6629-43ab-a7db-ab76e8135c29"
"2661","Roses of Exile","Romantic Dreams","2004","2004","NL","Album","1","4","CD","262000","Romantic Dreams","2004","James Last & Richard Clayderman","2c1622ea-6629-43ab-a7db-ab76e8135c29"
"2662","When My Mother Sings","Romantic Dreams","2004","2004","NL","Album","1","5","CD","172000","Romantic Dreams","2004","James Last & Richard Clayderman","2c1622ea-6629-43ab-a7db-ab76e8135c29"
"2663","Pretty Ballerina","Romantic Dreams","2004","2004","NL","Album","1","6","CD","211000","Romantic Dreams","2004","James Last & Richard Clayderman","2c1622ea-6629-43ab-a7db-ab76e8135c29"
"2664","The Steps of Free Men","Romantic Dreams","2004","2004","NL","Album","1","7","CD","218000","Romantic Dreams","2004","James Last & Richard Clayderman","2c1622ea-6629-43ab-a7db-ab76e8135c29"
"2665","The Strength of Love","Romantic Dreams","2004","2004","NL","Album","1","8","CD","274000","Romantic Dreams","2004","James Last & Richard Clayderman","2c1622ea-6629-43ab-a7db-ab76e8135c29"
"2666","The Dead Seas","Romantic Dreams","2004","2004","NL","Album","1","9","CD","203000","Romantic Dreams","2004","James Last & Richard Clayderman","2c1622ea-6629-43ab-a7db-ab76e8135c29"
"2667","Flowers of Fire","Romantic Dreams","2004","2004","NL","Album","1","10","CD","260000","Romantic Dreams","2004","James Last & Richard Clayderman","2c1622ea-6629-43ab-a7db-ab76e8135c29"
"2668","Hearts of Gold","Romantic Dreams","2004","2004","NL","Album","1","11","CD","209000","Romantic Dreams","2004","James Last & Richard Clayderman","2c1622ea-6629-43ab-a7db-ab76e8135c29"
"2669","The Birds of Sea and Sun","Romantic Dreams","2004","2004","NL","Album","1","12","CD","263000","Romantic Dreams","2004","James Last & Richard Clayderman","2c1622ea-6629-43ab-a7db-ab76e8135c29"
"2670","Lizzie","Romantic Dreams","2004","2004","NL","Album","1","13","CD","212000","Romantic Dreams","2004","James Last & Richard Clayderman","2c1622ea-6629-43ab-a7db-ab76e8135c29"
"2671","Maracaibo","Romantic Dreams","2004","2004","NL","Album","1","14","CD","345000","Romantic Dreams","2004","James Last & Richard Clayderman","2c1622ea-6629-43ab-a7db-ab76e8135c29"
"2672","Super Dreaming Day","Romantic Dreams","2004","2004","NL","Album","1","15","CD","204000","Romantic Dreams","2004","James Last & Richard Clayderman","2c1622ea-6629-43ab-a7db-ab76e8135c29"
"2673","Wind From the East","Romantic Dreams","2004","2004","NL","Album","1","16","CD","193000","Romantic Dreams","2004","James Last & Richard Clayderman","2c1622ea-6629-43ab-a7db-ab76e8135c29"
"2674","Summer Serenade","Romantic Dreams","2004","2004","NL","Album","1","17","CD","248000","Romantic Dreams","2004","James Last & Richard Clayderman","2c1622ea-6629-43ab-a7db-ab76e8135c29"
"2675","From a Distance","Together at Last","2004","2004","NL","Album","1","1","CD","234000","Together at Last","1991","James Last & Richard Clayderman","0efa2221-3ffe-4d9a-8fb8-4f5dc723a8c9"
"2676","(Everything I Do) I Do It for You","Together at Last","2004","2004","NL","Album","1","2","CD","244000","Together at Last","1991","James Last & Richard Clayderman","0efa2221-3ffe-4d9a-8fb8-4f5dc723a8c9"
"2677","Sacrifice","Together at Last","2004","2004","NL","Album","1","3","CD","296000","Together at Last","1991","James Last & Richard Clayderman","0efa2221-3ffe-4d9a-8fb8-4f5dc723a8c9"
"2678","Moonfire","Together at Last","2004","2004","NL","Album","1","4","CD","244000","Together at Last","1991","James Last & Richard Clayderman","0efa2221-3ffe-4d9a-8fb8-4f5dc723a8c9"
"2679","Careless Whisper","Together at Last","2004","2004","NL","Album","1","5","CD","250000","Together at Last","1991","James Last & Richard Clayderman","0efa2221-3ffe-4d9a-8fb8-4f5dc723a8c9"
"2680","Crockett's Theme (From 'Chancer')","Together at Last","2004","2004","NL","Album","1","6","CD","254000","Together at Last","1991","James Last & Richard Clayderman","0efa2221-3ffe-4d9a-8fb8-4f5dc723a8c9"
"2681","Wind Beneath My Wings","Together at Last","2004","2004","NL","Album","1","7","CD","245000","Together at Last","1991","James Last & Richard Clayderman","0efa2221-3ffe-4d9a-8fb8-4f5dc723a8c9"
"2682","Any Dream Will Do","Together at Last","2004","2004","NL","Album","1","8","CD","222000","Together at Last","1991","James Last & Richard Clayderman","0efa2221-3ffe-4d9a-8fb8-4f5dc723a8c9"
"2683","Unchained Melody","Together at Last","2004","2004","NL","Album","1","9","CD","183000","Together at Last","1991","James Last & Richard Clayderman","0efa2221-3ffe-4d9a-8fb8-4f5dc723a8c9"
"2684","Indigo Bay","Together at Last","2004","2004","NL","Album","1","10","CD","236000","Together at Last","1991","James Last & Richard Clayderman","0efa2221-3ffe-4d9a-8fb8-4f5dc723a8c9"
"2685","Promise Me","Together at Last","2004","2004","NL","Album","1","11","CD","223000","Together at Last","1991","James Last & Richard Clayderman","0efa2221-3ffe-4d9a-8fb8-4f5dc723a8c9"
"2686","Reflections","Together at Last","2004","2004","NL","Album","1","12","CD","261000","Together at Last","1991","James Last & Richard Clayderman","0efa2221-3ffe-4d9a-8fb8-4f5dc723a8c9"
"2687","Candle in the Wind","Together at Last","2004","2004","NL","Album","1","13","CD","224000","Together at Last","1991","James Last & Richard Clayderman","0efa2221-3ffe-4d9a-8fb8-4f5dc723a8c9"
"2688","Love Is All Around","True Love","2004","2004","AT","Album","1","1","CD","248586","True Love","2004","Richard Clayderman & James Last","e536e978-5faf-4bdc-a481-5121e026d6d9"
"2689","True Love","True Love","2004","2004","AT","Album","1","2","CD","204880","True Love","2004","Richard Clayderman & James Last","e536e978-5faf-4bdc-a481-5121e026d6d9"
"2690","When a Man Loves a Women","True Love","2004","2004","AT","Album","1","3","CD","170120","True Love","2004","Richard Clayderman & James Last","e536e978-5faf-4bdc-a481-5121e026d6d9"
"2691","Another Day in Paradise","True Love","2004","2004","AT","Album","1","4","CD","269280","True Love","2004","Richard Clayderman & James Last","e536e978-5faf-4bdc-a481-5121e026d6d9"
"2692","Sacrifice","True Love","2004","2004","AT","Album","1","5","CD","296960","True Love","2004","Richard Clayderman & James Last","e536e978-5faf-4bdc-a481-5121e026d6d9"
"2693","Careless Whisper","True Love","2004","2004","AT","Album","1","6","CD","250160","True Love","2004","Richard Clayderman & James Last","e536e978-5faf-4bdc-a481-5121e026d6d9"
"2694","Candle in the Wind","True Love","2004","2004","AT","Album","1","7","CD","224773","True Love","2004","Richard Clayderman & James Last","e536e978-5faf-4bdc-a481-5121e026d6d9"
"2695","From a Distance","True Love","2004","2004","AT","Album","1","8","CD","233946","True Love","2004","Richard Clayderman & James Last","e536e978-5faf-4bdc-a481-5121e026d6d9"
"2696","The Wind Beneath My Wings","True Love","2004","2004","AT","Album","1","9","CD","245800","True Love","2004","Richard Clayderman & James Last","e536e978-5faf-4bdc-a481-5121e026d6d9"
"2697","Summer Serenade","True Love","2004","2004","AT","Album","1","10","CD","245933","True Love","2004","Richard Clayderman & James Last","e536e978-5faf-4bdc-a481-5121e026d6d9"
"2698","Have I Told You Lately","True Love","2004","2004","AT","Album","1","11","CD","204613","True Love","2004","Richard Clayderman & James Last","e536e978-5faf-4bdc-a481-5121e026d6d9"
"2699","A Legend of Greensleeves","True Love","2004","2004","AT","Album","1","12","CD","232493","True Love","2004","Richard Clayderman & James Last","e536e978-5faf-4bdc-a481-5121e026d6d9"
"2700","Everytime You Go Away","True Love","2004","2004","AT","Album","1","13","CD","232866","True Love","2004","Richard Clayderman & James Last","e536e978-5faf-4bdc-a481-5121e026d6d9"
"2701","Streets of Philadelphia","True Love","2004","2004","AT","Album","1","14","CD","227000","True Love","2004","Richard Clayderman & James Last","e536e978-5faf-4bdc-a481-5121e026d6d9"
"2702","Save The Best for Last","True Love","2004","2004","AT","Album","1","15","CD","158240","True Love","2004","Richard Clayderman & James Last","e536e978-5faf-4bdc-a481-5121e026d6d9"
"2703","Goodnight Girl","True Love","2004","2004","AT","Album","1","16","CD","230720","True Love","2004","Richard Clayderman & James Last","e536e978-5faf-4bdc-a481-5121e026d6d9"
"2704","(They Long to Be) Close to You","Romantic Nights","2004","2004-01-20","","Album","1","1","CD","215000","Romantic Nights","2004","Richard Clayderman","76afa1c6-7a81-4624-ad61-62b5d4b45315"
"2705","Only You","Romantic Nights","2004","2004-01-20","","Album","1","2","CD","189000","Romantic Nights","2004","Richard Clayderman","76afa1c6-7a81-4624-ad61-62b5d4b45315"
"2706","Feelings","Romantic Nights","2004","2004-01-20","","Album","1","3","CD","193000","Romantic Nights","2004","Richard Clayderman","76afa1c6-7a81-4624-ad61-62b5d4b45315"
"2707","Letter for Elise","Romantic Nights","2004","2004-01-20","","Album","1","4","CD","254000","Romantic Nights","2004","Richard Clayderman & Royal Philharmonic Orchestra","76afa1c6-7a81-4624-ad61-62b5d4b45315"
"2708","I Only Have Eyes for You","Romantic Nights","2004","2004-01-20","","Album","1","5","CD","175000","Romantic Nights","2004","Richard Clayderman","76afa1c6-7a81-4624-ad61-62b5d4b45315"
"2709","Embraceable You","Romantic Nights","2004","2004-01-20","","Album","1","6","CD","153000","Romantic Nights","2004","Richard Clayderman","76afa1c6-7a81-4624-ad61-62b5d4b45315"
"2710","Night and Day","Romantic Nights","2004","2004-01-20","","Album","1","7","CD","168000","Romantic Nights","2004","Richard Clayderman","76afa1c6-7a81-4624-ad61-62b5d4b45315"
"2711","Love Is a Many Splendored Thing","Romantic Nights","2004","2004-01-20","","Album","1","8","CD","174000","Romantic Nights","2004","Richard Clayderman","76afa1c6-7a81-4624-ad61-62b5d4b45315"
"2712","Sometimes When We Touch","Romantic Nights","2004","2004-01-20","","Album","1","9","CD","240000","Romantic Nights","2004","Richard Clayderman","76afa1c6-7a81-4624-ad61-62b5d4b45315"
"2713","I Just Can't Stop Loving You","Romantic Nights","2004","2004-01-20","","Album","1","10","CD","227000","Romantic Nights","2004","Richard Clayderman","76afa1c6-7a81-4624-ad61-62b5d4b45315"
"2714","Smoke Gets in Your Eyes","Romantic Nights","2004","2004-01-20","","Album","1","11","CD","155000","Romantic Nights","2004","Richard Clayderman","76afa1c6-7a81-4624-ad61-62b5d4b45315"
"2715","Love Me Tender","Romantic Nights","2004","2004-01-20","","Album","1","12","CD","139000","Romantic Nights","2004","Richard Clayderman","76afa1c6-7a81-4624-ad61-62b5d4b45315"
"2716","Ballade Pour Adeline","The Best of Richard Clayderman","2005","2005","","Album","1","1","CD","156200","The Best of Richard Clayderman","2005","Richard Clayderman","b95c96da-d1d3-4897-9458-c8f32e60a5f8"
"2717","Medley: Lady in Red Take My Breath Away","The Best of Richard Clayderman","2005","2005","","Album","1","2","CD","247986","The Best of Richard Clayderman","2005","Richard Clayderman","b95c96da-d1d3-4897-9458-c8f32e60a5f8"
"2718","Just the Way You Are","The Best of Richard Clayderman","2005","2005","","Album","1","3","CD","212480","The Best of Richard Clayderman","2005","Richard Clayderman","b95c96da-d1d3-4897-9458-c8f32e60a5f8"
"2719","Moon River","The Best of Richard Clayderman","2005","2005","","Album","1","4","CD","194333","The Best of Richard Clayderman","2005","Richard Clayderman","b95c96da-d1d3-4897-9458-c8f32e60a5f8"
"2720","(They long to Be) Close to You","The Best of Richard Clayderman","2005","2005","","Album","1","5","CD","213840","The Best of Richard Clayderman","2005","Richard Clayderman","b95c96da-d1d3-4897-9458-c8f32e60a5f8"
"2721","Love Story","The Best of Richard Clayderman","2005","2005","","Album","1","6","CD","181400","The Best of Richard Clayderman","2005","Richard Clayderman","b95c96da-d1d3-4897-9458-c8f32e60a5f8"
"2722","Dancing Queen","The Best of Richard Clayderman","2005","2005","","Album","1","7","CD","223560","The Best of Richard Clayderman","2005","Richard Clayderman","b95c96da-d1d3-4897-9458-c8f32e60a5f8"
"2723","The Girl of Ipanema","The Best of Richard Clayderman","2005","2005","","Album","1","8","CD","178946","The Best of Richard Clayderman","2005","Richard Clayderman","b95c96da-d1d3-4897-9458-c8f32e60a5f8"
"2724","What a Wonderful World","The Best of Richard Clayderman","2005","2005","","Album","1","9","CD","174000","The Best of Richard Clayderman","2005","Richard Clayderman","b95c96da-d1d3-4897-9458-c8f32e60a5f8"
"2725","Hey Jude","The Best of Richard Clayderman","2005","2005","","Album","1","10","CD","163440","The Best of Richard Clayderman","2005","Richard Clayderman","b95c96da-d1d3-4897-9458-c8f32e60a5f8"
"2726","Unchained Melody","The Best of Richard Clayderman","2005","2005","","Album","1","11","CD","186746","The Best of Richard Clayderman","2005","Richard Clayderman","b95c96da-d1d3-4897-9458-c8f32e60a5f8"
"2727","Candle in the Wind","The Best of Richard Clayderman","2005","2005","","Album","1","12","CD","186693","The Best of Richard Clayderman","2005","Richard Clayderman","b95c96da-d1d3-4897-9458-c8f32e60a5f8"
"2728","Woman in Love","The Best of Richard Clayderman","2005","2005","","Album","1","13","CD","148093","The Best of Richard Clayderman","2005","Richard Clayderman","b95c96da-d1d3-4897-9458-c8f32e60a5f8"
"2729","Autumn Leaves","The Best of Richard Clayderman","2005","2005","","Album","1","14","CD","164760","The Best of Richard Clayderman","2005","Richard Clayderman","b95c96da-d1d3-4897-9458-c8f32e60a5f8"
"2730","Feelings","The Best of Richard Clayderman","2005","2005","","Album","1","15","CD","191746","The Best of Richard Clayderman","2005","Richard Clayderman","b95c96da-d1d3-4897-9458-c8f32e60a5f8"
"2731","Love Me Tender","The Best of Richard Clayderman","2005","2005","","Album","1","16","CD","140360","The Best of Richard Clayderman","2005","Richard Clayderman","b95c96da-d1d3-4897-9458-c8f32e60a5f8"
"2732","Besame Mucho","The Best of Richard Clayderman","2005","2005","","Album","1","17","CD","210613","The Best of Richard Clayderman","2005","Richard Clayderman","b95c96da-d1d3-4897-9458-c8f32e60a5f8"
"2733","Greensleeves","The Best of Richard Clayderman","2005","2005","","Album","1","18","CD","186440","The Best of Richard Clayderman","2005","Richard Clayderman","b95c96da-d1d3-4897-9458-c8f32e60a5f8"
"2734","Everything I Do, I Do It for You","The Best of Richard Clayderman","2005","2005","","Album","1","19","CD","244213","The Best of Richard Clayderman","2005","Richard Clayderman","b95c96da-d1d3-4897-9458-c8f32e60a5f8"
"2735","Don't Cry for Me Argentina","The Best of Richard Clayderman","2005","2005","","Album","1","20","CD","192160","The Best of Richard Clayderman","2005","Richard Clayderman","b95c96da-d1d3-4897-9458-c8f32e60a5f8"
"2736","I Just Called to Say I Love You","The Best of Richard Clayderman","2005","2005","","Album","1","21","CD","221880","The Best of Richard Clayderman","2005","Richard Clayderman","b95c96da-d1d3-4897-9458-c8f32e60a5f8"
"2737","My Heart Will Go On","The Best of Richard Clayderman","2005","2005","","Album","1","22","CD","220920","The Best of Richard Clayderman","2005","Richard Clayderman","b95c96da-d1d3-4897-9458-c8f32e60a5f8"
"2738","When a Man Loves a Woman","The Best of Richard Clayderman","2005","2005","","Album","1","23","CD","173813","The Best of Richard Clayderman","2005","Richard Clayderman","b95c96da-d1d3-4897-9458-c8f32e60a5f8"
"2739","You Are the Sunshine of My Life","The Best of Richard Clayderman","2005","2005","","Album","1","24","CD","170853","The Best of Richard Clayderman","2005","Richard Clayderman","b95c96da-d1d3-4897-9458-c8f32e60a5f8"
"2740","על כל אלה","The Best of Richard Clayderman","2005","2005","","Album","2","1","CD","107546","The Best of Richard Clayderman","2005","Richard Clayderman","b95c96da-d1d3-4897-9458-c8f32e60a5f8"
"2741","Nights in White Satin","The Best of Richard Clayderman","2005","2005","","Album","2","2","CD","304720","The Best of Richard Clayderman","2005","Richard Clayderman","b95c96da-d1d3-4897-9458-c8f32e60a5f8"
"2742","Bridge Over Troubled Water","The Best of Richard Clayderman","2005","2005","","Album","2","3","CD","187973","The Best of Richard Clayderman","2005","Richard Clayderman","b95c96da-d1d3-4897-9458-c8f32e60a5f8"
"2743","Lettre À Élise","The Best of Richard Clayderman","2005","2005","","Album","2","4","CD","146200","The Best of Richard Clayderman","2005","Richard Clayderman","b95c96da-d1d3-4897-9458-c8f32e60a5f8"
"2744","La Vie En Rose","The Best of Richard Clayderman","2005","2005","","Album","2","5","CD","157853","The Best of Richard Clayderman","2005","Richard Clayderman","b95c96da-d1d3-4897-9458-c8f32e60a5f8"
"2745","Con Te Partiro (Time to Say Goodbye)","The Best of Richard Clayderman","2005","2005","","Album","2","6","CD","186680","The Best of Richard Clayderman","2005","Richard Clayderman","b95c96da-d1d3-4897-9458-c8f32e60a5f8"
"2746","Phantom of the Opera","The Best of Richard Clayderman","2005","2005","","Album","2","7","CD","285440","The Best of Richard Clayderman","2005","Richard Clayderman","b95c96da-d1d3-4897-9458-c8f32e60a5f8"
"2747","I Want to Know What Love Is","The Best of Richard Clayderman","2005","2005","","Album","2","8","CD","219840","The Best of Richard Clayderman","2005","Richard Clayderman","b95c96da-d1d3-4897-9458-c8f32e60a5f8"
"2748","Hello","The Best of Richard Clayderman","2005","2005","","Album","2","9","CD","186546","The Best of Richard Clayderman","2005","Richard Clayderman","b95c96da-d1d3-4897-9458-c8f32e60a5f8"
"2749","Mamma Mia","The Best of Richard Clayderman","2005","2005","","Album","2","10","CD","190133","The Best of Richard Clayderman","2005","Richard Clayderman","b95c96da-d1d3-4897-9458-c8f32e60a5f8"
"2750","I Will Always Love You","The Best of Richard Clayderman","2005","2005","","Album","2","11","CD","246533","The Best of Richard Clayderman","2005","Richard Clayderman","b95c96da-d1d3-4897-9458-c8f32e60a5f8"
"2751","כמו צמח בר","The Best of Richard Clayderman","2005","2005","","Album","2","12","CD","224013","The Best of Richard Clayderman","2005","Richard Clayderman","b95c96da-d1d3-4897-9458-c8f32e60a5f8"
"2752","Yesterday","The Best of Richard Clayderman","2005","2005","","Album","2","13","CD","144880","The Best of Richard Clayderman","2005","Richard Clayderman","b95c96da-d1d3-4897-9458-c8f32e60a5f8"
"2753","My Way","The Best of Richard Clayderman","2005","2005","","Album","2","14","CD","229653","The Best of Richard Clayderman","2005","Richard Clayderman","b95c96da-d1d3-4897-9458-c8f32e60a5f8"
"2754","Ne Me Quitte Pas","The Best of Richard Clayderman","2005","2005","","Album","2","15","CD","172733","The Best of Richard Clayderman","2005","Richard Clayderman","b95c96da-d1d3-4897-9458-c8f32e60a5f8"
"2755","Moonlight Sonata","The Best of Richard Clayderman","2005","2005","","Album","2","16","CD","195693","The Best of Richard Clayderman","2005","Richard Clayderman","b95c96da-d1d3-4897-9458-c8f32e60a5f8"
"2756","Michelle","The Best of Richard Clayderman","2005","2005","","Album","2","17","CD","210946","The Best of Richard Clayderman","2005","Richard Clayderman","b95c96da-d1d3-4897-9458-c8f32e60a5f8"
"2757","Exodus","The Best of Richard Clayderman","2005","2005","","Album","2","18","CD","177133","The Best of Richard Clayderman","2005","Richard Clayderman","b95c96da-d1d3-4897-9458-c8f32e60a5f8"
"2758","Can You Feel the Love Tonight","The Best of Richard Clayderman","2005","2005","","Album","2","19","CD","191960","The Best of Richard Clayderman","2005","Richard Clayderman","b95c96da-d1d3-4897-9458-c8f32e60a5f8"
"2759","Time After Time","The Best of Richard Clayderman","2005","2005","","Album","2","20","CD","196693","The Best of Richard Clayderman","2005","Richard Clayderman","b95c96da-d1d3-4897-9458-c8f32e60a5f8"
"2760","Romeo & Juliet","The Best of Richard Clayderman","2005","2005","","Album","2","21","CD","140000","The Best of Richard Clayderman","2005","Richard Clayderman","b95c96da-d1d3-4897-9458-c8f32e60a5f8"
"2761","Over the Rainbow","The Best of Richard Clayderman","2005","2005","","Album","2","22","CD","166973","The Best of Richard Clayderman","2005","Richard Clayderman","b95c96da-d1d3-4897-9458-c8f32e60a5f8"
"2762","שיר לשלום","The Best of Richard Clayderman","2005","2005","","Album","2","23","CD","197373","The Best of Richard Clayderman","2005","Richard Clayderman","b95c96da-d1d3-4897-9458-c8f32e60a5f8"
"2763","Ballade pour Adeline","Kenny Rogers / Richard Clayderman","2006","2006","XW","Album","1","B16","DVD-Video","167000","Kenny Rogers… Going Home / Richard Clayderman in Concert","1995","Richard Clayderman","494f0551-5320-4bc8-ba18-73958794d564"
"2764","Chariots of Fire","Kenny Rogers / Richard Clayderman","2006","2006","XW","Album","1","B12","DVD-Video","190000","Kenny Rogers… Going Home / Richard Clayderman in Concert","1995","Richard Clayderman","494f0551-5320-4bc8-ba18-73958794d564"
"2765","Concerto pour une jeune fille","Kenny Rogers / Richard Clayderman","2006","2006","XW","Album","1","B13","DVD-Video","176000","Kenny Rogers… Going Home / Richard Clayderman in Concert","1995","Richard Clayderman","494f0551-5320-4bc8-ba18-73958794d564"
"2766","Feelings","Kenny Rogers / Richard Clayderman","2006","2006","XW","Album","1","B10","DVD-Video","183000","Kenny Rogers… Going Home / Richard Clayderman in Concert","1995","Richard Clayderman","494f0551-5320-4bc8-ba18-73958794d564"
"2767","Going Home","Kenny Rogers / Richard Clayderman","2006","2006","XW","Album","1","A","DVD-Video","3507000","Kenny Rogers… Going Home / Richard Clayderman in Concert","1995","Kenny Rogers","494f0551-5320-4bc8-ba18-73958794d564"
"2768","Interview","Kenny Rogers / Richard Clayderman","2006","2006","XW","Album","1","B1","DVD-Video","307000","Kenny Rogers… Going Home / Richard Clayderman in Concert","1995","Richard Clayderman","494f0551-5320-4bc8-ba18-73958794d564"
"2769","La vie en rose","Kenny Rogers / Richard Clayderman","2006","2006","XW","Album","1","B11","DVD-Video","143000","Kenny Rogers… Going Home / Richard Clayderman in Concert","1995","Richard Clayderman","494f0551-5320-4bc8-ba18-73958794d564"
"2770","Les Oiseaux","Kenny Rogers / Richard Clayderman","2006","2006","XW","Album","1","B4","DVD-Video","260000","Kenny Rogers… Going Home / Richard Clayderman in Concert","1995","Richard Clayderman","494f0551-5320-4bc8-ba18-73958794d564"
"2771","Masais","Kenny Rogers / Richard Clayderman","2006","2006","XW","Album","1","B7","DVD-Video","268000","Kenny Rogers… Going Home / Richard Clayderman in Concert","1995","Richard Clayderman","494f0551-5320-4bc8-ba18-73958794d564"
"2772","Medley","Kenny Rogers / Richard Clayderman","2006","2006","XW","Album","1","B3","DVD-Video","435000","Kenny Rogers… Going Home / Richard Clayderman in Concert","1995","Richard Clayderman","494f0551-5320-4bc8-ba18-73958794d564"
"2773","My Way","Kenny Rogers / Richard Clayderman","2006","2006","XW","Album","1","B2","DVD-Video","165000","Kenny Rogers… Going Home / Richard Clayderman in Concert","1995","Richard Clayderman","494f0551-5320-4bc8-ba18-73958794d564"
"2774","Nostalgy","Kenny Rogers / Richard Clayderman","2006","2006","XW","Album","1","B15","DVD-Video","154000","Kenny Rogers… Going Home / Richard Clayderman in Concert","1995","Richard Clayderman","494f0551-5320-4bc8-ba18-73958794d564"
"2775","People","Kenny Rogers / Richard Clayderman","2006","2006","XW","Album","1","B9","DVD-Video","216000","Kenny Rogers… Going Home / Richard Clayderman in Concert","1995","Richard Clayderman","494f0551-5320-4bc8-ba18-73958794d564"
"2776","Root Beer Rag","Kenny Rogers / Richard Clayderman","2006","2006","XW","Album","1","B17","DVD-Video","156000","Kenny Rogers… Going Home / Richard Clayderman in Concert","1995","Richard Clayderman","494f0551-5320-4bc8-ba18-73958794d564"
"2777","Vierge","Kenny Rogers / Richard Clayderman","2006","2006","XW","Album","1","B6","DVD-Video","218000","Kenny Rogers… Going Home / Richard Clayderman in Concert","1995","Richard Clayderman","494f0551-5320-4bc8-ba18-73958794d564"
"2778","We Are the World","Kenny Rogers / Richard Clayderman","2006","2006","XW","Album","1","B18","DVD-Video","178000","Kenny Rogers… Going Home / Richard Clayderman in Concert","1995","Richard Clayderman","494f0551-5320-4bc8-ba18-73958794d564"
"2779","West Side Story Medley","Kenny Rogers / Richard Clayderman","2006","2006","XW","Album","1","B5","DVD-Video","373000","Kenny Rogers… Going Home / Richard Clayderman in Concert","1995","Richard Clayderman","494f0551-5320-4bc8-ba18-73958794d564"
"2780","You Are My World","Kenny Rogers / Richard Clayderman","2006","2006","XW","Album","1","B8","DVD-Video","257000","Kenny Rogers… Going Home / Richard Clayderman in Concert","1995","Richard Clayderman","494f0551-5320-4bc8-ba18-73958794d564"
"2781","Zanur","Kenny Rogers / Richard Clayderman","2006","2006","XW","Album","1","B14","DVD-Video","288000","Kenny Rogers… Going Home / Richard Clayderman in Concert","1995","Richard Clayderman","494f0551-5320-4bc8-ba18-73958794d564"
"2782","The Phantom of the Opera","Richard Clayderman","2006","2006","","Album","1","1","CD","284000","Richard Clayderman","2006","Richard Clayderman","0669483c-a580-4122-85be-1404132e0d09"
"2783","Bésame mucho","Richard Clayderman","2006","2006","","Album","1","2","CD","209000","Richard Clayderman","2006","Richard Clayderman","0669483c-a580-4122-85be-1404132e0d09"
"2784","Dancing Queen","Richard Clayderman","2006","2006","","Album","1","3","CD","219000","Richard Clayderman","2006","Richard Clayderman","0669483c-a580-4122-85be-1404132e0d09"
"2785","Perhaps Love","Richard Clayderman","2006","2006","","Album","1","4","CD","161000","Richard Clayderman","2006","Richard Clayderman","0669483c-a580-4122-85be-1404132e0d09"
"2786","Outra Vez","Richard Clayderman","2006","2006","","Album","1","5","CD","242000","Richard Clayderman","2006","Richard Clayderman","0669483c-a580-4122-85be-1404132e0d09"
"2787","Don't Cry for Me Argentina","Richard Clayderman","2006","2006","","Album","1","6","CD","214000","Richard Clayderman","2006","Richard Clayderman","0669483c-a580-4122-85be-1404132e0d09"
"2788","Everytime You Go Away","Richard Clayderman","2006","2006","","Album","1","7","CD","164000","Richard Clayderman","2006","Richard Clayderman","0669483c-a580-4122-85be-1404132e0d09"
"2789","Tara's Theme","Richard Clayderman","2006","2006","","Album","1","8","CD","204000","Richard Clayderman","2006","Richard Clayderman","0669483c-a580-4122-85be-1404132e0d09"
"2790","Blue Eyes","Richard Clayderman","2006","2006","","Album","1","9","CD","184000","Richard Clayderman","2006","Richard Clayderman","0669483c-a580-4122-85be-1404132e0d09"
"2791","My Way (Comme D'Habitude)","Richard Clayderman","2006","2006","","Album","1","10","CD","228000","Richard Clayderman","2006","Richard Clayderman","0669483c-a580-4122-85be-1404132e0d09"
"2792","Nel blu dipinto di blu (Volare)","Richard Clayderman","2006","2006","","Album","1","11","CD","193000","Richard Clayderman","2006","Richard Clayderman","0669483c-a580-4122-85be-1404132e0d09"
"2793","El dia que me quieras","Richard Clayderman","2006","2006","","Album","1","12","CD","194000","Richard Clayderman","2006","Richard Clayderman","0669483c-a580-4122-85be-1404132e0d09"
"2794","Ave Maria","Richard Clayderman","2006","2006","","Album","1","13","CD","160000","Richard Clayderman","2006","Richard Clayderman","0669483c-a580-4122-85be-1404132e0d09"
"2795","Romeu and Juliet Love Theme","Richard Clayderman","2006","2006","","Album","1","14","CD","140000","Richard Clayderman","2006","Richard Clayderman","0669483c-a580-4122-85be-1404132e0d09"
"2796","Carinhoso","Richard Clayderman","2006","2006","","Album","2","1","CD","209000","Richard Clayderman","2006","Richard Clayderman","0669483c-a580-4122-85be-1404132e0d09"
"2797","Can You Feel the Love Tonight","Richard Clayderman","2006","2006","","Album","2","2","CD","192000","Richard Clayderman","2006","Richard Clayderman","0669483c-a580-4122-85be-1404132e0d09"
"2798","Sabor a mí","Richard Clayderman","2006","2006","","Album","2","3","CD","189000","Richard Clayderman","2006","Richard Clayderman","0669483c-a580-4122-85be-1404132e0d09"
"2799","Smoke Gets in Your Eyes","Richard Clayderman","2006","2006","","Album","2","4","CD","154000","Richard Clayderman","2006","Richard Clayderman","0669483c-a580-4122-85be-1404132e0d09"
"2800","Without You","Richard Clayderman","2006","2006","","Album","2","5","CD","228000","Richard Clayderman","2006","Richard Clayderman","0669483c-a580-4122-85be-1404132e0d09"
"2801","Una Lacrima Sul Viso","Richard Clayderman","2006","2006","","Album","2","6","CD","164000","Richard Clayderman","2006","Richard Clayderman","0669483c-a580-4122-85be-1404132e0d09"
"2802","Woman in Love","Richard Clayderman","2006","2006","","Album","2","7","CD","147000","Richard Clayderman","2006","Richard Clayderman","0669483c-a580-4122-85be-1404132e0d09"
"2803","Careless Whisper","Richard Clayderman","2006","2006","","Album","2","8","CD","166000","Richard Clayderman","2006","Richard Clayderman","0669483c-a580-4122-85be-1404132e0d09"
"2804","When a Man Loves a Woman","Richard Clayderman","2006","2006","","Album","2","9","CD","173000","Richard Clayderman","2006","Richard Clayderman","0669483c-a580-4122-85be-1404132e0d09"
"2805","Como Vai Você","Richard Clayderman","2006","2006","","Album","2","10","CD","205000","Richard Clayderman","2006","Richard Clayderman","0669483c-a580-4122-85be-1404132e0d09"
"2806","Mandy","Richard Clayderman","2006","2006","","Album","2","11","CD","141000","Richard Clayderman","2006","Richard Clayderman","0669483c-a580-4122-85be-1404132e0d09"
"2807","The Winner Takes It All","Richard Clayderman","2006","2006","","Album","2","12","CD","179000","Richard Clayderman","2006","Richard Clayderman","0669483c-a580-4122-85be-1404132e0d09"
"2808","Memory","Richard Clayderman","2006","2006","","Album","2","13","CD","183000","Richard Clayderman","2006","Richard Clayderman","0669483c-a580-4122-85be-1404132e0d09"
"2809","Love Story Theme (Where Do I Begin?)","Richard Clayderman","2006","2006","","Album","3","1","CD","180000","Richard Clayderman","2006","Richard Clayderman","0669483c-a580-4122-85be-1404132e0d09"
"2810","Sacrifice","Richard Clayderman","2006","2006","","Album","3","2","CD","216000","Richard Clayderman","2006","Richard Clayderman","0669483c-a580-4122-85be-1404132e0d09"
"2811","Do You Know Where You're Going To (Theme From Mahogany)","Richard Clayderman","2006","2006","","Album","3","3","CD","211000","Richard Clayderman","2006","Richard Clayderman","0669483c-a580-4122-85be-1404132e0d09"
"2812","Candle in the Wind","Richard Clayderman","2006","2006","","Album","3","4","CD","186000","Richard Clayderman","2006","Richard Clayderman","0669483c-a580-4122-85be-1404132e0d09"
"2813","Only Yesterday","Richard Clayderman","2006","2006","","Album","3","5","CD","276000","Richard Clayderman","2006","Richard Clayderman","0669483c-a580-4122-85be-1404132e0d09"
"2814","Aquarela","Richard Clayderman","2006","2006","","Album","3","6","CD","229000","Richard Clayderman","2006","Richard Clayderman","0669483c-a580-4122-85be-1404132e0d09"
"2815","Exodus","Richard Clayderman","2006","2006","","Album","3","7","CD","177000","Richard Clayderman","2006","Richard Clayderman","0669483c-a580-4122-85be-1404132e0d09"
"2816","Another Day in Paradise","Richard Clayderman","2006","2006","","Album","3","8","CD","205000","Richard Clayderman","2006","Richard Clayderman","0669483c-a580-4122-85be-1404132e0d09"
"2817","Close to You (They Long to Be)","Richard Clayderman","2006","2006","","Album","3","9","CD","214000","Richard Clayderman","2006","Richard Clayderman","0669483c-a580-4122-85be-1404132e0d09"
"2818","Io Che Non Vivo (Senza Te)","Richard Clayderman","2006","2006","","Album","3","10","CD","185000","Richard Clayderman","2006","Richard Clayderman","0669483c-a580-4122-85be-1404132e0d09"
"2819","Bridge Over Troubled Water","Richard Clayderman","2006","2006","","Album","3","11","CD","187000","Richard Clayderman","2006","Richard Clayderman","0669483c-a580-4122-85be-1404132e0d09"
"2820","Sing","Richard Clayderman","2006","2006","","Album","3","12","CD","222000","Richard Clayderman","2006","Richard Clayderman","0669483c-a580-4122-85be-1404132e0d09"
"2821","Chariots of Fire (From Chariots of Fire)","Richard Clayderman","2006","2006","","Album","3","13","CD","176000","Richard Clayderman","2006","Richard Clayderman","0669483c-a580-4122-85be-1404132e0d09"
"2822","Unchained Melody","Richard Clayderman","2006","2006","","Album","4","1","CD","185000","Richard Clayderman","2006","Richard Clayderman","0669483c-a580-4122-85be-1404132e0d09"
"2823","I Just Called to Say I Love You","Richard Clayderman","2006","2006","","Album","4","2","CD","222000","Richard Clayderman","2006","Richard Clayderman","0669483c-a580-4122-85be-1404132e0d09"
"2824","Se Todos Fossem Iguais a Você","Richard Clayderman","2006","2006","","Album","4","3","CD","235000","Richard Clayderman","2006","Richard Clayderman","0669483c-a580-4122-85be-1404132e0d09"
"2825","Eu Sei Que Vou Te Amar","Richard Clayderman","2006","2006","","Album","4","4","CD","215000","Richard Clayderman","2006","Richard Clayderman","0669483c-a580-4122-85be-1404132e0d09"
"2826","Four Seasons: Spring","Richard Clayderman","2006","2006","","Album","4","5","CD","174000","Richard Clayderman","2006","Richard Clayderman","0669483c-a580-4122-85be-1404132e0d09"
"2827","Adiós Pampa Mia","Richard Clayderman","2006","2006","","Album","4","6","CD","183000","Richard Clayderman","2006","Richard Clayderman","0669483c-a580-4122-85be-1404132e0d09"
"2828","There's a Kind of Hush","Richard Clayderman","2006","2006","","Album","4","7","CD","198000","Richard Clayderman","2006","Richard Clayderman","0669483c-a580-4122-85be-1404132e0d09"
"2829","Ballad Pour Adeline","Richard Clayderman","2006","2006","","Album","4","8","CD","157000","Richard Clayderman","2006","Richard Clayderman","0669483c-a580-4122-85be-1404132e0d09"
"2830","Love Is Blue","Richard Clayderman","2006","2006","","Album","4","9","CD","105000","Richard Clayderman","2006","Richard Clayderman","0669483c-a580-4122-85be-1404132e0d09"
"2831","Für Elise","Richard Clayderman","2006","2006","","Album","4","10","CD","147000","Richard Clayderman","2006","Richard Clayderman","0669483c-a580-4122-85be-1404132e0d09"
"2832","La mer","Richard Clayderman","2006","2006","","Album","4","11","CD","194000","Richard Clayderman","2006","Richard Clayderman","0669483c-a580-4122-85be-1404132e0d09"
"2833","La vie en rose","Richard Clayderman","2006","2006","","Album","4","12","CD","156000","Richard Clayderman","2006","Richard Clayderman","0669483c-a580-4122-85be-1404132e0d09"
"2834","Aline","Richard Clayderman","2006","2006","","Album","4","13","CD","152000","Richard Clayderman","2006","Richard Clayderman","0669483c-a580-4122-85be-1404132e0d09"
"2835","Ballade pour Adeline (Paul de Senneville)","The Best 100","2006","2006","JP","Album","1","1","CD","108000","The Best 100","2006","Richard Clayderman","c8561539-7348-4d3a-a288-dc61ed8cd113"
"2836","Souvenirs d'enfance (Paul de Senneville)","The Best 100","2006","2006","JP","Album","1","2","CD","88000","The Best 100","2006","Richard Clayderman","c8561539-7348-4d3a-a288-dc61ed8cd113"
"2837","Triste coeur (Paul de Senneville)","The Best 100","2006","2006","JP","Album","1","3","CD","90000","The Best 100","2006","Richard Clayderman","c8561539-7348-4d3a-a288-dc61ed8cd113"
"2838","Eléana (Paul de Senneville)","The Best 100","2006","2006","JP","Album","1","4","CD","77000","The Best 100","2006","Richard Clayderman","c8561539-7348-4d3a-a288-dc61ed8cd113"
"2839","Concerto pour une jeune fille nommée ""je t'aime"" (Paul de Senneville)","The Best 100","2006","2006","JP","Album","1","5","CD","99000","The Best 100","2006","Richard Clayderman","c8561539-7348-4d3a-a288-dc61ed8cd113"
"2840","Lyphard melodie Paul de Senneville / Olivier Toussaint)","The Best 100","2006","2006","JP","Album","1","6","CD","99000","The Best 100","2006","Richard Clayderman","c8561539-7348-4d3a-a288-dc61ed8cd113"
"2841","A comme amour (Paul de Senneville / Olivier Toussaint)","The Best 100","2006","2006","JP","Album","1","7","CD","87000","The Best 100","2006","Richard Clayderman","c8561539-7348-4d3a-a288-dc61ed8cd113"
"2842","Serenade de l'etoile (Paul de Senneville)","The Best 100","2006","2006","JP","Album","1","8","CD","87000","The Best 100","2006","Richard Clayderman","c8561539-7348-4d3a-a288-dc61ed8cd113"
"2843","Coeur fragile (Paul de Senneville)","The Best 100","2006","2006","JP","Album","1","9","CD","90000","The Best 100","2006","Richard Clayderman","c8561539-7348-4d3a-a288-dc61ed8cd113"
"2844","Prince of the rising sun (Paul de Senneville)","The Best 100","2006","2006","JP","Album","1","10","CD","94000","The Best 100","2006","Richard Clayderman","c8561539-7348-4d3a-a288-dc61ed8cd113"
"2845","Lady Di (Paul de Senneville / Jean Baudlot)","The Best 100","2006","2006","JP","Album","1","11","CD","93000","The Best 100","2006","Richard Clayderman","c8561539-7348-4d3a-a288-dc61ed8cd113"
"2846","Voyage a Venise (Olivier Toussaint)","The Best 100","2006","2006","JP","Album","1","12","CD","90000","The Best 100","2006","Richard Clayderman","c8561539-7348-4d3a-a288-dc61ed8cd113"
"2847","Dolannes melodie (Paul de Senneville)","The Best 100","2006","2006","JP","Album","1","13","CD","94000","The Best 100","2006","Richard Clayderman","c8561539-7348-4d3a-a288-dc61ed8cd113"
"2848","Ping pong sous les arbres (Paul de Senneville / Olivier Toussaint)","The Best 100","2006","2006","JP","Album","1","14","CD","87000","The Best 100","2006","Richard Clayderman","c8561539-7348-4d3a-a288-dc61ed8cd113"
"2849","Smiling joey (Paul de Senneville)","The Best 100","2006","2006","JP","Album","1","15","CD","99000","The Best 100","2006","Richard Clayderman","c8561539-7348-4d3a-a288-dc61ed8cd113"
"2850","Rondo pour un tout petit enfant (Paul de Senneville)","The Best 100","2006","2006","JP","Album","1","16","CD","91000","The Best 100","2006","Richard Clayderman","c8561539-7348-4d3a-a288-dc61ed8cd113"
"2851","Lettre à ma Mère (Paul de Senneville)","The Best 100","2006","2006","JP","Album","1","17","CD","90000","The Best 100","2006","Richard Clayderman","c8561539-7348-4d3a-a288-dc61ed8cd113"
"2852","Nostalgy (Olivier Toussaint)","The Best 100","2006","2006","JP","Album","1","18","CD","98000","The Best 100","2006","Richard Clayderman","c8561539-7348-4d3a-a288-dc61ed8cd113"
"2853","Les premiers sourires de Vanessa (Paul de Senneville / Olivier Toussaint)","The Best 100","2006","2006","JP","Album","1","19","CD","83000","The Best 100","2006","Richard Clayderman","c8561539-7348-4d3a-a288-dc61ed8cd113"
"2854","Les feuilles mortes (Prevert)","The Best 100","2006","2006","JP","Album","1","20","CD","90000","The Best 100","2006","Richard Clayderman","c8561539-7348-4d3a-a288-dc61ed8cd113"
"2855","L'amour est bleu (Popp / Cour / Blackburn)","The Best 100","2006","2006","JP","Album","1","21","CD","103000","The Best 100","2006","Richard Clayderman","c8561539-7348-4d3a-a288-dc61ed8cd113"
"2856","Comme d'Habitude (Anka / Revaux / François / Thibaut)","The Best 100","2006","2006","JP","Album","1","22","CD","95000","The Best 100","2006","Richard Clayderman","c8561539-7348-4d3a-a288-dc61ed8cd113"
"2857","Ne me quitte pas (Brel)","The Best 100","2006","2006","JP","Album","1","23","CD","85000","The Best 100","2006","Richard Clayderman","c8561539-7348-4d3a-a288-dc61ed8cd113"
"2858","Io che non vivo (Pallavicini / Donaggio)","The Best 100","2006","2006","JP","Album","1","24","CD","99000","The Best 100","2006","Richard Clayderman","c8561539-7348-4d3a-a288-dc61ed8cd113"
"2859","Volare (Modugno / Migliacci)","The Best 100","2006","2006","JP","Album","1","25","CD","90000","The Best 100","2006","Richard Clayderman","c8561539-7348-4d3a-a288-dc61ed8cd113"
"2860","Greensleeves (Traditional - Arranged by Olivier Toussaint and Gérard Salesses)","The Best 100","2006","2006","JP","Album","1","26","CD","89000","The Best 100","2006","Richard Clayderman","c8561539-7348-4d3a-a288-dc61ed8cd113"
"2861","Besame mucho (Consuelo Velazquez)","The Best 100","2006","2006","JP","Album","1","27","CD","91000","The Best 100","2006","Richard Clayderman","c8561539-7348-4d3a-a288-dc61ed8cd113"
"2862","Brasil (Banaso)","The Best 100","2006","2006","JP","Album","1","28","CD","90000","The Best 100","2006","Richard Clayderman","c8561539-7348-4d3a-a288-dc61ed8cd113"
"2863","The girl from Ipanema (Jobim / Moraes)","The Best 100","2006","2006","JP","Album","1","29","CD","85000","The Best 100","2006","Richard Clayderman","c8561539-7348-4d3a-a288-dc61ed8cd113"
"2864","A media luz (Donato)","The Best 100","2006","2006","JP","Album","1","30","CD","90000","The Best 100","2006","Richard Clayderman","c8561539-7348-4d3a-a288-dc61ed8cd113"
"2865","La cumbarsita(Rodrigues / Contursi / Maroni)","The Best 100","2006","2006","JP","Album","1","31","CD","94000","The Best 100","2006","Richard Clayderman","c8561539-7348-4d3a-a288-dc61ed8cd113"
"2866","Begin the beguine (Porter)","The Best 100","2006","2006","JP","Album","1","32","CD","90000","The Best 100","2006","Richard Clayderman","c8561539-7348-4d3a-a288-dc61ed8cd113"
"2867","Strangers in paradise (Wright / Forest)","The Best 100","2006","2006","JP","Album","1","33","CD","93000","The Best 100","2006","Richard Clayderman","c8561539-7348-4d3a-a288-dc61ed8cd113"
"2868","Till (Danvers / Sigman)","The Best 100","2006","2006","JP","Album","1","34","CD","88000","The Best 100","2006","Richard Clayderman","c8561539-7348-4d3a-a288-dc61ed8cd113"
"2869","Unchained melody (Zaret / Mitchell / North)","The Best 100","2006","2006","JP","Album","1","35","CD","90000","The Best 100","2006","Richard Clayderman","c8561539-7348-4d3a-a288-dc61ed8cd113"
"2870","Top of the world (Bettis / Carpenter)","The Best 100","2006","2006","JP","Album","1","36","CD","87000","The Best 100","2006","Richard Clayderman","c8561539-7348-4d3a-a288-dc61ed8cd113"
"2871","Yesterday once more (Carpenter / Bettis)","The Best 100","2006","2006","JP","Album","1","37","CD","94000","The Best 100","2006","Richard Clayderman","c8561539-7348-4d3a-a288-dc61ed8cd113"
"2872","Une histoire d'amour (Love story) (Lai)","The Best 100","2006","2006","JP","Album","1","38","CD","90000","The Best 100","2006","Richard Clayderman","c8561539-7348-4d3a-a288-dc61ed8cd113"
"2873","Tara's theme from ""Gone with the wind"" (Steiner)","The Best 100","2006","2006","JP","Album","1","39","CD","92000","The Best 100","2006","Richard Clayderman","c8561539-7348-4d3a-a288-dc61ed8cd113"
"2874","Love is a many splendored thing (Fain / Webster)","The Best 100","2006","2006","JP","Album","1","40","CD","85000","The Best 100","2006","Richard Clayderman","c8561539-7348-4d3a-a288-dc61ed8cd113"
"2875","Waltzing Matilda (Traditional - Arranged by Olivier Toussaint and Gérard Salesses)","The Best 100","2006","2006","JP","Album","1","41","CD","92000","The Best 100","2006","Richard Clayderman","c8561539-7348-4d3a-a288-dc61ed8cd113"
"2876","Moon river (Mercer / Mancini)","The Best 100","2006","2006","JP","Album","1","42","CD","88000","The Best 100","2006","Richard Clayderman","c8561539-7348-4d3a-a288-dc61ed8cd113"
"2877","The shadow of your smile (Mandel / Webster)","The Best 100","2006","2006","JP","Album","1","43","CD","90000","The Best 100","2006","Richard Clayderman","c8561539-7348-4d3a-a288-dc61ed8cd113"
"2878","The way you were (Hamlisch / Bergman / Bergman)","The Best 100","2006","2006","JP","Album","1","44","CD","99000","The Best 100","2006","Richard Clayderman","c8561539-7348-4d3a-a288-dc61ed8cd113"
"2879","Un homme et un femme (Lai)","The Best 100","2006","2006","JP","Album","1","45","CD","88000","The Best 100","2006","Richard Clayderman","c8561539-7348-4d3a-a288-dc61ed8cd113"
"2880","Cavatina (Myers)","The Best 100","2006","2006","JP","Album","1","46","CD","90000","The Best 100","2006","Richard Clayderman","c8561539-7348-4d3a-a288-dc61ed8cd113"
"2881","Up where we belong (Nitzche / Jennings / Saint Marie)","The Best 100","2006","2006","JP","Album","1","47","CD","99000","The Best 100","2006","Richard Clayderman","c8561539-7348-4d3a-a288-dc61ed8cd113"
"2882","Chariots of fire (Vangelis)","The Best 100","2006","2006","JP","Album","1","48","CD","92000","The Best 100","2006","Richard Clayderman","c8561539-7348-4d3a-a288-dc61ed8cd113"
"2883","La ballata di sacco e vanzetti (Baez / Morricno)","The Best 100","2006","2006","JP","Album","1","49","CD","99000","The Best 100","2006","Richard Clayderman","c8561539-7348-4d3a-a288-dc61ed8cd113"
"2884","May it be (Enya / Ryan)","The Best 100","2006","2006","JP","Album","1","50","CD","99000","The Best 100","2006","Richard Clayderman","c8561539-7348-4d3a-a288-dc61ed8cd113"
"2885","Can't take my eyes off you (Valli)","The Best 100","2006","2006","JP","Album","2","1","CD","92000","The Best 100","2006","Richard Clayderman","c8561539-7348-4d3a-a288-dc61ed8cd113"
"2886","I will survive (Fekaris / Perrin)","The Best 100","2006","2006","JP","Album","2","2","CD","87000","The Best 100","2006","Richard Clayderman","c8561539-7348-4d3a-a288-dc61ed8cd113"
"2887","Night birds (Sharpe / Odel)","The Best 100","2006","2006","JP","Album","2","3","CD","95000","The Best 100","2006","Richard Clayderman","c8561539-7348-4d3a-a288-dc61ed8cd113"
"2888","We've only just begun (Williams / Nichols)","The Best 100","2006","2006","JP","Album","2","4","CD","94000","The Best 100","2006","Richard Clayderman","c8561539-7348-4d3a-a288-dc61ed8cd113"
"2889","Sing (Raposo)","The Best 100","2006","2006","JP","Album","2","5","CD","87000","The Best 100","2006","Richard Clayderman","c8561539-7348-4d3a-a288-dc61ed8cd113"
"2890","Dancing Queen (Andersson / Anderson / Ulvaeus)","The Best 100","2006","2006","JP","Album","2","6","CD","90000","The Best 100","2006","Richard Clayderman","c8561539-7348-4d3a-a288-dc61ed8cd113"
"2891","Chiquitita (Andersson / Ulvaeus)","The Best 100","2006","2006","JP","Album","2","7","CD","90000","The Best 100","2006","Richard Clayderman","c8561539-7348-4d3a-a288-dc61ed8cd113"
"2892","Waterloo (Andersson / Anderson / Ulvaeus)","The Best 100","2006","2006","JP","Album","2","8","CD","90000","The Best 100","2006","Richard Clayderman","c8561539-7348-4d3a-a288-dc61ed8cd113"
"2893","How deep is your love (Gibb / Gibb / Gibb)","The Best 100","2006","2006","JP","Album","2","9","CD","99000","The Best 100","2006","Richard Clayderman","c8561539-7348-4d3a-a288-dc61ed8cd113"
"2894","Cinema Paradiso (Morricone)","The Best 100","2006","2006","JP","Album","2","10","CD","72000","The Best 100","2006","Richard Clayderman","c8561539-7348-4d3a-a288-dc61ed8cd113"
"2895","Merry Christmas, Mr Lawrence (Sakamoto)","The Best 100","2006","2006","JP","Album","2","11","CD","92000","The Best 100","2006","Richard Clayderman","c8561539-7348-4d3a-a288-dc61ed8cd113"
"2896","Bilitis (Lai)","The Best 100","2006","2006","JP","Album","2","12","CD","94000","The Best 100","2006","Richard Clayderman","c8561539-7348-4d3a-a288-dc61ed8cd113"
"2897","Don't cry for me Argentina (Rice / Webber)","The Best 100","2006","2006","JP","Album","2","13","CD","97000","The Best 100","2006","Richard Clayderman","c8561539-7348-4d3a-a288-dc61ed8cd113"
"2898","Memory (Webber / Nunn / Eliott)","The Best 100","2006","2006","JP","Album","2","14","CD","90000","The Best 100","2006","Richard Clayderman","c8561539-7348-4d3a-a288-dc61ed8cd113"
"2899","Il y a toujours du soleil au-dessus des nuages (Paul de Senneville)","The Best 100","2006","2006","JP","Album","2","15","CD","90000","The Best 100","2006","Richard Clayderman","c8561539-7348-4d3a-a288-dc61ed8cd113"
"2900","Ballerina (Ron Last)","The Best 100","2006","2006","JP","Album","2","16","CD","94000","The Best 100","2006","Richard Clayderman","c8561539-7348-4d3a-a288-dc61ed8cd113"
"2901","Aliscia (Paul de Senneville / Olivier Toussaint)","The Best 100","2006","2006","JP","Album","2","17","CD","90000","The Best 100","2006","Richard Clayderman","c8561539-7348-4d3a-a288-dc61ed8cd113"
"2902","Quelques notes pour Anna (Paul de Senneville)","The Best 100","2006","2006","JP","Album","2","18","CD","97000","The Best 100","2006","Richard Clayderman","c8561539-7348-4d3a-a288-dc61ed8cd113"
"2903","Cavalleria Rusticana (Mascagni)","The Best 100","2006","2006","JP","Album","2","19","CD","87000","The Best 100","2006","Richard Clayderman","c8561539-7348-4d3a-a288-dc61ed8cd113"
"2904","Sleepy shores (Pearson)","The Best 100","2006","2006","JP","Album","2","20","CD","92000","The Best 100","2006","Richard Clayderman","c8561539-7348-4d3a-a288-dc61ed8cd113"
"2905","Clair de lune (Debussy)","The Best 100","2006","2006","JP","Album","2","21","CD","88000","The Best 100","2006","Richard Clayderman","c8561539-7348-4d3a-a288-dc61ed8cd113"
"2906","Gymnopedie (Satie)","The Best 100","2006","2006","JP","Album","2","22","CD","99000","The Best 100","2006","Richard Clayderman","c8561539-7348-4d3a-a288-dc61ed8cd113"
"2907","Danse Hongroise N°1 (Brahms)","The Best 100","2006","2006","JP","Album","2","23","CD","86000","The Best 100","2006","Richard Clayderman","c8561539-7348-4d3a-a288-dc61ed8cd113"
"2908","Danse du sabre (Khachaturian)","The Best 100","2006","2006","JP","Album","2","24","CD","98000","The Best 100","2006","Richard Clayderman","c8561539-7348-4d3a-a288-dc61ed8cd113"
"2909","Kalinka (Traditional - Arranged by Olivier Toussaint and Gérard Salesses)","The Best 100","2006","2006","JP","Album","2","25","CD","95000","The Best 100","2006","Richard Clayderman","c8561539-7348-4d3a-a288-dc61ed8cd113"
"2910","Muß i denn, muß i denn (Volksw / Trad)","The Best 100","2006","2006","JP","Album","2","26","CD","93000","The Best 100","2006","Richard Clayderman","c8561539-7348-4d3a-a288-dc61ed8cd113"
"2911","Shiretoko Ryojou (Morishigne)","The Best 100","2006","2006","JP","Album","2","27","CD","88000","The Best 100","2006","Richard Clayderman","c8561539-7348-4d3a-a288-dc61ed8cd113"
"2912","Aobajoukoiuta (Hoshima / Satch)","The Best 100","2006","2006","JP","Album","2","28","CD","90000","The Best 100","2006","Richard Clayderman","c8561539-7348-4d3a-a288-dc61ed8cd113"
"2913","Kitakamiyakyoku (Kituchi / Andoh)","The Best 100","2006","2006","JP","Album","2","29","CD","89000","The Best 100","2006","Richard Clayderman","c8561539-7348-4d3a-a288-dc61ed8cd113"
"2914","Natsuno Omoide (Ema / Nakata)","The Best 100","2006","2006","JP","Album","2","30","CD","92000","The Best 100","2006","Richard Clayderman","c8561539-7348-4d3a-a288-dc61ed8cd113"
"2915","Sakuragaino uta (Tsuchiya / Yasyu)","The Best 100","2006","2006","JP","Album","2","31","CD","90000","The Best 100","2006","Richard Clayderman","c8561539-7348-4d3a-a288-dc61ed8cd113"
"2916","Hana (Kina)","The Best 100","2006","2006","JP","Album","2","32","CD","95000","The Best 100","2006","Richard Clayderman","c8561539-7348-4d3a-a288-dc61ed8cd113"
"2917","Furusato (Takano / Okano)","The Best 100","2006","2006","JP","Album","2","33","CD","90000","The Best 100","2006","Richard Clayderman","c8561539-7348-4d3a-a288-dc61ed8cd113"
"2918","Koujouno Tsuki (Doi / Taki)","The Best 100","2006","2006","JP","Album","2","34","CD","89000","The Best 100","2006","Richard Clayderman","c8561539-7348-4d3a-a288-dc61ed8cd113"
"2919","Okuru Kotoba (Takeda / Chiba)","The Best 100","2006","2006","JP","Album","2","35","CD","90000","The Best 100","2006","Richard Clayderman","c8561539-7348-4d3a-a288-dc61ed8cd113"
"2920","Kampai (Nagabuchi)","The Best 100","2006","2006","JP","Album","2","36","CD","95000","The Best 100","2006","Richard Clayderman","c8561539-7348-4d3a-a288-dc61ed8cd113"
"2921","Fall in Love (Yukawa / Kobayashi)","The Best 100","2006","2006","JP","Album","2","37","CD","96000","The Best 100","2006","Richard Clayderman","c8561539-7348-4d3a-a288-dc61ed8cd113"
"2922","Gobangaino Marie (Aku / Tokura)","The Best 100","2006","2006","JP","Album","2","38","CD","89000","The Best 100","2006","Richard Clayderman","c8561539-7348-4d3a-a288-dc61ed8cd113"
"2923","Dango sankyodai (Uchino / Horie / Sato)","The Best 100","2006","2006","JP","Album","2","39","CD","87000","The Best 100","2006","Richard Clayderman","c8561539-7348-4d3a-a288-dc61ed8cd113"
"2924","Volevo un gatto nero (Pagano / Soricillo / Maresca)","The Best 100","2006","2006","JP","Album","2","40","CD","83000","The Best 100","2006","Richard Clayderman","c8561539-7348-4d3a-a288-dc61ed8cd113"
"2925","Kawano Nagareno youni (Akimoto / Mitake)","The Best 100","2006","2006","JP","Album","2","41","CD","95000","The Best 100","2006","Richard Clayderman","c8561539-7348-4d3a-a288-dc61ed8cd113"
"2926","Best friend (Tamashiro)","The Best 100","2006","2006","JP","Album","2","42","CD","98000","The Best 100","2006","Richard Clayderman","c8561539-7348-4d3a-a288-dc61ed8cd113"
"2927","Okina Furudokei (Henry Clay Work)","The Best 100","2006","2006","JP","Album","2","43","CD","95000","The Best 100","2006","Richard Clayderman","c8561539-7348-4d3a-a288-dc61ed8cd113"
"2928","Stars on the earth (Nakajima)","The Best 100","2006","2006","JP","Album","2","44","CD","95000","The Best 100","2006","Richard Clayderman","c8561539-7348-4d3a-a288-dc61ed8cd113"
"2929","Yozoranomukou (Kawamura)","The Best 100","2006","2006","JP","Album","2","45","CD","95000","The Best 100","2006","Richard Clayderman","c8561539-7348-4d3a-a288-dc61ed8cd113"
"2930","Tsunami (Kuwata)","The Best 100","2006","2006","JP","Album","2","46","CD","96000","The Best 100","2006","Richard Clayderman","c8561539-7348-4d3a-a288-dc61ed8cd113"
"2931","Everything (Matsumoto)","The Best 100","2006","2006","JP","Album","2","47","CD","99000","The Best 100","2006","Richard Clayderman","c8561539-7348-4d3a-a288-dc61ed8cd113"
"2932","Love song in the winter (Joon / Joon)","The Best 100","2006","2006","JP","Album","2","48","CD","99000","The Best 100","2006","Richard Clayderman","c8561539-7348-4d3a-a288-dc61ed8cd113"
"2933","Music box dancer (Mills)","The Best 100","2006","2006","JP","Album","2","49","CD","99000","The Best 100","2006","Richard Clayderman","c8561539-7348-4d3a-a288-dc61ed8cd113"
"2934","Con te partiro (Sartoni / Quaranmoto)","The Best 100","2006","2006","JP","Album","2","50","CD","99000","The Best 100","2006","Richard Clayderman","c8561539-7348-4d3a-a288-dc61ed8cd113"
"2935","Since I Fell for You","The Entertainers","2006","2006","XW","Album","1","1","DVD-Video","135000","The Entertainers","2006","Tom Jones","3b1d8c84-e37d-41a5-9a27-db106fbc6250"
"2936","Yesterday","The Entertainers","2006","2006","XW","Album","1","2","DVD-Video","200000","The Entertainers","2006","Tom Jones","3b1d8c84-e37d-41a5-9a27-db106fbc6250"
"2937","My Way","The Entertainers","2006","2006","XW","Album","1","3","DVD-Video","245000","The Entertainers","2006","Tom Jones","3b1d8c84-e37d-41a5-9a27-db106fbc6250"
"2938","If I Ruled the World","The Entertainers","2006","2006","XW","Album","1","4","DVD-Video","185000","The Entertainers","2006","Tom Jones","3b1d8c84-e37d-41a5-9a27-db106fbc6250"
"2939","She Believes in Me","The Entertainers","2006","2006","XW","Album","1","5","DVD-Video","240000","The Entertainers","2006","Tom Jones","3b1d8c84-e37d-41a5-9a27-db106fbc6250"
"2940","Nights on Broadway","The Entertainers","2006","2006","XW","Album","1","6","DVD-Video","157000","The Entertainers","2006","Tom Jones duet with Paul Anka","3b1d8c84-e37d-41a5-9a27-db106fbc6250"
"2941","Spanish Harlem","The Entertainers","2006","2006","XW","Album","1","7","DVD-Video","146000","The Entertainers","2006","Tom Jones","3b1d8c84-e37d-41a5-9a27-db106fbc6250"
"2942","Funny How Time Slips Away","The Entertainers","2006","2006","XW","Album","1","8","DVD-Video","171000","The Entertainers","2006","Tom Jones","3b1d8c84-e37d-41a5-9a27-db106fbc6250"
"2943","Behind Closed Doors","The Entertainers","2006","2006","XW","Album","1","9","DVD-Video","181000","The Entertainers","2006","Tom Jones","3b1d8c84-e37d-41a5-9a27-db106fbc6250"
"2944","The Most Beautiful Girl in the World","The Entertainers","2006","2006","XW","Album","1","10","DVD-Video","164000","The Entertainers","2006","Tom Jones","3b1d8c84-e37d-41a5-9a27-db106fbc6250"
"2945","Unchained Melody","The Entertainers","2006","2006","XW","Album","1","11","DVD-Video","238000","The Entertainers","2006","Tom Jones","3b1d8c84-e37d-41a5-9a27-db106fbc6250"
"2946","If Ever I Should Leave You","The Entertainers","2006","2006","XW","Album","1","12","DVD-Video","204000","The Entertainers","2006","Tom Jones","3b1d8c84-e37d-41a5-9a27-db106fbc6250"
"2947","The Long and Winding Road","The Entertainers","2006","2006","XW","Album","1","13","DVD-Video","158000","The Entertainers","2006","Tom Jones","3b1d8c84-e37d-41a5-9a27-db106fbc6250"
"2948","Too Much, Too Little, Too Late","The Entertainers","2006","2006","XW","Album","1","14","DVD-Video","187000","The Entertainers","2006","Tom Jones duet with Deniece Williams","3b1d8c84-e37d-41a5-9a27-db106fbc6250"
"2949","Take It to the Limit","The Entertainers","2006","2006","XW","Album","1","15","DVD-Video","163000","The Entertainers","2006","Tom Jones","3b1d8c84-e37d-41a5-9a27-db106fbc6250"
"2950","Help Me Make It Through the Night","The Entertainers","2006","2006","XW","Album","1","16","DVD-Video","199000","The Entertainers","2006","Tom Jones","3b1d8c84-e37d-41a5-9a27-db106fbc6250"
"2951","Green Green Grass of Home","The Entertainers","2006","2006","XW","Album","1","17","DVD-Video","160000","The Entertainers","2006","Tom Jones","3b1d8c84-e37d-41a5-9a27-db106fbc6250"
"2952","Danny Boy","The Entertainers","2006","2006","XW","Album","1","18","DVD-Video","190000","The Entertainers","2006","Tom Jones","3b1d8c84-e37d-41a5-9a27-db106fbc6250"
"2953","I Write the Songs","The Entertainers","2006","2006","XW","Album","1","19","DVD-Video","221000","The Entertainers","2006","Tom Jones","3b1d8c84-e37d-41a5-9a27-db106fbc6250"
"2954","As Time Goes By","The Entertainers","2006","2006","XW","Album","1","20","DVD-Video","186000","The Entertainers","2006","Tom Jones","3b1d8c84-e37d-41a5-9a27-db106fbc6250"
"2955","Over the Rainbow","The Entertainers","2006","2006","XW","Album","1","21","DVD-Video","178000","The Entertainers","2006","Tom Jones","3b1d8c84-e37d-41a5-9a27-db106fbc6250"
"2956","Let It Be","The Entertainers","2006","2006","XW","Album","1","22","DVD-Video","193000","The Entertainers","2006","Tom Jones","3b1d8c84-e37d-41a5-9a27-db106fbc6250"
"2957","All by Myself","The Entertainers","2006","2006","XW","Album","1","23","DVD-Video","195000","The Entertainers","2006","Tom Jones","3b1d8c84-e37d-41a5-9a27-db106fbc6250"
"2958","Please Release Me","The Entertainers","2006","2006","XW","Album","1","24","DVD-Video","149000","The Entertainers","2006","Tom Jones","3b1d8c84-e37d-41a5-9a27-db106fbc6250"
"2959","Georgia on My Mind","The Entertainers","2006","2006","XW","Album","1","25","DVD-Video","229000","The Entertainers","2006","Tom Jones","3b1d8c84-e37d-41a5-9a27-db106fbc6250"
"2960","I Who Have Nothing","The Entertainers","2006","2006","XW","Album","1","26","DVD-Video","168000","The Entertainers","2006","Tom Jones","3b1d8c84-e37d-41a5-9a27-db106fbc6250"
"2961","I Can’t Stop Loving You","The Entertainers","2006","2006","XW","Album","1","27","DVD-Video","210000","The Entertainers","2006","Tom Jones","3b1d8c84-e37d-41a5-9a27-db106fbc6250"
"2962","You Are My World","The Entertainers","2006","2006","XW","Album","1","28","DVD-Video","210000","The Entertainers","2006","Tom Jones","3b1d8c84-e37d-41a5-9a27-db106fbc6250"
"2963","Bridge Over Troubled Water","The Entertainers","2006","2006","XW","Album","1","29","DVD-Video","201000","The Entertainers","2006","Tom Jones","3b1d8c84-e37d-41a5-9a27-db106fbc6250"
"2964","You’ve Lost That Loving Feeling","The Entertainers","2006","2006","XW","Album","1","30","DVD-Video","202000","The Entertainers","2006","Tom Jones","3b1d8c84-e37d-41a5-9a27-db106fbc6250"
"2965","You Don’t Have to Say You Love Me","The Entertainers","2006","2006","XW","Album","1","31","DVD-Video","179000","The Entertainers","2006","Tom Jones","3b1d8c84-e37d-41a5-9a27-db106fbc6250"
"2966","I Know I’ll Never Love This Way Again","The Entertainers","2006","2006","XW","Album","1","32","DVD-Video","198000","The Entertainers","2006","Tom Jones","3b1d8c84-e37d-41a5-9a27-db106fbc6250"
"2967","Without Love I Have Nothing","The Entertainers","2006","2006","XW","Album","1","33","DVD-Video","168000","The Entertainers","2006","Tom Jones","3b1d8c84-e37d-41a5-9a27-db106fbc6250"
"2968","Send in the Clowns","The Entertainers","2006","2006","XW","Album","1","34","DVD-Video","174000","The Entertainers","2006","Tom Jones","3b1d8c84-e37d-41a5-9a27-db106fbc6250"
"2969","Try a Little Tenderness","The Entertainers","2006","2006","XW","Album","1","35","DVD-Video","127000","The Entertainers","2006","Tom Jones","3b1d8c84-e37d-41a5-9a27-db106fbc6250"
"2970","White Cliffs of Dover","The Entertainers","2006","2006","XW","Album","1","36","DVD-Video","237000","The Entertainers","2006","Max Bygraves","3b1d8c84-e37d-41a5-9a27-db106fbc6250"
"2971","Medley: Kiss Me Goodnight Sergeant Major / Run Rabbit / Ma I Miss Your Apple Pie / Bless ’em All","The Entertainers","2006","2006","XW","Album","1","37","DVD-Video","294000","The Entertainers","2006","Max Bygraves","3b1d8c84-e37d-41a5-9a27-db106fbc6250"
"2972","You’ll Never Know","The Entertainers","2006","2006","XW","Album","1","38","DVD-Video","263000","The Entertainers","2006","Max Bygraves","3b1d8c84-e37d-41a5-9a27-db106fbc6250"
"2973","I’ll Be Seeing You","The Entertainers","2006","2006","XW","Album","1","39","DVD-Video","228000","The Entertainers","2006","Max Bygraves","3b1d8c84-e37d-41a5-9a27-db106fbc6250"
"2974","Medley: Oh Johnny, Oh Johnny / We’re Gonna Hang Out the Washing on the Siegfried Line / I’ve Got Sixpence / Wish Me Luck as You Wave Me Goodbye","The Entertainers","2006","2006","XW","Album","1","40","DVD-Video","262000","The Entertainers","2006","Max Bygraves","3b1d8c84-e37d-41a5-9a27-db106fbc6250"
"2975","Medley: Apple Blossom Time / Who’s Taking You Home Tonight / The Last All Clear / Anniversary Waltz","The Entertainers","2006","2006","XW","Album","1","41","DVD-Video","306000","The Entertainers","2006","Max Bygraves","3b1d8c84-e37d-41a5-9a27-db106fbc6250"
"2976","What More Can I Say","The Entertainers","2006","2006","XW","Album","1","42","DVD-Video","156000","The Entertainers","2006","Max Bygraves","3b1d8c84-e37d-41a5-9a27-db106fbc6250"
"2977","A Nightingale Sang in Berkeley Square","The Entertainers","2006","2006","XW","Album","1","43","DVD-Video","236000","The Entertainers","2006","Max Bygraves","3b1d8c84-e37d-41a5-9a27-db106fbc6250"
"2978","Medley: Maybe / Do I Worry / I Don’t Want to Set the World on Fire / Whispering Grass","The Entertainers","2006","2006","XW","Album","1","44","DVD-Video","352000","The Entertainers","2006","Max Bygraves","3b1d8c84-e37d-41a5-9a27-db106fbc6250"
"2979","Medley: If I Had My Way / I Don’t Wanna Walk Without You Baby / Lili Marlene / Music Maestro Please","The Entertainers","2006","2006","XW","Album","1","45","DVD-Video","229000","The Entertainers","2006","Max Bygraves","3b1d8c84-e37d-41a5-9a27-db106fbc6250"
"2980","Medley: Good Morning, Good Morning / Jingle Jangle Jingle / You Are My Sunshine / Let’s Have Another One","The Entertainers","2006","2006","XW","Album","1","46","DVD-Video","217000","The Entertainers","2006","Max Bygraves","3b1d8c84-e37d-41a5-9a27-db106fbc6250"
"2981","We’ll Meet Again","The Entertainers","2006","2006","XW","Album","1","47","DVD-Video","284000","The Entertainers","2006","Max Bygraves","3b1d8c84-e37d-41a5-9a27-db106fbc6250"
"2982","“Memories Are Made of This” Trailer","The Entertainers","2006","2006","XW","Album","1","48","DVD-Video","207000","The Entertainers","2006","Val Doonican","3b1d8c84-e37d-41a5-9a27-db106fbc6250"
"2983","I Get Lonely","The Entertainers","2006","2006","XW","Album","2","1","DVD-Video","169000","The Entertainers","2006","Engelbert Humperdinck","3b1d8c84-e37d-41a5-9a27-db106fbc6250"
"2984","This Moment in Time","The Entertainers","2006","2006","XW","Album","2","2","DVD-Video","172000","The Entertainers","2006","Engelbert Humperdinck","3b1d8c84-e37d-41a5-9a27-db106fbc6250"
"2985","Still","The Entertainers","2006","2006","XW","Album","2","3","DVD-Video","231000","The Entertainers","2006","Engelbert Humperdinck","3b1d8c84-e37d-41a5-9a27-db106fbc6250"
"2986","The Wanderer","The Entertainers","2006","2006","XW","Album","2","4","DVD-Video","155000","The Entertainers","2006","Engelbert Humperdinck","3b1d8c84-e37d-41a5-9a27-db106fbc6250"
"2987","After the Loving","The Entertainers","2006","2006","XW","Album","2","5","DVD-Video","200000","The Entertainers","2006","Engelbert Humperdinck","3b1d8c84-e37d-41a5-9a27-db106fbc6250"
"2988","Please Release Me","The Entertainers","2006","2006","XW","Album","2","6","DVD-Video","175000","The Entertainers","2006","Engelbert Humperdinck","3b1d8c84-e37d-41a5-9a27-db106fbc6250"
"2989","Give Me the Moonlight","The Entertainers","2006","2006","XW","Album","2","7","DVD-Video","11000","The Entertainers","2006","Engelbert Humperdinck","3b1d8c84-e37d-41a5-9a27-db106fbc6250"
"2990","Hurry Home","The Entertainers","2006","2006","XW","Album","2","8","DVD-Video","45000","The Entertainers","2006","Engelbert Humperdinck","3b1d8c84-e37d-41a5-9a27-db106fbc6250"
"2991","Tap Dance","The Entertainers","2006","2006","XW","Album","2","9","DVD-Video","27000","The Entertainers","2006","Engelbert Humperdinck","3b1d8c84-e37d-41a5-9a27-db106fbc6250"
"2992","If You Love Me","The Entertainers","2006","2006","XW","Album","2","10","DVD-Video","252000","The Entertainers","2006","Engelbert Humperdinck","3b1d8c84-e37d-41a5-9a27-db106fbc6250"
"2993","EHO","The Entertainers","2006","2006","XW","Album","2","11","DVD-Video","518000","The Entertainers","2006","EHO","3b1d8c84-e37d-41a5-9a27-db106fbc6250"
"2994","I Can’t Help Myself","The Entertainers","2006","2006","XW","Album","2","12","DVD-Video","251000","The Entertainers","2006","Engelbert Humperdinck","3b1d8c84-e37d-41a5-9a27-db106fbc6250"
"2995","Wild Thing","The Entertainers","2006","2006","XW","Album","2","13","DVD-Video","40000","The Entertainers","2006","Engelbert Humperdinck","3b1d8c84-e37d-41a5-9a27-db106fbc6250"
"2996","Step Into My Life","The Entertainers","2006","2006","XW","Album","2","14","DVD-Video","229000","The Entertainers","2006","Engelbert Humperdinck","3b1d8c84-e37d-41a5-9a27-db106fbc6250"
"2997","What Am I Going to Do Without You","The Entertainers","2006","2006","XW","Album","2","15","DVD-Video","53000","The Entertainers","2006","Engelbert Humperdinck","3b1d8c84-e37d-41a5-9a27-db106fbc6250"
"2998","The Green, Green Grass of Home","The Entertainers","2006","2006","XW","Album","2","16","DVD-Video","24000","The Entertainers","2006","Engelbert Humperdinck","3b1d8c84-e37d-41a5-9a27-db106fbc6250"
"2999","Someone to Love","The Entertainers","2006","2006","XW","Album","2","17","DVD-Video","228000","The Entertainers","2006","Engelbert Humperdinck","3b1d8c84-e37d-41a5-9a27-db106fbc6250"
"3000","Love Is All","The Entertainers","2006","2006","XW","Album","2","18","DVD-Video","132000","The Entertainers","2006","Engelbert Humperdinck","3b1d8c84-e37d-41a5-9a27-db106fbc6250"
"3001","Les Bicyclettes","The Entertainers","2006","2006","XW","Album","2","19","DVD-Video","83000","The Entertainers","2006","Engelbert Humperdinck","3b1d8c84-e37d-41a5-9a27-db106fbc6250"
"3002","Quando Quando Quando","The Entertainers","2006","2006","XW","Album","2","20","DVD-Video","79000","The Entertainers","2006","Engelbert Humperdinck","3b1d8c84-e37d-41a5-9a27-db106fbc6250"
"3003","There Goes My Everything","The Entertainers","2006","2006","XW","Album","2","21","DVD-Video","93000","The Entertainers","2006","Engelbert Humperdinck","3b1d8c84-e37d-41a5-9a27-db106fbc6250"
"3004","Spanish Eyes","The Entertainers","2006","2006","XW","Album","2","22","DVD-Video","122000","The Entertainers","2006","Engelbert Humperdinck","3b1d8c84-e37d-41a5-9a27-db106fbc6250"
"3005","The Last Waltz","The Entertainers","2006","2006","XW","Album","2","23","DVD-Video","128000","The Entertainers","2006","Engelbert Humperdinck","3b1d8c84-e37d-41a5-9a27-db106fbc6250"
"3006","I Believe","The Entertainers","2006","2006","XW","Album","2","24","DVD-Video","213000","The Entertainers","2006","Engelbert Humperdinck","3b1d8c84-e37d-41a5-9a27-db106fbc6250"
"3007","My Land","The Entertainers","2006","2006","XW","Album","2","25","DVD-Video","222000","The Entertainers","2006","Val Doonican","3b1d8c84-e37d-41a5-9a27-db106fbc6250"
"3008","Memories Are Made of This","The Entertainers","2006","2006","XW","Album","2","26","DVD-Video","222000","The Entertainers","2006","Val Doonican","3b1d8c84-e37d-41a5-9a27-db106fbc6250"
"3009","Just the Way You Are","The Entertainers","2006","2006","XW","Album","2","27","DVD-Video","241000","The Entertainers","2006","Val Doonican","3b1d8c84-e37d-41a5-9a27-db106fbc6250"
"3010","The Sun Always Shines When You’re Young","The Entertainers","2006","2006","XW","Album","2","28","DVD-Video","178000","The Entertainers","2006","Val Doonican","3b1d8c84-e37d-41a5-9a27-db106fbc6250"
"3011","Beautiful Dreamer","The Entertainers","2006","2006","XW","Album","2","29","DVD-Video","203000","The Entertainers","2006","Val Doonican","3b1d8c84-e37d-41a5-9a27-db106fbc6250"
"3012","Ring of Bright Water","The Entertainers","2006","2006","XW","Album","2","30","DVD-Video","217000","The Entertainers","2006","Val Doonican","3b1d8c84-e37d-41a5-9a27-db106fbc6250"
"3013","Isle of Innisfree","The Entertainers","2006","2006","XW","Album","2","31","DVD-Video","231000","The Entertainers","2006","Val Doonican","3b1d8c84-e37d-41a5-9a27-db106fbc6250"
"3014","Young at Heart","The Entertainers","2006","2006","XW","Album","2","32","DVD-Video","226000","The Entertainers","2006","Val Doonican","3b1d8c84-e37d-41a5-9a27-db106fbc6250"
"3015","September Song","The Entertainers","2006","2006","XW","Album","2","33","DVD-Video","196000","The Entertainers","2006","Val Doonican","3b1d8c84-e37d-41a5-9a27-db106fbc6250"
"3016","Wonderful World","The Entertainers","2006","2006","XW","Album","2","34","DVD-Video","197000","The Entertainers","2006","Val Doonican","3b1d8c84-e37d-41a5-9a27-db106fbc6250"
"3017","Little Bridget Flynn","The Entertainers","2006","2006","XW","Album","2","35","DVD-Video","236000","The Entertainers","2006","Val Doonican","3b1d8c84-e37d-41a5-9a27-db106fbc6250"
"3018","Somewhere Out There","The Entertainers","2006","2006","XW","Album","2","36","DVD-Video","298000","The Entertainers","2006","Lynn Clare & Val Doonican","3b1d8c84-e37d-41a5-9a27-db106fbc6250"
"3019","Spanish Lady","The Entertainers","2006","2006","XW","Album","2","37","DVD-Video","184000","The Entertainers","2006","Val Doonican","3b1d8c84-e37d-41a5-9a27-db106fbc6250"
"3020","Try to Remember","The Entertainers","2006","2006","XW","Album","2","38","DVD-Video","342000","The Entertainers","2006","Val Doonican","3b1d8c84-e37d-41a5-9a27-db106fbc6250"
"3021","Going Home","The Entertainers","2006","2006","XW","Album","3","1","DVD-Video","3507000","The Entertainers","2006","Kenny Rogers","3b1d8c84-e37d-41a5-9a27-db106fbc6250"
"3022","Interview","The Entertainers","2006","2006","XW","Album","3","2","DVD-Video","307000","The Entertainers","2006","Richard Clayderman","3b1d8c84-e37d-41a5-9a27-db106fbc6250"
"3023","My Way","The Entertainers","2006","2006","XW","Album","3","3","DVD-Video","165000","The Entertainers","2006","Richard Clayderman","3b1d8c84-e37d-41a5-9a27-db106fbc6250"
"3024","Medley","The Entertainers","2006","2006","XW","Album","3","4","DVD-Video","435000","The Entertainers","2006","Richard Clayderman","3b1d8c84-e37d-41a5-9a27-db106fbc6250"
"3025","Les Oiseaux","The Entertainers","2006","2006","XW","Album","3","5","DVD-Video","260000","The Entertainers","2006","Richard Clayderman","3b1d8c84-e37d-41a5-9a27-db106fbc6250"
"3026","West Side Story Medley","The Entertainers","2006","2006","XW","Album","3","6","DVD-Video","373000","The Entertainers","2006","Richard Clayderman","3b1d8c84-e37d-41a5-9a27-db106fbc6250"
"3027","Vierge","The Entertainers","2006","2006","XW","Album","3","7","DVD-Video","218000","The Entertainers","2006","Richard Clayderman","3b1d8c84-e37d-41a5-9a27-db106fbc6250"
"3028","Masais","The Entertainers","2006","2006","XW","Album","3","8","DVD-Video","268000","The Entertainers","2006","Richard Clayderman","3b1d8c84-e37d-41a5-9a27-db106fbc6250"
"3029","You Are My World","The Entertainers","2006","2006","XW","Album","3","9","DVD-Video","257000","The Entertainers","2006","Richard Clayderman","3b1d8c84-e37d-41a5-9a27-db106fbc6250"
"3030","People","The Entertainers","2006","2006","XW","Album","3","10","DVD-Video","216000","The Entertainers","2006","Richard Clayderman","3b1d8c84-e37d-41a5-9a27-db106fbc6250"
"3031","Feelings","The Entertainers","2006","2006","XW","Album","3","11","DVD-Video","183000","The Entertainers","2006","Richard Clayderman","3b1d8c84-e37d-41a5-9a27-db106fbc6250"
"3032","La vie en rose","The Entertainers","2006","2006","XW","Album","3","12","DVD-Video","143000","The Entertainers","2006","Richard Clayderman","3b1d8c84-e37d-41a5-9a27-db106fbc6250"
"3033","Chariots of Fire","The Entertainers","2006","2006","XW","Album","3","13","DVD-Video","190000","The Entertainers","2006","Richard Clayderman","3b1d8c84-e37d-41a5-9a27-db106fbc6250"
"3034","Concerto pour une jeune fille","The Entertainers","2006","2006","XW","Album","3","14","DVD-Video","176000","The Entertainers","2006","Richard Clayderman","3b1d8c84-e37d-41a5-9a27-db106fbc6250"
"3035","Zanur","The Entertainers","2006","2006","XW","Album","3","15","DVD-Video","288000","The Entertainers","2006","Richard Clayderman","3b1d8c84-e37d-41a5-9a27-db106fbc6250"
"3036","Nostalgy","The Entertainers","2006","2006","XW","Album","3","16","DVD-Video","154000","The Entertainers","2006","Richard Clayderman","3b1d8c84-e37d-41a5-9a27-db106fbc6250"
"3037","Ballade pour Adeline","The Entertainers","2006","2006","XW","Album","3","17","DVD-Video","167000","The Entertainers","2006","Richard Clayderman","3b1d8c84-e37d-41a5-9a27-db106fbc6250"
"3038","Root Beer Rag","The Entertainers","2006","2006","XW","Album","3","18","DVD-Video","156000","The Entertainers","2006","Richard Clayderman","3b1d8c84-e37d-41a5-9a27-db106fbc6250"
"3039","We Are the World","The Entertainers","2006","2006","XW","Album","3","19","DVD-Video","178000","The Entertainers","2006","Richard Clayderman","3b1d8c84-e37d-41a5-9a27-db106fbc6250"
"3040","My Way 2006","From This Moment On","2006","2006-09-20","DE","Album","1","1","CD","186266","From This Moment On","2006","Richard Clayderman","e5d10ee8-2578-4c15-970c-f45da9262f87"
"3041","Lujon Beach","From This Moment On","2006","2006-09-20","DE","Album","1","2","CD","225093","From This Moment On","2006","Richard Clayderman","e5d10ee8-2578-4c15-970c-f45da9262f87"
"3042","Don't Know Why","From This Moment On","2006","2006-09-20","DE","Album","1","3","CD","179426","From This Moment On","2006","Richard Clayderman","e5d10ee8-2578-4c15-970c-f45da9262f87"
"3043","From This Moment On","From This Moment On","2006","2006-09-20","DE","Album","1","4","CD","231973","From This Moment On","2006","Richard Clayderman","e5d10ee8-2578-4c15-970c-f45da9262f87"
"3044","Can't Take My Eyes Off You","From This Moment On","2006","2006-09-20","DE","Album","1","5","CD","294040","From This Moment On","2006","Richard Clayderman","e5d10ee8-2578-4c15-970c-f45da9262f87"
"3045","The Windmills of Your Mind","From This Moment On","2006","2006-09-20","DE","Album","1","6","CD","261493","From This Moment On","2006","Richard Clayderman","e5d10ee8-2578-4c15-970c-f45da9262f87"
"3046","White Flag","From This Moment On","2006","2006-09-20","DE","Album","1","7","CD","210573","From This Moment On","2006","Richard Clayderman","e5d10ee8-2578-4c15-970c-f45da9262f87"
"3047","Nine Million Bicycles","From This Moment On","2006","2006-09-20","DE","Album","1","8","CD","197093","From This Moment On","2006","Richard Clayderman","e5d10ee8-2578-4c15-970c-f45da9262f87"
"3048","Goldfinger (Theme From James Bond)","From This Moment On","2006","2006-09-20","DE","Album","1","9","CD","177373","From This Moment On","2006","Richard Clayderman","e5d10ee8-2578-4c15-970c-f45da9262f87"
"3049","The 5 Angels of the New Millennium","From This Moment On","2006","2006-09-20","DE","Album","1","10","CD","210720","From This Moment On","2006","Richard Clayderman","e5d10ee8-2578-4c15-970c-f45da9262f87"
"3050","I Started a Joke","From This Moment On","2006","2006-09-20","DE","Album","1","11","CD","188560","From This Moment On","2006","Richard Clayderman","e5d10ee8-2578-4c15-970c-f45da9262f87"
"3051","Cinema Europa","From This Moment On","2006","2006-09-20","DE","Album","1","12","CD","173373","From This Moment On","2006","Richard Clayderman","e5d10ee8-2578-4c15-970c-f45da9262f87"
"3052","One Day You'll See","From This Moment On","2006","2006-09-20","DE","Album","1","13","CD","190773","From This Moment On","2006","Richard Clayderman","e5d10ee8-2578-4c15-970c-f45da9262f87"
"3053","You're Beautiful","From This Moment On","2006","2006-09-20","DE","Album","1","14","CD","171546","From This Moment On","2006","Richard Clayderman","e5d10ee8-2578-4c15-970c-f45da9262f87"
"3054","What Now My Love","From This Moment On","2006","2006-09-20","DE","Album","1","15","CD","190600","From This Moment On","2006","Richard Clayderman","e5d10ee8-2578-4c15-970c-f45da9262f87"
"3055","Main Theme From the Film ""Harry Potter""","From This Moment On","2006","2006-09-20","DE","Album","1","16","CD","232266","From This Moment On","2006","Richard Clayderman","e5d10ee8-2578-4c15-970c-f45da9262f87"
"3056","Poetic Sonatina (feat. Shao Rong)","From This Moment On","2006","2006-09-20","DE","Album","1","17","CD","185040","From This Moment On","2006","Richard Clayderman","e5d10ee8-2578-4c15-970c-f45da9262f87"
"3057","A Thousand Winds","A Thousand Winds","2007","2007","JP","Album","1","1","CD","186840","A Thousand Winds","2007","Richard Clayderman","2de743ea-4b46-471a-8426-d7ca332cb618"
"3058","Ballade Pour Adeline","A Thousand Winds","2007","2007","JP","Album","1","2","CD","157826","A Thousand Winds","2007","Richard Clayderman","2de743ea-4b46-471a-8426-d7ca332cb618"
"3059","Ave Maria","A Thousand Winds","2007","2007","JP","Album","1","3","CD","298440","A Thousand Winds","2007","Richard Clayderman","2de743ea-4b46-471a-8426-d7ca332cb618"
"3060","Angry Young Man","A Thousand Winds","2007","2007","JP","Album","1","4","CD","213320","A Thousand Winds","2007","Richard Clayderman","2de743ea-4b46-471a-8426-d7ca332cb618"
"3061","Lettre À Ma Mère","A Thousand Winds","2007","2007","JP","Album","1","5","CD","157693","A Thousand Winds","2007","Richard Clayderman","2de743ea-4b46-471a-8426-d7ca332cb618"
"3062","Healing Medley: Dolannes Melodie, Don't cry for me Argentina, Love Story","A Thousand Winds","2007","2007","JP","Album","1","6","CD","290560","A Thousand Winds","2007","Richard Clayderman","2de743ea-4b46-471a-8426-d7ca332cb618"
"3063","Medley: Fleurs Sauvages, Dans les jardins d'Espagne","A Thousand Winds","2007","2007","JP","Album","1","7","CD","226186","A Thousand Winds","2007","Richard Clayderman","2de743ea-4b46-471a-8426-d7ca332cb618"
"3064","Lyphard Melody","A Thousand Winds","2007","2007","JP","Album","1","8","CD","135720","A Thousand Winds","2007","Richard Clayderman","2de743ea-4b46-471a-8426-d7ca332cb618"
"3065","A Comme Amour","A Thousand Winds","2007","2007","JP","Album","1","9","CD","176293","A Thousand Winds","2007","Richard Clayderman","2de743ea-4b46-471a-8426-d7ca332cb618"
"3066","Et I'on N'y Peut Rien","A Thousand Winds","2007","2007","JP","Album","1","10","CD","225426","A Thousand Winds","2007","Richard Clayderman","2de743ea-4b46-471a-8426-d7ca332cb618"
"3067","Ne Dis Rien Je T'aime","A Thousand Winds","2007","2007","JP","Album","1","11","CD","224000","A Thousand Winds","2007","Richard Clayderman","2de743ea-4b46-471a-8426-d7ca332cb618"
"3068","Give A Little Time To Your Love","A Thousand Winds","2007","2007","JP","Album","1","12","CD","212440","A Thousand Winds","2007","Richard Clayderman","2de743ea-4b46-471a-8426-d7ca332cb618"
"3069","Fleurs Sauvages Dans l'océan","A Thousand Winds","2007","2007","JP","Album","1","13","CD","252480","A Thousand Winds","2007","Richard Clayderman","2de743ea-4b46-471a-8426-d7ca332cb618"
"3070","A Bout De Souffle [Blue Rondo A La Turk]","A Thousand Winds","2007","2007","JP","Album","1","14","CD","299800","A Thousand Winds","2007","Richard Clayderman","2de743ea-4b46-471a-8426-d7ca332cb618"
"3071","Nostalgy","A Thousand Winds","2007","2007","JP","Album","1","15","CD","160440","A Thousand Winds","2007","Richard Clayderman","2de743ea-4b46-471a-8426-d7ca332cb618"
"3072","Root Beer Rag","A Thousand Winds","2007","2007","JP","Album","1","16","CD","162933","A Thousand Winds","2007","Richard Clayderman","2de743ea-4b46-471a-8426-d7ca332cb618"
"3073","Scotland: 800 years ago","A Thousand Winds","2007","2007","JP","Album","1","17","CD","244426","A Thousand Winds","2007","Richard Clayderman","2de743ea-4b46-471a-8426-d7ca332cb618"
"3074","Arabesque","A Thousand Winds","2007","2007","JP","Album","1","18","CD","273906","A Thousand Winds","2007","Richard Clayderman","2de743ea-4b46-471a-8426-d7ca332cb618"
"3075","Chariots Of Fire","A Thousand Winds","2007","2007","JP","Album","1","19","CD","182266","A Thousand Winds","2007","Richard Clayderman","2de743ea-4b46-471a-8426-d7ca332cb618"
"3076","From a Distance","Together at Last","2007","2007","GB","Album","1","1","CD","238000","Together at Last","1991","Richard Clayderman & James Last","4a927c4a-71b3-4f6b-84b4-42cd3c465e5a"
"3077","(Everything I Do) I Do It for You","Together at Last","2007","2007","GB","Album","1","2","CD","248000","Together at Last","1991","Richard Clayderman & James Last","4a927c4a-71b3-4f6b-84b4-42cd3c465e5a"
"3078","Sacrifice","Together at Last","2007","2007","GB","Album","1","3","CD","301000","Together at Last","1991","Richard Clayderman & James Last","4a927c4a-71b3-4f6b-84b4-42cd3c465e5a"
"3079","Moonfire","Together at Last","2007","2007","GB","Album","1","4","CD","248000","Together at Last","1991","Richard Clayderman & James Last","4a927c4a-71b3-4f6b-84b4-42cd3c465e5a"
"3080","Careless Whisper","Together at Last","2007","2007","GB","Album","1","5","CD","254000","Together at Last","1991","Richard Clayderman & James Last","4a927c4a-71b3-4f6b-84b4-42cd3c465e5a"
"3081","Crockett's Theme (From 'Chancer')","Together at Last","2007","2007","GB","Album","1","6","CD","259000","Together at Last","1991","Richard Clayderman & James Last","4a927c4a-71b3-4f6b-84b4-42cd3c465e5a"
"3082","Wind Beneath My Wings","Together at Last","2007","2007","GB","Album","1","7","CD","249000","Together at Last","1991","Richard Clayderman & James Last","4a927c4a-71b3-4f6b-84b4-42cd3c465e5a"
"3083","Any Dream Will Do","Together at Last","2007","2007","GB","Album","1","8","CD","226000","Together at Last","1991","Richard Clayderman & James Last","4a927c4a-71b3-4f6b-84b4-42cd3c465e5a"
"3084","Unchained Melody","Together at Last","2007","2007","GB","Album","1","9","CD","187000","Together at Last","1991","Richard Clayderman & James Last","4a927c4a-71b3-4f6b-84b4-42cd3c465e5a"
"3085","Indigo Bay","Together at Last","2007","2007","GB","Album","1","10","CD","241000","Together at Last","1991","Richard Clayderman & James Last","4a927c4a-71b3-4f6b-84b4-42cd3c465e5a"
"3086","Promise Me","Together at Last","2007","2007","GB","Album","1","11","CD","228000","Together at Last","1991","Richard Clayderman & James Last","4a927c4a-71b3-4f6b-84b4-42cd3c465e5a"
"3087","Reflections","Together at Last","2007","2007","GB","Album","1","12","CD","266000","Together at Last","1991","Richard Clayderman & James Last","4a927c4a-71b3-4f6b-84b4-42cd3c465e5a"
"3088","Candle in the Wind","Together at Last","2007","2007","GB","Album","1","13","CD","227000","Together at Last","1991","Richard Clayderman & James Last","4a927c4a-71b3-4f6b-84b4-42cd3c465e5a"
"3089","Dance of the Sufis - Instrumental","Confluence, Vol. 2","2008","2008-01-01","","Album","1","1","Digital Media","375946","Confluence, Vol. 2","2008","Rahul Sharma & Richard Clayderman","06e81bd9-b35e-4f3d-ada1-b141e989217a"
"3090","A Pure Flame of Love - Instrumental","Confluence, Vol. 2","2008","2008-01-01","","Album","1","2","Digital Media","338906","Confluence, Vol. 2","2008","Rahul Sharma & Richard Clayderman","06e81bd9-b35e-4f3d-ada1-b141e989217a"
"3091","The Chaser - Instrumental","Confluence, Vol. 2","2008","2008-01-01","","Album","1","3","Digital Media","314293","Confluence, Vol. 2","2008","Rahul Sharma & Richard Clayderman","06e81bd9-b35e-4f3d-ada1-b141e989217a"
"3092","Dance Avec ta Vie - Instrumental","Confluence, Vol. 2","2008","2008-01-01","","Album","1","4","Digital Media","280640","Confluence, Vol. 2","2008","Rahul Sharma & Richard Clayderman","06e81bd9-b35e-4f3d-ada1-b141e989217a"
"3093","Fragrant Night - Instrumental","Confluence, Vol. 2","2008","2008-01-01","","Album","1","5","Digital Media","261906","Confluence, Vol. 2","2008","Rahul Sharma & Richard Clayderman","06e81bd9-b35e-4f3d-ada1-b141e989217a"
"3094","Endless Love - Instrumental","Confluence, Vol. 2","2008","2008-01-01","","Album","1","6","Digital Media","344293","Confluence, Vol. 2","2008","Rahul Sharma & Richard Clayderman","06e81bd9-b35e-4f3d-ada1-b141e989217a"
"3095","Forbidden Dreams - Instrumental","Confluence, Vol. 2","2008","2008-01-01","","Album","1","7","Digital Media","422506","Confluence, Vol. 2","2008","Rahul Sharma & Richard Clayderman","06e81bd9-b35e-4f3d-ada1-b141e989217a"
"3096","Le Chant Des Algues - Instrumental","Confluence, Vol. 2","2008","2008-01-01","","Album","1","8","Digital Media","249120","Confluence, Vol. 2","2008","Rahul Sharma & Richard Clayderman","06e81bd9-b35e-4f3d-ada1-b141e989217a"
"3097","The Chase Continues - Instrumental","Confluence, Vol. 2","2008","2008-01-01","","Album","1","9","Digital Media","190986","Confluence, Vol. 2","2008","Rahul Sharma & Richard Clayderman","06e81bd9-b35e-4f3d-ada1-b141e989217a"
"3098","Ballade pour Adeline","Le Meilleur de Richard Clayderman","2010","2010","FR","Album","1","1","CD","156946","Le Meilleur de Richard Clayderman","2010","Richard Clayderman","ed9ce457-e86f-4526-bc13-6716645074db"
"3099","La vie en rose","Le Meilleur de Richard Clayderman","2010","2010","FR","Album","1","2","CD","158920","Le Meilleur de Richard Clayderman","2010","Richard Clayderman","ed9ce457-e86f-4526-bc13-6716645074db"
"3100","Valse n°2","Le Meilleur de Richard Clayderman","2010","2010","FR","Album","1","3","CD","223293","Le Meilleur de Richard Clayderman","2010","Richard Clayderman","ed9ce457-e86f-4526-bc13-6716645074db"
"3101","Indigo","Le Meilleur de Richard Clayderman","2010","2010","FR","Album","1","4","CD","236560","Le Meilleur de Richard Clayderman","2010","Richard Clayderman","ed9ce457-e86f-4526-bc13-6716645074db"
"3102","Tristesse","Le Meilleur de Richard Clayderman","2010","2010","FR","Album","1","5","CD","152013","Le Meilleur de Richard Clayderman","2010","Richard Clayderman","ed9ce457-e86f-4526-bc13-6716645074db"
"3103","Barcarolle","Le Meilleur de Richard Clayderman","2010","2010","FR","Album","1","6","CD","179813","Le Meilleur de Richard Clayderman","2010","Richard Clayderman","ed9ce457-e86f-4526-bc13-6716645074db"
"3104","Couleur tendresse","Le Meilleur de Richard Clayderman","2010","2010","FR","Album","1","7","CD","219013","Le Meilleur de Richard Clayderman","2010","Richard Clayderman","ed9ce457-e86f-4526-bc13-6716645074db"
"3105","Memory","Le Meilleur de Richard Clayderman","2010","2010","FR","Album","1","8","CD","327640","Le Meilleur de Richard Clayderman","2010","Richard Clayderman","ed9ce457-e86f-4526-bc13-6716645074db"
"3106","Adeline a grandi","Le Meilleur de Richard Clayderman","2010","2010","FR","Album","1","9","CD","176613","Le Meilleur de Richard Clayderman","2010","Richard Clayderman","ed9ce457-e86f-4526-bc13-6716645074db"
"3107","Lady di","Le Meilleur de Richard Clayderman","2010","2010","FR","Album","1","10","CD","154426","Le Meilleur de Richard Clayderman","2010","Richard Clayderman","ed9ce457-e86f-4526-bc13-6716645074db"
"3108","Chanson d'amour","Le Meilleur de Richard Clayderman","2010","2010","FR","Album","1","11","CD","179893","Le Meilleur de Richard Clayderman","2010","Richard Clayderman","ed9ce457-e86f-4526-bc13-6716645074db"
"3109","Beyond the Sea","Le Meilleur de Richard Clayderman","2010","2010","FR","Album","1","12","CD","193213","Le Meilleur de Richard Clayderman","2010","Richard Clayderman","ed9ce457-e86f-4526-bc13-6716645074db"
"3110","Lettre à ma mère","Le Meilleur de Richard Clayderman","2010","2010","FR","Album","1","13","CD","165266","Le Meilleur de Richard Clayderman","2010","Richard Clayderman","ed9ce457-e86f-4526-bc13-6716645074db"
"3111","Song of Joy","Christmas Piano","2011","2011","HK","Album","1","1","CD","","Christmas Piano","2011","Richard Clayderman","73cc6a11-187f-4d33-b77d-b8c62881ffc7"
"3112","Silver Bells","Christmas Piano","2011","2011","HK","Album","1","2","CD","","Christmas Piano","2011","Richard Clayderman","73cc6a11-187f-4d33-b77d-b8c62881ffc7"
"3113","White Christmas","Christmas Piano","2011","2011","HK","Album","1","3","CD","","Christmas Piano","2011","Richard Clayderman","73cc6a11-187f-4d33-b77d-b8c62881ffc7"
"3114","Ave Maria","Christmas Piano","2011","2011","HK","Album","1","4","CD","","Christmas Piano","2011","Richard Clayderman","73cc6a11-187f-4d33-b77d-b8c62881ffc7"
"3115","Christmas Concerto","Christmas Piano","2011","2011","HK","Album","1","5","CD","","Christmas Piano","2011","Richard Clayderman","73cc6a11-187f-4d33-b77d-b8c62881ffc7"
"3116","Jingle Bells","Christmas Piano","2011","2011","HK","Album","1","6","CD","","Christmas Piano","2011","Richard Clayderman","73cc6a11-187f-4d33-b77d-b8c62881ffc7"
"3117","Sleigh Bells (Traditional)","Christmas Piano","2011","2011","HK","Album","1","7","CD","","Christmas Piano","2011","Richard Clayderman","73cc6a11-187f-4d33-b77d-b8c62881ffc7"
"3118","Jesus Will Always Be My Joy","Christmas Piano","2011","2011","HK","Album","1","8","CD","","Christmas Piano","2011","Richard Clayderman","73cc6a11-187f-4d33-b77d-b8c62881ffc7"
"3119","Little Drummer Boy","Christmas Piano","2011","2011","HK","Album","1","9","CD","","Christmas Piano","2011","Richard Clayderman","73cc6a11-187f-4d33-b77d-b8c62881ffc7"
"3120","Rudolf the Red Nosed Reindeer","Christmas Piano","2011","2011","HK","Album","1","10","CD","","Christmas Piano","2011","Richard Clayderman","73cc6a11-187f-4d33-b77d-b8c62881ffc7"
"3121","Silent Night Holy Night","Christmas Piano","2011","2011","HK","Album","1","11","CD","","Christmas Piano","2011","Richard Clayderman","73cc6a11-187f-4d33-b77d-b8c62881ffc7"
"3122","White Christmas","Christmas With Clayderman","2011","2011-10-24","HK","Album","1","1","CD","","Christmas With Clayderman","2011","Richard Clayderman","7ab36dda-8058-4456-89cf-5a8877abf097"
"3123","Silent Night Holy Night","Christmas With Clayderman","2011","2011-10-24","HK","Album","1","2","CD","","Christmas With Clayderman","2011","Richard Clayderman","7ab36dda-8058-4456-89cf-5a8877abf097"
"3124","Ave Maria","Christmas With Clayderman","2011","2011-10-24","HK","Album","1","3","CD","","Christmas With Clayderman","2011","Richard Clayderman","7ab36dda-8058-4456-89cf-5a8877abf097"
"3125","Little Drummer Boy","Christmas With Clayderman","2011","2011-10-24","HK","Album","1","4","CD","","Christmas With Clayderman","2011","Richard Clayderman","7ab36dda-8058-4456-89cf-5a8877abf097"
"3126","Sleigh Bells","Christmas With Clayderman","2011","2011-10-24","HK","Album","1","5","CD","","Christmas With Clayderman","2011","Richard Clayderman","7ab36dda-8058-4456-89cf-5a8877abf097"
"3127","Jingle Bells","Christmas With Clayderman","2011","2011-10-24","HK","Album","1","6","CD","","Christmas With Clayderman","2011","Richard Clayderman","7ab36dda-8058-4456-89cf-5a8877abf097"
"3128","Jesus Will Always Be My Joy","Christmas With Clayderman","2011","2011-10-24","HK","Album","1","7","CD","","Christmas With Clayderman","2011","Richard Clayderman","7ab36dda-8058-4456-89cf-5a8877abf097"
"3129","Song of Joy","Christmas With Clayderman","2011","2011-10-24","HK","Album","1","8","CD","","Christmas With Clayderman","2011","Richard Clayderman","7ab36dda-8058-4456-89cf-5a8877abf097"
"3130","Rudolf the Red Nosed Reindeer","Christmas With Clayderman","2011","2011-10-24","HK","Album","1","9","CD","","Christmas With Clayderman","2011","Richard Clayderman","7ab36dda-8058-4456-89cf-5a8877abf097"
"3131","Silver Bells","Christmas With Clayderman","2011","2011-10-24","HK","Album","1","10","CD","","Christmas With Clayderman","2011","Richard Clayderman","7ab36dda-8058-4456-89cf-5a8877abf097"
"3132","Christmas Concerto","Christmas With Clayderman","2011","2011-10-24","HK","Album","1","11","CD","","Christmas With Clayderman","2011","Richard Clayderman","7ab36dda-8058-4456-89cf-5a8877abf097"
"3133","Medley o Tannenbaum / He Was Born the Holy Child","Christmas With Clayderman","2011","2011-10-24","HK","Album","1","12","CD","","Christmas With Clayderman","2011","Richard Clayderman","7ab36dda-8058-4456-89cf-5a8877abf097"
"3134","Medley the Candles Twinkle on the Christmas Tree / Heidschi-Bum-Beidschi Bum-Bum","Christmas With Clayderman","2011","2011-10-24","HK","Album","1","13","CD","","Christmas With Clayderman","2011","Richard Clayderman","7ab36dda-8058-4456-89cf-5a8877abf097"
"3135","Santa Claus Is Coming to Town","Christmas With Clayderman","2011","2011-10-24","HK","Album","1","14","CD","","Christmas With Clayderman","2011","Richard Clayderman","7ab36dda-8058-4456-89cf-5a8877abf097"
"3136","A felicidade","My Favourite Brazilian Melodies: Made in Brazil","2012","2012","BR","Album","1","1","CD","170440","My Favourite Brazilian Melodies: Made in Brazil","2012","Richard Clayderman","51df77c6-df9d-4078-8fe0-20c55e4e5cd2"
"3137","Águas de Março","My Favourite Brazilian Melodies: Made in Brazil","2012","2012","BR","Album","1","2","CD","174253","My Favourite Brazilian Melodies: Made in Brazil","2012","Richard Clayderman","51df77c6-df9d-4078-8fe0-20c55e4e5cd2"
"3138","Aquarelas (Acquarello)","My Favourite Brazilian Melodies: Made in Brazil","2012","2012","BR","Album","1","3","CD","228466","My Favourite Brazilian Melodies: Made in Brazil","2012","Richard Clayderman","51df77c6-df9d-4078-8fe0-20c55e4e5cd2"
"3139","As rosas não falam","My Favourite Brazilian Melodies: Made in Brazil","2012","2012","BR","Album","1","4","CD","178160","My Favourite Brazilian Melodies: Made in Brazil","2012","Richard Clayderman","51df77c6-df9d-4078-8fe0-20c55e4e5cd2"
"3140","Café da manhã","My Favourite Brazilian Melodies: Made in Brazil","2012","2012","BR","Album","1","5","CD","224066","My Favourite Brazilian Melodies: Made in Brazil","2012","Richard Clayderman","51df77c6-df9d-4078-8fe0-20c55e4e5cd2"
"3141","Casa no campo","My Favourite Brazilian Melodies: Made in Brazil","2012","2012","BR","Album","1","6","CD","149066","My Favourite Brazilian Melodies: Made in Brazil","2012","Richard Clayderman","51df77c6-df9d-4078-8fe0-20c55e4e5cd2"
"3142","Codinome beija-flor","My Favourite Brazilian Melodies: Made in Brazil","2012","2012","BR","Album","1","7","CD","233800","My Favourite Brazilian Melodies: Made in Brazil","2012","Richard Clayderman","51df77c6-df9d-4078-8fe0-20c55e4e5cd2"
"3143","Aquarela do Brasil","My Favourite Brazilian Melodies: Made in Brazil","2012","2012","BR","Album","1","8","CD","148986","My Favourite Brazilian Melodies: Made in Brazil","2012","Richard Clayderman","51df77c6-df9d-4078-8fe0-20c55e4e5cd2"
"3144","Como vai você","My Favourite Brazilian Melodies: Made in Brazil","2012","2012","BR","Album","1","9","CD","206573","My Favourite Brazilian Melodies: Made in Brazil","2012","Richard Clayderman","51df77c6-df9d-4078-8fe0-20c55e4e5cd2"
"3145","Corcovado","My Favourite Brazilian Melodies: Made in Brazil","2012","2012","BR","Album","1","10","CD","151240","My Favourite Brazilian Melodies: Made in Brazil","2012","Richard Clayderman","51df77c6-df9d-4078-8fe0-20c55e4e5cd2"
"3146","De volta para o aconchego","My Favourite Brazilian Melodies: Made in Brazil","2012","2012","BR","Album","1","11","CD","274960","My Favourite Brazilian Melodies: Made in Brazil","2012","Richard Clayderman","51df77c6-df9d-4078-8fe0-20c55e4e5cd2"
"3147","Detalhes","My Favourite Brazilian Melodies: Made in Brazil","2012","2012","BR","Album","1","12","CD","149733","My Favourite Brazilian Melodies: Made in Brazil","2012","Richard Clayderman","51df77c6-df9d-4078-8fe0-20c55e4e5cd2"
"3148","Disparada","My Favourite Brazilian Melodies: Made in Brazil","2012","2012","BR","Album","1","13","CD","248120","My Favourite Brazilian Melodies: Made in Brazil","2012","Richard Clayderman","51df77c6-df9d-4078-8fe0-20c55e4e5cd2"
"3149","Conceição","My Favourite Brazilian Melodies: Made in Brazil","2012","2012","BR","Album","2","1","CD","195666","My Favourite Brazilian Melodies: Made in Brazil","2012","Richard Clayderman","51df77c6-df9d-4078-8fe0-20c55e4e5cd2"
"3150","Medley bossa nova: Garota de ipanema (The Girl From Ipanema) / Desafinado / Samba de uma nota só (One Note Samba)","My Favourite Brazilian Melodies: Made in Brazil","2012","2012","BR","Album","2","2","CD","208000","My Favourite Brazilian Melodies: Made in Brazil","2012","Richard Clayderman","51df77c6-df9d-4078-8fe0-20c55e4e5cd2"
"3151","Na rua, na chuva, na fazenda (Casinha de sape)","My Favourite Brazilian Melodies: Made in Brazil","2012","2012","BR","Album","2","3","CD","181013","My Favourite Brazilian Melodies: Made in Brazil","2012","Richard Clayderman","51df77c6-df9d-4078-8fe0-20c55e4e5cd2"
"3152","Oceano","My Favourite Brazilian Melodies: Made in Brazil","2012","2012","BR","Album","2","4","CD","192213","My Favourite Brazilian Melodies: Made in Brazil","2012","Richard Clayderman","51df77c6-df9d-4078-8fe0-20c55e4e5cd2"
"3153","Romaria","My Favourite Brazilian Melodies: Made in Brazil","2012","2012","BR","Album","2","5","CD","181080","My Favourite Brazilian Melodies: Made in Brazil","2012","Richard Clayderman","51df77c6-df9d-4078-8fe0-20c55e4e5cd2"
"3154","Garota de Ipanema (The Girl From Ipanema)","My Favourite Brazilian Melodies: Made in Brazil","2012","2012","BR","Album","2","6","CD","180013","My Favourite Brazilian Melodies: Made in Brazil","2012","Richard Clayderman","51df77c6-df9d-4078-8fe0-20c55e4e5cd2"
"3155","Todo azul do mar","My Favourite Brazilian Melodies: Made in Brazil","2012","2012","BR","Album","2","7","CD","200853","My Favourite Brazilian Melodies: Made in Brazil","2012","Richard Clayderman","51df77c6-df9d-4078-8fe0-20c55e4e5cd2"
"3156","Um dia de domingo","My Favourite Brazilian Melodies: Made in Brazil","2012","2012","BR","Album","2","8","CD","297773","My Favourite Brazilian Melodies: Made in Brazil","2012","Richard Clayderman","51df77c6-df9d-4078-8fe0-20c55e4e5cd2"
"3157","Você é Linda","My Favourite Brazilian Melodies: Made in Brazil","2012","2012","BR","Album","2","9","CD","223760","My Favourite Brazilian Melodies: Made in Brazil","2012","Richard Clayderman","51df77c6-df9d-4078-8fe0-20c55e4e5cd2"
"3158","Começar de novo","My Favourite Brazilian Melodies: Made in Brazil","2012","2012","BR","Album","2","10","CD","207306","My Favourite Brazilian Melodies: Made in Brazil","2012","Richard Clayderman","51df77c6-df9d-4078-8fe0-20c55e4e5cd2"
"3159","Começaria tudo outra vez","My Favourite Brazilian Melodies: Made in Brazil","2012","2012","BR","Album","2","11","CD","218973","My Favourite Brazilian Melodies: Made in Brazil","2012","Richard Clayderman","51df77c6-df9d-4078-8fe0-20c55e4e5cd2"
"3160","Eu sei que vou te amar","My Favourite Brazilian Melodies: Made in Brazil","2012","2012","BR","Album","2","12","CD","214440","My Favourite Brazilian Melodies: Made in Brazil","2012","Richard Clayderman","51df77c6-df9d-4078-8fe0-20c55e4e5cd2"
"3161","Gimme! Gimme! Gimme!","The Best of ABBA","2012","2012","","Album","1","1","CD","239466","The Best of ABBA","2012","Richard Clayderman","3cc343c1-3a9d-45f7-9142-2052e21d60ed"
"3162","The Winner Takes It All","The Best of ABBA","2012","2012","","Album","1","2","CD","183093","The Best of ABBA","2012","Richard Clayderman","3cc343c1-3a9d-45f7-9142-2052e21d60ed"
"3163","Chiquitita","The Best of ABBA","2012","2012","","Album","1","3","CD","207200","The Best of ABBA","2012","Richard Clayderman","3cc343c1-3a9d-45f7-9142-2052e21d60ed"
"3164","Fernando","The Best of ABBA","2012","2012","","Album","1","4","CD","257200","The Best of ABBA","2012","Richard Clayderman","3cc343c1-3a9d-45f7-9142-2052e21d60ed"
"3165","Mamma Mia","The Best of ABBA","2012","2012","","Album","1","5","CD","191173","The Best of ABBA","2012","Richard Clayderman","3cc343c1-3a9d-45f7-9142-2052e21d60ed"
"3166","Dancing Queen","The Best of ABBA","2012","2012","","Album","1","6","CD","224226","The Best of ABBA","2012","Richard Clayderman","3cc343c1-3a9d-45f7-9142-2052e21d60ed"
"3167","I Have a Dream","The Best of ABBA","2012","2012","","Album","1","7","CD","189640","The Best of ABBA","2012","Richard Clayderman","3cc343c1-3a9d-45f7-9142-2052e21d60ed"
"3168","Super Trooper","The Best of ABBA","2012","2012","","Album","1","8","CD","270600","The Best of ABBA","2012","Richard Clayderman","3cc343c1-3a9d-45f7-9142-2052e21d60ed"
"3169","Knowing Me, Knowing You","The Best of ABBA","2012","2012","","Album","1","9","CD","253693","The Best of ABBA","2012","Richard Clayderman","3cc343c1-3a9d-45f7-9142-2052e21d60ed"
"3170","S.O.S.","The Best of ABBA","2012","2012","","Album","1","10","CD","250906","The Best of ABBA","2012","Richard Clayderman","3cc343c1-3a9d-45f7-9142-2052e21d60ed"
"3171","Money Money","The Best of ABBA","2012","2012","","Album","1","11","CD","221360","The Best of ABBA","2012","Richard Clayderman","3cc343c1-3a9d-45f7-9142-2052e21d60ed"
"3172","Waterloo","The Best of ABBA","2012","2012","","Album","1","12","CD","177440","The Best of ABBA","2012","Richard Clayderman","3cc343c1-3a9d-45f7-9142-2052e21d60ed"
"3173","All by Myself","The Most Romantic Songs","2012","2012","BR","Album","1","1","CD","190786","The Most Romantic Songs","2012","Richard Clayderman","821a181e-fe28-4d97-ae40-88bdc0b9de8d"
"3174","And I Love You So","The Most Romantic Songs","2012","2012","BR","Album","1","2","CD","151440","The Most Romantic Songs","2012","Richard Clayderman","821a181e-fe28-4d97-ae40-88bdc0b9de8d"
"3175","Another Day In Paradise","The Most Romantic Songs","2012","2012","BR","Album","1","3","CD","205240","The Most Romantic Songs","2012","Richard Clayderman","821a181e-fe28-4d97-ae40-88bdc0b9de8d"
"3176","As Time Goes By","The Most Romantic Songs","2012","2012","BR","Album","1","4","CD","140666","The Most Romantic Songs","2012","Richard Clayderman","821a181e-fe28-4d97-ae40-88bdc0b9de8d"
"3177","Bridge Over Trouble Water","The Most Romantic Songs","2012","2012","BR","Album","1","5","CD","185013","The Most Romantic Songs","2012","Richard Clayderman","821a181e-fe28-4d97-ae40-88bdc0b9de8d"
"3178","Candle in The Wind","The Most Romantic Songs","2012","2012","BR","Album","1","6","CD","187826","The Most Romantic Songs","2012","Richard Clayderman","821a181e-fe28-4d97-ae40-88bdc0b9de8d"
"3179","Careless Whispers","The Most Romantic Songs","2012","2012","BR","Album","1","7","CD","168293","The Most Romantic Songs","2012","Richard Clayderman","821a181e-fe28-4d97-ae40-88bdc0b9de8d"
"3180","Dust In The Wind","The Most Romantic Songs","2012","2012","BR","Album","1","8","CD","189666","The Most Romantic Songs","2012","Richard Clayderman","821a181e-fe28-4d97-ae40-88bdc0b9de8d"
"3181","Ebony and Ivory","The Most Romantic Songs","2012","2012","BR","Album","1","9","CD","165413","The Most Romantic Songs","2012","Richard Clayderman","821a181e-fe28-4d97-ae40-88bdc0b9de8d"
"3182","Everything I Do I Do It For You","The Most Romantic Songs","2012","2012","BR","Album","1","10","CD","245746","The Most Romantic Songs","2012","Richard Clayderman","821a181e-fe28-4d97-ae40-88bdc0b9de8d"
"3183","Everytime You Go Away","The Most Romantic Songs","2012","2012","BR","Album","1","11","CD","165920","The Most Romantic Songs","2012","Richard Clayderman","821a181e-fe28-4d97-ae40-88bdc0b9de8d"
"3184","Feelings","The Most Romantic Songs","2012","2012","BR","Album","1","12","CD","197786","The Most Romantic Songs","2012","Richard Clayderman","821a181e-fe28-4d97-ae40-88bdc0b9de8d"
"3185","Hello","The Most Romantic Songs","2012","2012","BR","Album","1","13","CD","188026","The Most Romantic Songs","2012","Richard Clayderman","821a181e-fe28-4d97-ae40-88bdc0b9de8d"
"3186","How Deep Is Your Love","The Most Romantic Songs","2012","2012","BR","Album","1","14","CD","227173","The Most Romantic Songs","2012","Richard Clayderman","821a181e-fe28-4d97-ae40-88bdc0b9de8d"
"3187","I Don't Want To Miss a Thing","The Most Romantic Songs","2012","2012","BR","Album","1","15","CD","270680","The Most Romantic Songs","2012","Richard Clayderman","821a181e-fe28-4d97-ae40-88bdc0b9de8d"
"3188","I Just Called To Say I Love You","The Most Romantic Songs","2012","2012","BR","Album","2","1","CD","222773","The Most Romantic Songs","2012","Richard Clayderman","821a181e-fe28-4d97-ae40-88bdc0b9de8d"
"3189","I Want To Know What Love Is","The Most Romantic Songs","2012","2012","BR","Album","2","2","CD","221920","The Most Romantic Songs","2012","Richard Clayderman","821a181e-fe28-4d97-ae40-88bdc0b9de8d"
"3190","I Will Always Love You","The Most Romantic Songs","2012","2012","BR","Album","2","3","CD","248306","The Most Romantic Songs","2012","Richard Clayderman","821a181e-fe28-4d97-ae40-88bdc0b9de8d"
"3191","Mandy","The Most Romantic Songs","2012","2012","BR","Album","2","4","CD","142093","The Most Romantic Songs","2012","Richard Clayderman","821a181e-fe28-4d97-ae40-88bdc0b9de8d"
"3192","My Heart Will Go On","The Most Romantic Songs","2012","2012","BR","Album","2","5","CD","222920","The Most Romantic Songs","2012","Richard Clayderman","821a181e-fe28-4d97-ae40-88bdc0b9de8d"
"3193","Only Yesterday","The Most Romantic Songs","2012","2012","BR","Album","2","6","CD","280106","The Most Romantic Songs","2012","Richard Clayderman","821a181e-fe28-4d97-ae40-88bdc0b9de8d"
"3194","Perhaps Love","The Most Romantic Songs","2012","2012","BR","Album","2","7","CD","162893","The Most Romantic Songs","2012","Richard Clayderman","821a181e-fe28-4d97-ae40-88bdc0b9de8d"
"3195","The Sound Of Silence","The Most Romantic Songs","2012","2012","BR","Album","2","8","CD","210400","The Most Romantic Songs","2012","Richard Clayderman","821a181e-fe28-4d97-ae40-88bdc0b9de8d"
"3196","The Streets Of Philadelphia","The Most Romantic Songs","2012","2012","BR","Album","2","9","CD","208626","The Most Romantic Songs","2012","Richard Clayderman","821a181e-fe28-4d97-ae40-88bdc0b9de8d"
"3197","The Way You Look Tonight","The Most Romantic Songs","2012","2012","BR","Album","2","10","CD","138600","The Most Romantic Songs","2012","Richard Clayderman","821a181e-fe28-4d97-ae40-88bdc0b9de8d"
"3198","Time After Time","The Most Romantic Songs","2012","2012","BR","Album","2","11","CD","198186","The Most Romantic Songs","2012","Richard Clayderman","821a181e-fe28-4d97-ae40-88bdc0b9de8d"
"3199","Unbreak My Heart","The Most Romantic Songs","2012","2012","BR","Album","2","12","CD","220146","The Most Romantic Songs","2012","Richard Clayderman","821a181e-fe28-4d97-ae40-88bdc0b9de8d"
"3200","When a Man Loves a Woman","The Most Romantic Songs","2012","2012","BR","Album","2","13","CD","174973","The Most Romantic Songs","2012","Richard Clayderman","821a181e-fe28-4d97-ae40-88bdc0b9de8d"
"3201","You Are The Sunshine of My Love","The Most Romantic Songs","2012","2012","BR","Album","2","14","CD","169866","The Most Romantic Songs","2012","Richard Clayderman","821a181e-fe28-4d97-ae40-88bdc0b9de8d"
"3202","You're Beautiful","The Most Romantic Songs","2012","2012","BR","Album","2","15","CD","170173","The Most Romantic Songs","2012","Richard Clayderman","821a181e-fe28-4d97-ae40-88bdc0b9de8d"
"3203","Moonlight Sonata","Classical Piano","2012","2012-01-16","HK","Album","1","1","CD","","Classical Piano","2012","Richard Clayderman","c09e7e20-3fd8-4fc3-bc9c-ba575c1cf545"
"3204","Arabesque No. 1 in E - Andante Con Moto","Classical Piano","2012","2012-01-16","HK","Album","1","2","CD","","Classical Piano","2012","Richard Clayderman","c09e7e20-3fd8-4fc3-bc9c-ba575c1cf545"
"3205","Liebestraum","Classical Piano","2012","2012-01-16","HK","Album","1","3","CD","","Classical Piano","2012","Richard Clayderman","c09e7e20-3fd8-4fc3-bc9c-ba575c1cf545"
"3206","Piano Concerto No. 21 in C, K 467, ""Elvira Madigan"" - Andante","Classical Piano","2012","2012-01-16","HK","Album","1","4","CD","","Classical Piano","2012","Richard Clayderman","c09e7e20-3fd8-4fc3-bc9c-ba575c1cf545"
"3207","Fur Elise","Classical Piano","2012","2012-01-16","HK","Album","1","5","CD","","Classical Piano","2012","Richard Clayderman","c09e7e20-3fd8-4fc3-bc9c-ba575c1cf545"
"3208","Italian Symphony No. 4 in A Op. 90","Classical Piano","2012","2012-01-16","HK","Album","1","6","CD","","Classical Piano","2012","Richard Clayderman","c09e7e20-3fd8-4fc3-bc9c-ba575c1cf545"
"3209","Bohemian Melody","Classical Piano","2012","2012-01-16","HK","Album","1","7","CD","","Classical Piano","2012","Richard Clayderman","c09e7e20-3fd8-4fc3-bc9c-ba575c1cf545"
"3210","The Swan","Classical Piano","2012","2012-01-16","HK","Album","1","8","CD","","Classical Piano","2012","Richard Clayderman","c09e7e20-3fd8-4fc3-bc9c-ba575c1cf545"
"3211","Four Seasons - Medley","Classical Piano","2012","2012-01-16","HK","Album","1","9","CD","","Classical Piano","2012","Richard Clayderman","c09e7e20-3fd8-4fc3-bc9c-ba575c1cf545"
"3212","Cornish Rhapsody","Classical Piano","2012","2012-01-16","HK","Album","1","10","CD","","Classical Piano","2012","Richard Clayderman","c09e7e20-3fd8-4fc3-bc9c-ba575c1cf545"
"3213","Piano Concerto No. 1, B Flat Minor Op. 23","Classical Piano","2012","2012-01-16","HK","Album","1","11","CD","","Classical Piano","2012","Richard Clayderman","c09e7e20-3fd8-4fc3-bc9c-ba575c1cf545"
"3214","Rhapsody On A Theme Of Paganini, Op. 43 - Var. 18","Classical Piano","2012","2012-01-16","HK","Album","1","12","CD","","Classical Piano","2012","Richard Clayderman","c09e7e20-3fd8-4fc3-bc9c-ba575c1cf545"
"3215","Suite Bergamasque - Clair De Lune","Classical Piano","2012","2012-01-16","HK","Album","1","13","CD","","Classical Piano","2012","Richard Clayderman","c09e7e20-3fd8-4fc3-bc9c-ba575c1cf545"
"3216","Give a Little Time to Your Love","Classical Piano","2012","2012-01-16","HK","Album","1","14","CD","","Classical Piano","2012","Richard Clayderman","c09e7e20-3fd8-4fc3-bc9c-ba575c1cf545"
"3217","Nocturne in E Flat, Op. 9 No. 2","Classical Piano","2012","2012-01-16","HK","Album","2","1","CD","","Classical Piano","2012","Richard Clayderman","c09e7e20-3fd8-4fc3-bc9c-ba575c1cf545"
"3218","Farewell Waltz","Classical Piano","2012","2012-01-16","HK","Album","2","2","CD","","Classical Piano","2012","Richard Clayderman","c09e7e20-3fd8-4fc3-bc9c-ba575c1cf545"
"3219","Aria","Classical Piano","2012","2012-01-16","HK","Album","2","3","CD","","Classical Piano","2012","Richard Clayderman","c09e7e20-3fd8-4fc3-bc9c-ba575c1cf545"
"3220","Gymnopedie No. 1","Classical Piano","2012","2012-01-16","HK","Album","2","4","CD","","Classical Piano","2012","Richard Clayderman","c09e7e20-3fd8-4fc3-bc9c-ba575c1cf545"
"3221","Ave Maria","Classical Piano","2012","2012-01-16","HK","Album","2","5","CD","","Classical Piano","2012","Richard Clayderman","c09e7e20-3fd8-4fc3-bc9c-ba575c1cf545"
"3222","Concerto in A Minor Op. 16","Classical Piano","2012","2012-01-16","HK","Album","2","6","CD","","Classical Piano","2012","Richard Clayderman","c09e7e20-3fd8-4fc3-bc9c-ba575c1cf545"
"3223","Saber Dance","Classical Piano","2012","2012-01-16","HK","Album","2","7","CD","","Classical Piano","2012","Richard Clayderman","c09e7e20-3fd8-4fc3-bc9c-ba575c1cf545"
"3224","Hungarian Dance No. 5","Classical Piano","2012","2012-01-16","HK","Album","2","8","CD","","Classical Piano","2012","Richard Clayderman","c09e7e20-3fd8-4fc3-bc9c-ba575c1cf545"
"3225","Ave Maria","Classical Piano","2012","2012-01-16","HK","Album","2","9","CD","","Classical Piano","2012","Richard Clayderman","c09e7e20-3fd8-4fc3-bc9c-ba575c1cf545"
"3226","Rhapsody in Blue","Classical Piano","2012","2012-01-16","HK","Album","2","10","CD","","Classical Piano","2012","Richard Clayderman","c09e7e20-3fd8-4fc3-bc9c-ba575c1cf545"
"3227","Cavalleria Rusticana","Classical Piano","2012","2012-01-16","HK","Album","2","11","CD","","Classical Piano","2012","Richard Clayderman","c09e7e20-3fd8-4fc3-bc9c-ba575c1cf545"
"3228","Jesus Will Always Be My Joy","Classical Piano","2012","2012-01-16","HK","Album","2","12","CD","","Classical Piano","2012","Richard Clayderman","c09e7e20-3fd8-4fc3-bc9c-ba575c1cf545"
"3229","Waltz in A Flat A","Classical Piano","2012","2012-01-16","HK","Album","2","13","CD","","Classical Piano","2012","Richard Clayderman","c09e7e20-3fd8-4fc3-bc9c-ba575c1cf545"
"3230","Ode To Joy","Classical Piano","2012","2012-01-16","HK","Album","2","14","CD","","Classical Piano","2012","Richard Clayderman","c09e7e20-3fd8-4fc3-bc9c-ba575c1cf545"
"3231","Greensleeves","Classical Piano","2012","2012-01-16","HK","Album","2","15","CD","","Classical Piano","2012","Richard Clayderman","c09e7e20-3fd8-4fc3-bc9c-ba575c1cf545"
"3232","You’re Beautiful","Our Love","2012","2012-01-16","HK","Album","1","1","CD","","Our Love","2012","Richard Clayderman","d3aa1176-70a9-4c05-9804-ce3e6428099e"
"3233","Eternal Flame","Our Love","2012","2012-01-16","HK","Album","1","2","CD","","Our Love","2012","Richard Clayderman","d3aa1176-70a9-4c05-9804-ce3e6428099e"
"3234","Close to You (They long to Be)","Our Love","2012","2012-01-16","HK","Album","1","3","CD","","Our Love","2012","Richard Clayderman","d3aa1176-70a9-4c05-9804-ce3e6428099e"
"3235","Feelings","Our Love","2012","2012-01-16","HK","Album","1","4","CD","","Our Love","2012","Richard Clayderman","d3aa1176-70a9-4c05-9804-ce3e6428099e"
"3236","Perhaps Love","Our Love","2012","2012-01-16","HK","Album","1","5","CD","","Our Love","2012","Richard Clayderman","d3aa1176-70a9-4c05-9804-ce3e6428099e"
"3237","Sometimes When We Touch","Our Love","2012","2012-01-16","HK","Album","1","6","CD","","Our Love","2012","Richard Clayderman","d3aa1176-70a9-4c05-9804-ce3e6428099e"
"3238","We've Only Just Begun","Our Love","2012","2012-01-16","HK","Album","1","7","CD","","Our Love","2012","Richard Clayderman","d3aa1176-70a9-4c05-9804-ce3e6428099e"
"3239","I Want to Know What Love Is","Our Love","2012","2012-01-16","HK","Album","1","8","CD","","Our Love","2012","Richard Clayderman","d3aa1176-70a9-4c05-9804-ce3e6428099e"
"3240","What a Wonderful World","Our Love","2012","2012-01-16","HK","Album","1","9","CD","","Our Love","2012","Richard Clayderman","d3aa1176-70a9-4c05-9804-ce3e6428099e"
"3241","I Started a Joke","Our Love","2012","2012-01-16","HK","Album","1","10","CD","","Our Love","2012","Richard Clayderman","d3aa1176-70a9-4c05-9804-ce3e6428099e"
"3242","And I Love You So","Our Love","2012","2012-01-16","HK","Album","1","11","CD","","Our Love","2012","Richard Clayderman","d3aa1176-70a9-4c05-9804-ce3e6428099e"
"3243","How Do I Live","Our Love","2012","2012-01-16","HK","Album","1","12","CD","","Our Love","2012","Richard Clayderman","d3aa1176-70a9-4c05-9804-ce3e6428099e"
"3244","Time After Time","Our Love","2012","2012-01-16","HK","Album","1","13","CD","","Our Love","2012","Richard Clayderman","d3aa1176-70a9-4c05-9804-ce3e6428099e"
"3245","Wind Beneath My Wings","Our Love","2012","2012-01-16","HK","Album","1","14","CD","","Our Love","2012","Richard Clayderman","d3aa1176-70a9-4c05-9804-ce3e6428099e"
"3246","Love Me Tender","Our Love","2012","2012-01-16","HK","Album","1","15","CD","","Our Love","2012","Richard Clayderman","d3aa1176-70a9-4c05-9804-ce3e6428099e"
"3247","Without You","Our Love","2012","2012-01-16","HK","Album","2","1","CD","","Our Love","2012","Richard Clayderman","d3aa1176-70a9-4c05-9804-ce3e6428099e"
"3248","Mandy","Our Love","2012","2012-01-16","HK","Album","2","2","CD","","Our Love","2012","Richard Clayderman","d3aa1176-70a9-4c05-9804-ce3e6428099e"
"3249","Don't Know Why","Our Love","2012","2012-01-16","HK","Album","2","3","CD","","Our Love","2012","Richard Clayderman","d3aa1176-70a9-4c05-9804-ce3e6428099e"
"3250","The Power of Love","Our Love","2012","2012-01-16","HK","Album","2","4","CD","","Our Love","2012","Richard Clayderman","d3aa1176-70a9-4c05-9804-ce3e6428099e"
"3251","Careless Whisper","Our Love","2012","2012-01-16","HK","Album","2","5","CD","","Our Love","2012","Richard Clayderman","d3aa1176-70a9-4c05-9804-ce3e6428099e"
"3252","Hello","Our Love","2012","2012-01-16","HK","Album","2","6","CD","","Our Love","2012","Richard Clayderman","d3aa1176-70a9-4c05-9804-ce3e6428099e"
"3253","When a Man Loves a Woman","Our Love","2012","2012-01-16","HK","Album","2","7","CD","","Our Love","2012","Richard Clayderman","d3aa1176-70a9-4c05-9804-ce3e6428099e"
"3254","Dust in the Wind","Our Love","2012","2012-01-16","HK","Album","2","8","CD","","Our Love","2012","Richard Clayderman","d3aa1176-70a9-4c05-9804-ce3e6428099e"
"3255","I'm Not in Love","Our Love","2012","2012-01-16","HK","Album","2","9","CD","","Our Love","2012","Richard Clayderman","d3aa1176-70a9-4c05-9804-ce3e6428099e"
"3256","All by Myself","Our Love","2012","2012-01-16","HK","Album","2","10","CD","","Our Love","2012","Richard Clayderman","d3aa1176-70a9-4c05-9804-ce3e6428099e"
"3257","Rainy Days and Mondays","Our Love","2012","2012-01-16","HK","Album","2","11","CD","","Our Love","2012","Richard Clayderman","d3aa1176-70a9-4c05-9804-ce3e6428099e"
"3258","Stuck on You","Our Love","2012","2012-01-16","HK","Album","2","12","CD","","Our Love","2012","Richard Clayderman","d3aa1176-70a9-4c05-9804-ce3e6428099e"
"3259","I Only Have Eyes for You","Our Love","2012","2012-01-16","HK","Album","2","13","CD","","Our Love","2012","Richard Clayderman","d3aa1176-70a9-4c05-9804-ce3e6428099e"
"3260","Nothing's Gonna Change My Love","Our Love","2012","2012-01-16","HK","Album","2","14","CD","","Our Love","2012","Richard Clayderman","d3aa1176-70a9-4c05-9804-ce3e6428099e"
"3261","Woman in Love","Our Love","2012","2012-01-16","HK","Album","2","15","CD","","Our Love","2012","Richard Clayderman","d3aa1176-70a9-4c05-9804-ce3e6428099e"
"3262","The Butterfly Lovers","Let the Love In","2012","2012-02-03","HK","Album","1","1","HDCD","","Let the Love In","2012","Richard Clayderman & 张也","95bc47a0-2455-488d-a9bf-5796665b968b"
"3263","Merry Christmas, Mr. Lawrence","Let the Love In","2012","2012-02-03","HK","Album","1","2","HDCD","","Let the Love In","2012","Richard Clayderman","95bc47a0-2455-488d-a9bf-5796665b968b"
"3264","Schindler's List","Let the Love In","2012","2012-02-03","HK","Album","1","3","HDCD","","Let the Love In","2012","Richard Clayderman & 赵聪","95bc47a0-2455-488d-a9bf-5796665b968b"
"3265","You're Beautiful","Let the Love In","2012","2012-02-03","HK","Album","1","4","HDCD","","Let the Love In","2012","Richard Clayderman","95bc47a0-2455-488d-a9bf-5796665b968b"
"3266","Lujon Beach","Let the Love In","2012","2012-02-03","HK","Album","1","5","HDCD","","Let the Love In","2012","Richard Clayderman","95bc47a0-2455-488d-a9bf-5796665b968b"
"3267","Ballade Pour Adeline","Let the Love In","2012","2012-02-03","HK","Album","1","6","HDCD","","Let the Love In","2012","Richard Clayderman","95bc47a0-2455-488d-a9bf-5796665b968b"
"3268","May It Be (Theme From Lord of the Rings)","Let the Love In","2012","2012-02-03","HK","Album","1","7","HDCD","","Let the Love In","2012","Richard Clayderman","95bc47a0-2455-488d-a9bf-5796665b968b"
"3269","One Day You'll See","Let the Love In","2012","2012-02-03","HK","Album","1","8","HDCD","","Let the Love In","2012","Richard Clayderman","95bc47a0-2455-488d-a9bf-5796665b968b"
"3270","Don't Know Why","Let the Love In","2012","2012-02-03","HK","Album","1","9","HDCD","","Let the Love In","2012","Richard Clayderman","95bc47a0-2455-488d-a9bf-5796665b968b"
"3271","Healing Medley: Donales Melody / Don't Cry for Me Argentina / Love Story","Let the Love In","2012","2012-02-03","HK","Album","1","10","HDCD","","Let the Love In","2012","Richard Clayderman","95bc47a0-2455-488d-a9bf-5796665b968b"
"3272","L for Love","Let the Love In","2012","2012-02-03","HK","Album","1","11","HDCD","","Let the Love In","2012","Richard Clayderman","95bc47a0-2455-488d-a9bf-5796665b968b"
"3273","Lyphard Melody","Let the Love In","2012","2012-02-03","HK","Album","1","12","HDCD","","Let the Love In","2012","Richard Clayderman","95bc47a0-2455-488d-a9bf-5796665b968b"
"3274","Nostalgy","Let the Love In","2012","2012-02-03","HK","Album","1","13","HDCD","","Let the Love In","2012","Richard Clayderman","95bc47a0-2455-488d-a9bf-5796665b968b"
"3275","Winter Sonata","Let the Love In","2012","2012-02-03","HK","Album","1","14","HDCD","","Let the Love In","2012","Richard Clayderman","95bc47a0-2455-488d-a9bf-5796665b968b"
"3276","The Butterfly Lovers","Let The Love In","2012","2012-02-18","HK","Album","1","1","CD","","Let the Love In","2012","Richard Clayderman & 张也","e63f47c9-ac41-4694-bdeb-05a8929ea900"
"3277","Merry Christmas Mr. Lawrence","Let The Love In","2012","2012-02-18","HK","Album","1","2","CD","","Let the Love In","2012","Richard Clayderman","e63f47c9-ac41-4694-bdeb-05a8929ea900"
"3278","Schindlers List","Let The Love In","2012","2012-02-18","HK","Album","1","3","CD","","Let the Love In","2012","Richard Clayderman & 赵聪","e63f47c9-ac41-4694-bdeb-05a8929ea900"
"3279","You're Beautiful","Let The Love In","2012","2012-02-18","HK","Album","1","4","CD","","Let the Love In","2012","Richard Clayderman","e63f47c9-ac41-4694-bdeb-05a8929ea900"
"3280","Lujon Beach","Let The Love In","2012","2012-02-18","HK","Album","1","5","CD","","Let the Love In","2012","Richard Clayderman","e63f47c9-ac41-4694-bdeb-05a8929ea900"
"3281","Ballade Pour Adeline","Let The Love In","2012","2012-02-18","HK","Album","1","6","CD","","Let the Love In","2012","Richard Clayderman","e63f47c9-ac41-4694-bdeb-05a8929ea900"
"3282","May It Be (Theme from Lord Of The Rings)","Let The Love In","2012","2012-02-18","HK","Album","1","7","CD","","Let the Love In","2012","Richard Clayderman","e63f47c9-ac41-4694-bdeb-05a8929ea900"
"3283","One Day You'll See","Let The Love In","2012","2012-02-18","HK","Album","1","8","CD","","Let the Love In","2012","Richard Clayderman","e63f47c9-ac41-4694-bdeb-05a8929ea900"
"3284","Don't Know Why","Let The Love In","2012","2012-02-18","HK","Album","1","9","CD","","Let the Love In","2012","Richard Clayderman","e63f47c9-ac41-4694-bdeb-05a8929ea900"
"3285","Healing Medley: Donales Melody / Don't Cry For Me Argentina / Love Story","Let The Love In","2012","2012-02-18","HK","Album","1","10","CD","","Let the Love In","2012","Richard Clayderman","e63f47c9-ac41-4694-bdeb-05a8929ea900"
"3286","L For Love","Let The Love In","2012","2012-02-18","HK","Album","1","11","CD","","Let the Love In","2012","Richard Clayderman","e63f47c9-ac41-4694-bdeb-05a8929ea900"
"3287","Lyphard Melody","Let The Love In","2012","2012-02-18","HK","Album","1","12","CD","","Let the Love In","2012","Richard Clayderman","e63f47c9-ac41-4694-bdeb-05a8929ea900"
"3288","Nostalgy","Let The Love In","2012","2012-02-18","HK","Album","1","13","CD","","Let the Love In","2012","Richard Clayderman","e63f47c9-ac41-4694-bdeb-05a8929ea900"
"3289","Winter Sonata","Let The Love In","2012","2012-02-18","HK","Album","1","14","CD","","Let the Love In","2012","Richard Clayderman","e63f47c9-ac41-4694-bdeb-05a8929ea900"
"3290","Ballade pour Adeline","Ballade pour Adeline","2012","2012-04-24","HK","Album","1","1","CD","158960","Ballade pour Adeline","1992","Richard Clayderman","75d678bd-7994-46d4-98ed-277e8dd457f2"
"3291","Ballade pour Adeline","Ballade pour Adeline","2012","2012-04-24","HK","Album","1","1","HQCD","158960","Ballade pour Adeline","1992","Richard Clayderman","b4f9c46d-f417-4ead-8984-2db4ad8cb058"
"3292","Couleur tendresse","Ballade pour Adeline","2012","2012-04-24","HK","Album","1","2","HQCD","220973","Ballade pour Adeline","1992","Richard Clayderman","b4f9c46d-f417-4ead-8984-2db4ad8cb058"
"3293","Couleur tendresse","Ballade pour Adeline","2012","2012-04-24","HK","Album","1","2","CD","220973","Ballade pour Adeline","1992","Richard Clayderman","75d678bd-7994-46d4-98ed-277e8dd457f2"
"3294","Les larmes de joie","Ballade pour Adeline","2012","2012-04-24","HK","Album","1","3","CD","143533","Ballade pour Adeline","1992","Richard Clayderman","75d678bd-7994-46d4-98ed-277e8dd457f2"
"3295","Les larmes de joie","Ballade pour Adeline","2012","2012-04-24","HK","Album","1","3","HQCD","143533","Ballade pour Adeline","1992","Richard Clayderman","b4f9c46d-f417-4ead-8984-2db4ad8cb058"
"3296","Pour avoir trop rêvé","Ballade pour Adeline","2012","2012-04-24","HK","Album","1","4","HQCD","133093","Ballade pour Adeline","1992","Richard Clayderman","b4f9c46d-f417-4ead-8984-2db4ad8cb058"
"3297","Pour avoir trop rêvé","Ballade pour Adeline","2012","2012-04-24","HK","Album","1","4","CD","133093","Ballade pour Adeline","1992","Richard Clayderman","75d678bd-7994-46d4-98ed-277e8dd457f2"
"3298","Au-delà des souvenirs","Ballade pour Adeline","2012","2012-04-24","HK","Album","1","5","CD","185800","Ballade pour Adeline","1992","Richard Clayderman","75d678bd-7994-46d4-98ed-277e8dd457f2"
"3299","Au-delà des souvenirs","Ballade pour Adeline","2012","2012-04-24","HK","Album","1","5","HQCD","185800","Ballade pour Adeline","1992","Richard Clayderman","b4f9c46d-f417-4ead-8984-2db4ad8cb058"
"3300","Le premier chagrin d'Elsa","Ballade pour Adeline","2012","2012-04-24","HK","Album","1","6","CD","222600","Ballade pour Adeline","1992","Richard Clayderman","75d678bd-7994-46d4-98ed-277e8dd457f2"
"3301","Le premier chagrin d'Elsa","Ballade pour Adeline","2012","2012-04-24","HK","Album","1","6","HQCD","222600","Ballade pour Adeline","1992","Richard Clayderman","b4f9c46d-f417-4ead-8984-2db4ad8cb058"
"3302","La tendresse","Ballade pour Adeline","2012","2012-04-24","HK","Album","1","7","CD","158933","Ballade pour Adeline","1992","Richard Clayderman","75d678bd-7994-46d4-98ed-277e8dd457f2"
"3303","La tendresse","Ballade pour Adeline","2012","2012-04-24","HK","Album","1","7","HQCD","158933","Ballade pour Adeline","1992","Richard Clayderman","b4f9c46d-f417-4ead-8984-2db4ad8cb058"
"3304","Ma solitude","Ballade pour Adeline","2012","2012-04-24","HK","Album","1","8","HQCD","212466","Ballade pour Adeline","1992","Richard Clayderman","b4f9c46d-f417-4ead-8984-2db4ad8cb058"
"3305","Ma solitude","Ballade pour Adeline","2012","2012-04-24","HK","Album","1","8","CD","212466","Ballade pour Adeline","1992","Richard Clayderman","75d678bd-7994-46d4-98ed-277e8dd457f2"
"3306","Avec le cœur","Ballade pour Adeline","2012","2012-04-24","HK","Album","1","9","HQCD","180706","Ballade pour Adeline","1992","Richard Clayderman","b4f9c46d-f417-4ead-8984-2db4ad8cb058"
"3307","Avec le cœur","Ballade pour Adeline","2012","2012-04-24","HK","Album","1","9","CD","180706","Ballade pour Adeline","1992","Richard Clayderman","75d678bd-7994-46d4-98ed-277e8dd457f2"
"3308","L'illusion perdue","Ballade pour Adeline","2012","2012-04-24","HK","Album","1","10","CD","147466","Ballade pour Adeline","1992","Richard Clayderman","75d678bd-7994-46d4-98ed-277e8dd457f2"
"3309","L'illusion perdue","Ballade pour Adeline","2012","2012-04-24","HK","Album","1","10","HQCD","147466","Ballade pour Adeline","1992","Richard Clayderman","b4f9c46d-f417-4ead-8984-2db4ad8cb058"
"3310","L'ombre d'un visage","Ballade pour Adeline","2012","2012-04-24","HK","Album","1","11","CD","187426","Ballade pour Adeline","1992","Richard Clayderman","75d678bd-7994-46d4-98ed-277e8dd457f2"
"3311","L'ombre d'un visage","Ballade pour Adeline","2012","2012-04-24","HK","Album","1","11","HQCD","187426","Ballade pour Adeline","1992","Richard Clayderman","b4f9c46d-f417-4ead-8984-2db4ad8cb058"
"3312","Les rêves du matin","Ballade pour Adeline","2012","2012-04-24","HK","Album","1","12","HQCD","208066","Ballade pour Adeline","1992","Richard Clayderman","b4f9c46d-f417-4ead-8984-2db4ad8cb058"
"3313","Les rêves du matin","Ballade pour Adeline","2012","2012-04-24","HK","Album","1","12","CD","208066","Ballade pour Adeline","1992","Richard Clayderman","75d678bd-7994-46d4-98ed-277e8dd457f2"
"3314","Concerto pour un jeune fille nommée ""Je t'aime""","Ballade pour Adeline","2012","2012-04-24","HK","Album","1","13","HQCD","225400","Ballade pour Adeline","1992","Richard Clayderman","b4f9c46d-f417-4ead-8984-2db4ad8cb058"
"3315","Concerto pour un jeune fille nommée ""Je t'aime""","Ballade pour Adeline","2012","2012-04-24","HK","Album","1","13","CD","225400","Ballade pour Adeline","1992","Richard Clayderman","75d678bd-7994-46d4-98ed-277e8dd457f2"
"3316","Les chagrins oubliés","Ballade pour Adeline","2012","2012-04-24","HK","Album","1","14","HQCD","165240","Ballade pour Adeline","1992","Richard Clayderman","b4f9c46d-f417-4ead-8984-2db4ad8cb058"
"3317","Les chagrins oubliés","Ballade pour Adeline","2012","2012-04-24","HK","Album","1","14","CD","165240","Ballade pour Adeline","1992","Richard Clayderman","75d678bd-7994-46d4-98ed-277e8dd457f2"
"3318","L'océan","Ballade pour Adeline","2012","2012-04-24","HK","Album","1","15","HQCD","166800","Ballade pour Adeline","1992","Richard Clayderman","b4f9c46d-f417-4ead-8984-2db4ad8cb058"
"3319","L'océan","Ballade pour Adeline","2012","2012-04-24","HK","Album","1","15","CD","166800","Ballade pour Adeline","1992","Richard Clayderman","75d678bd-7994-46d4-98ed-277e8dd457f2"
"3320","Les derniers jours d'anastasia kemsky","Ballade pour Adeline","2012","2012-04-24","HK","Album","1","16","CD","199733","Ballade pour Adeline","1992","Richard Clayderman","75d678bd-7994-46d4-98ed-277e8dd457f2"
"3321","Les derniers jours d'anastasia kemsky","Ballade pour Adeline","2012","2012-04-24","HK","Album","1","16","HQCD","199733","Ballade pour Adeline","1992","Richard Clayderman","b4f9c46d-f417-4ead-8984-2db4ad8cb058"
"3322","Les fleurs sauvages","Ballade pour Adeline","2012","2012-04-24","HK","Album","1","17","CD","176626","Ballade pour Adeline","1992","Richard Clayderman","75d678bd-7994-46d4-98ed-277e8dd457f2"
"3323","Les fleurs sauvages","Ballade pour Adeline","2012","2012-04-24","HK","Album","1","17","HQCD","176626","Ballade pour Adeline","1992","Richard Clayderman","b4f9c46d-f417-4ead-8984-2db4ad8cb058"
"3324","Le deuxième slow","Ballade pour Adeline","2012","2012-04-24","HK","Album","1","18","HQCD","216200","Ballade pour Adeline","1992","Richard Clayderman","b4f9c46d-f417-4ead-8984-2db4ad8cb058"
"3325","Le deuxième slow","Ballade pour Adeline","2012","2012-04-24","HK","Album","1","18","CD","216200","Ballade pour Adeline","1992","Richard Clayderman","75d678bd-7994-46d4-98ed-277e8dd457f2"
"3326","Promenade dans les bois","Ballade pour Adeline","2012","2012-04-24","HK","Album","1","19","HQCD","163040","Ballade pour Adeline","1992","Richard Clayderman","b4f9c46d-f417-4ead-8984-2db4ad8cb058"
"3327","Promenade dans les bois","Ballade pour Adeline","2012","2012-04-24","HK","Album","1","19","CD","163040","Ballade pour Adeline","1992","Richard Clayderman","75d678bd-7994-46d4-98ed-277e8dd457f2"
"3328","Le cœur dans les étoiles","Ballade pour Adeline","2012","2012-04-24","HK","Album","1","20","CD","185826","Ballade pour Adeline","1992","Richard Clayderman","75d678bd-7994-46d4-98ed-277e8dd457f2"
"3329","Le cœur dans les étoiles","Ballade pour Adeline","2012","2012-04-24","HK","Album","1","20","HQCD","185826","Ballade pour Adeline","1992","Richard Clayderman","b4f9c46d-f417-4ead-8984-2db4ad8cb058"
"3330","A comme amour","Ballade pour Adeline","2012","2012-04-24","HK","Album","1","21","CD","198466","Ballade pour Adeline","1992","Richard Clayderman","75d678bd-7994-46d4-98ed-277e8dd457f2"
"3331","A comme amour","Ballade pour Adeline","2012","2012-04-24","HK","Album","1","21","HQCD","198466","Ballade pour Adeline","1992","Richard Clayderman","b4f9c46d-f417-4ead-8984-2db4ad8cb058"
"3332","Gimme Gimme Gimme (A Man After Midnight)","Plays ABBA","2012","2012-04-24","HK","Album","1","1","HDCD","","Plays ABBA","2012","Richard Clayderman","6c95912f-a458-4806-bd64-9da5f26fe3e0"
"3333","Gimme Gimme Gimme (A Man After Midnight)","Plays ABBA","2012","2012-04-24","HK","Album","1","1","CD","","Plays ABBA","2012","Richard Clayderman","924f00d3-e18c-46e9-ad0a-37baac61e683"
"3334","The Winner Takes It All","Plays ABBA","2012","2012-04-24","HK","Album","1","2","CD","","Plays ABBA","2012","Richard Clayderman","924f00d3-e18c-46e9-ad0a-37baac61e683"
"3335","The Winner Takes It All","Plays ABBA","2012","2012-04-24","HK","Album","1","2","HDCD","","Plays ABBA","2012","Richard Clayderman","6c95912f-a458-4806-bd64-9da5f26fe3e0"
"3336","Chiquitta","Plays ABBA","2012","2012-04-24","HK","Album","1","3","HDCD","","Plays ABBA","2012","Richard Clayderman","6c95912f-a458-4806-bd64-9da5f26fe3e0"
"3337","Chiquitta","Plays ABBA","2012","2012-04-24","HK","Album","1","3","CD","","Plays ABBA","2012","Richard Clayderman","924f00d3-e18c-46e9-ad0a-37baac61e683"
"3338","Fernando","Plays ABBA","2012","2012-04-24","HK","Album","1","4","CD","","Plays ABBA","2012","Richard Clayderman","924f00d3-e18c-46e9-ad0a-37baac61e683"
"3339","Fernando","Plays ABBA","2012","2012-04-24","HK","Album","1","4","HDCD","","Plays ABBA","2012","Richard Clayderman","6c95912f-a458-4806-bd64-9da5f26fe3e0"
"3340","Mamma Mia","Plays ABBA","2012","2012-04-24","HK","Album","1","5","CD","","Plays ABBA","2012","Richard Clayderman","924f00d3-e18c-46e9-ad0a-37baac61e683"
"3341","Mamma Mia","Plays ABBA","2012","2012-04-24","HK","Album","1","5","HDCD","","Plays ABBA","2012","Richard Clayderman","6c95912f-a458-4806-bd64-9da5f26fe3e0"
"3342","Dancing Queen","Plays ABBA","2012","2012-04-24","HK","Album","1","6","CD","","Plays ABBA","2012","Richard Clayderman","924f00d3-e18c-46e9-ad0a-37baac61e683"
"3343","Dancing Queen","Plays ABBA","2012","2012-04-24","HK","Album","1","6","HDCD","","Plays ABBA","2012","Richard Clayderman","6c95912f-a458-4806-bd64-9da5f26fe3e0"
"3344","I Have A Dream","Plays ABBA","2012","2012-04-24","HK","Album","1","7","HDCD","","Plays ABBA","2012","Richard Clayderman","6c95912f-a458-4806-bd64-9da5f26fe3e0"
"3345","I Have A Dream","Plays ABBA","2012","2012-04-24","HK","Album","1","7","CD","","Plays ABBA","2012","Richard Clayderman","924f00d3-e18c-46e9-ad0a-37baac61e683"
"3346","Waterloo","Plays ABBA","2012","2012-04-24","HK","Album","1","8","CD","","Plays ABBA","2012","Richard Clayderman","924f00d3-e18c-46e9-ad0a-37baac61e683"
"3347","Waterloo","Plays ABBA","2012","2012-04-24","HK","Album","1","8","HDCD","","Plays ABBA","2012","Richard Clayderman","6c95912f-a458-4806-bd64-9da5f26fe3e0"
"3348","The Name Of The Game","Plays ABBA","2012","2012-04-24","HK","Album","1","9","CD","","Plays ABBA","2012","Richard Clayderman","924f00d3-e18c-46e9-ad0a-37baac61e683"
"3349","The Name Of The Game","Plays ABBA","2012","2012-04-24","HK","Album","1","9","HDCD","","Plays ABBA","2012","Richard Clayderman","6c95912f-a458-4806-bd64-9da5f26fe3e0"
"3350","Lay All Your Love On Me","Plays ABBA","2012","2012-04-24","HK","Album","1","10","HDCD","","Plays ABBA","2012","Richard Clayderman","6c95912f-a458-4806-bd64-9da5f26fe3e0"
"3351","Lay All Your Love On Me","Plays ABBA","2012","2012-04-24","HK","Album","1","10","CD","","Plays ABBA","2012","Richard Clayderman","924f00d3-e18c-46e9-ad0a-37baac61e683"
"3352","Knowing Me, KNowing You","Plays ABBA","2012","2012-04-24","HK","Album","1","11","CD","","Plays ABBA","2012","Richard Clayderman","924f00d3-e18c-46e9-ad0a-37baac61e683"
"3353","Knowing Me, KNowing You","Plays ABBA","2012","2012-04-24","HK","Album","1","11","HDCD","","Plays ABBA","2012","Richard Clayderman","6c95912f-a458-4806-bd64-9da5f26fe3e0"
"3354","One Of Us","Plays ABBA","2012","2012-04-24","HK","Album","1","12","HDCD","","Plays ABBA","2012","Richard Clayderman","6c95912f-a458-4806-bd64-9da5f26fe3e0"
"3355","One Of Us","Plays ABBA","2012","2012-04-24","HK","Album","1","12","CD","","Plays ABBA","2012","Richard Clayderman","924f00d3-e18c-46e9-ad0a-37baac61e683"
"3356","S.O.S.","Plays ABBA","2012","2012-04-24","HK","Album","1","13","HDCD","","Plays ABBA","2012","Richard Clayderman","6c95912f-a458-4806-bd64-9da5f26fe3e0"
"3357","S.O.S.","Plays ABBA","2012","2012-04-24","HK","Album","1","13","CD","","Plays ABBA","2012","Richard Clayderman","924f00d3-e18c-46e9-ad0a-37baac61e683"
"3358","Money Money Money","Plays ABBA","2012","2012-04-24","HK","Album","1","14","CD","","Plays ABBA","2012","Richard Clayderman","924f00d3-e18c-46e9-ad0a-37baac61e683"
"3359","Money Money Money","Plays ABBA","2012","2012-04-24","HK","Album","1","14","HDCD","","Plays ABBA","2012","Richard Clayderman","6c95912f-a458-4806-bd64-9da5f26fe3e0"
"3360","Super Trouper","Plays ABBA","2012","2012-04-24","HK","Album","1","15","HDCD","","Plays ABBA","2012","Richard Clayderman","6c95912f-a458-4806-bd64-9da5f26fe3e0"
"3361","Super Trouper","Plays ABBA","2012","2012-04-24","HK","Album","1","15","CD","","Plays ABBA","2012","Richard Clayderman","924f00d3-e18c-46e9-ad0a-37baac61e683"
"3362","Yesterday Once More","Plays Carpenters","2012","2012-04-24","HK","Album","1","1","HDCD","","Plays Carpenters","2012","Richard Clayderman","3fb99792-8af0-40f6-83a7-04d8a8af16bb"
"3363","There's a Kind of Hush (All Over the World)","Plays Carpenters","2012","2012-04-24","HK","Album","1","2","HDCD","","Plays Carpenters","2012","Richard Clayderman","3fb99792-8af0-40f6-83a7-04d8a8af16bb"
"3364","We've Only Just Begun","Plays Carpenters","2012","2012-04-24","HK","Album","1","3","HDCD","","Plays Carpenters","2012","Richard Clayderman","3fb99792-8af0-40f6-83a7-04d8a8af16bb"
"3365","Superstar","Plays Carpenters","2012","2012-04-24","HK","Album","1","4","HDCD","","Plays Carpenters","2012","Richard Clayderman","3fb99792-8af0-40f6-83a7-04d8a8af16bb"
"3366","Top of the World","Plays Carpenters","2012","2012-04-24","HK","Album","1","5","HDCD","","Plays Carpenters","2012","Richard Clayderman","3fb99792-8af0-40f6-83a7-04d8a8af16bb"
"3367","Rainy Days and Mondays","Plays Carpenters","2012","2012-04-24","HK","Album","1","6","HDCD","","Plays Carpenters","2012","Richard Clayderman","3fb99792-8af0-40f6-83a7-04d8a8af16bb"
"3368","(They long to be) Close to You","Plays Carpenters","2012","2012-04-24","HK","Album","1","7","HDCD","","Plays Carpenters","2012","Richard Clayderman","3fb99792-8af0-40f6-83a7-04d8a8af16bb"
"3369","Only Yesterday","Plays Carpenters","2012","2012-04-24","HK","Album","1","8","HDCD","","Plays Carpenters","2012","Richard Clayderman","3fb99792-8af0-40f6-83a7-04d8a8af16bb"
"3370","For All We Know","Plays Carpenters","2012","2012-04-24","HK","Album","1","9","HDCD","","Plays Carpenters","2012","Richard Clayderman","3fb99792-8af0-40f6-83a7-04d8a8af16bb"
"3371","Please Mr. Postman","Plays Carpenters","2012","2012-04-24","HK","Album","1","10","HDCD","","Plays Carpenters","2012","Richard Clayderman","3fb99792-8af0-40f6-83a7-04d8a8af16bb"
"3372","I Won't Last a Day Without You","Plays Carpenters","2012","2012-04-24","HK","Album","1","11","HDCD","","Plays Carpenters","2012","Richard Clayderman","3fb99792-8af0-40f6-83a7-04d8a8af16bb"
"3373","Solitaire","Plays Carpenters","2012","2012-04-24","HK","Album","1","12","HDCD","","Plays Carpenters","2012","Richard Clayderman","3fb99792-8af0-40f6-83a7-04d8a8af16bb"
"3374","A Special Medley (For All We Know / We've Only Just Begun)","Plays Carpenters","2012","2012-04-24","HK","Album","1","13","HDCD","","Plays Carpenters","2012","Richard Clayderman","3fb99792-8af0-40f6-83a7-04d8a8af16bb"
"3375","Sing","Plays Carpenters","2012","2012-04-24","HK","Album","1","14","HDCD","","Plays Carpenters","2012","Richard Clayderman","3fb99792-8af0-40f6-83a7-04d8a8af16bb"
"3376","I Will Always Love You","Cinema Feelings","2012","2012-06-30","HK","Album","1","1","CD","249000","Cinema Feelings","2012","Richard Clayderman","4214bdc8-f277-4781-9fc5-60be28cb4483"
"3377","Can You Feel the Love Tonight","Cinema Feelings","2012","2012-06-30","HK","Album","1","2","CD","193000","Cinema Feelings","2012","Richard Clayderman","4214bdc8-f277-4781-9fc5-60be28cb4483"
"3378","I Don’t Want to Miss a Thing","Cinema Feelings","2012","2012-06-30","HK","Album","1","3","CD","274000","Cinema Feelings","2012","Richard Clayderman","4214bdc8-f277-4781-9fc5-60be28cb4483"
"3379","Merry Christmas Mr. Lawrence","Cinema Feelings","2012","2012-06-30","HK","Album","1","4","CD","199000","Cinema Feelings","2012","Richard Clayderman","4214bdc8-f277-4781-9fc5-60be28cb4483"
"3380","A Time for Us (Romeo and Juliet)","Cinema Feelings","2012","2012-06-30","HK","Album","1","5","CD","142000","Cinema Feelings","2012","Richard Clayderman","4214bdc8-f277-4781-9fc5-60be28cb4483"
"3381","Over the Rainbow","Cinema Feelings","2012","2012-06-30","HK","Album","1","6","CD","168000","Cinema Feelings","2012","Richard Clayderman","4214bdc8-f277-4781-9fc5-60be28cb4483"
"3382","Everything I Do I Do It for You","Cinema Feelings","2012","2012-06-30","HK","Album","1","7","CD","246000","Cinema Feelings","2012","Richard Clayderman","4214bdc8-f277-4781-9fc5-60be28cb4483"
"3383","From a Distance","Cinema Feelings","2012","2012-06-30","HK","Album","1","8","CD","222000","Cinema Feelings","2012","Richard Clayderman","4214bdc8-f277-4781-9fc5-60be28cb4483"
"3384","Up Where We Belong","Cinema Feelings","2012","2012-06-30","HK","Album","1","9","CD","178000","Cinema Feelings","2012","Richard Clayderman","4214bdc8-f277-4781-9fc5-60be28cb4483"
"3385","Bright Eyes","Cinema Feelings","2012","2012-06-30","HK","Album","1","10","CD","173000","Cinema Feelings","2012","Richard Clayderman","4214bdc8-f277-4781-9fc5-60be28cb4483"
"3386","The Way We Were","Cinema Feelings","2012","2012-06-30","HK","Album","1","11","CD","166000","Cinema Feelings","2012","Richard Clayderman","4214bdc8-f277-4781-9fc5-60be28cb4483"
"3387","Schindler’s List With Zhao Cong","Cinema Feelings","2012","2012-06-30","HK","Album","1","12","CD","212000","Cinema Feelings","2012","Richard Clayderman","4214bdc8-f277-4781-9fc5-60be28cb4483"
"3388","Doctor Zhivago - Lara’s Theme « La Chanson de Lara »","Cinema Feelings","2012","2012-06-30","HK","Album","1","13","CD","154000","Cinema Feelings","2012","Richard Clayderman","4214bdc8-f277-4781-9fc5-60be28cb4483"
"3389","Evergreen","Cinema Feelings","2012","2012-06-30","HK","Album","1","14","CD","181000","Cinema Feelings","2012","Richard Clayderman","4214bdc8-f277-4781-9fc5-60be28cb4483"
"3390","Just the Way You Are","Cinema Feelings","2012","2012-06-30","HK","Album","2","1","CD","214000","Cinema Feelings","2012","Richard Clayderman","4214bdc8-f277-4781-9fc5-60be28cb4483"
"3391","My Heart Will Go On","Cinema Feelings","2012","2012-06-30","HK","Album","2","2","CD","223000","Cinema Feelings","2012","Richard Clayderman","4214bdc8-f277-4781-9fc5-60be28cb4483"
"3392","Unchained Melody","Cinema Feelings","2012","2012-06-30","HK","Album","2","3","CD","186000","Cinema Feelings","2012","Richard Clayderman","4214bdc8-f277-4781-9fc5-60be28cb4483"
"3393","Chariots of Fire","Cinema Feelings","2012","2012-06-30","HK","Album","2","4","CD","180000","Cinema Feelings","2012","Richard Clayderman","4214bdc8-f277-4781-9fc5-60be28cb4483"
"3394","Cavatina","Cinema Feelings","2012","2012-06-30","HK","Album","2","5","CD","214000","Cinema Feelings","2012","Richard Clayderman","4214bdc8-f277-4781-9fc5-60be28cb4483"
"3395","Love Story","Cinema Feelings","2012","2012-06-30","HK","Album","2","6","CD","182000","Cinema Feelings","2012","Richard Clayderman","4214bdc8-f277-4781-9fc5-60be28cb4483"
"3396","Do You Know (Theme From Mahogany)","Cinema Feelings","2012","2012-06-30","HK","Album","2","7","CD","212000","Cinema Feelings","2012","Richard Clayderman","4214bdc8-f277-4781-9fc5-60be28cb4483"
"3397","Harry Potter Melody","Cinema Feelings","2012","2012-06-30","HK","Album","2","8","CD","232000","Cinema Feelings","2012","Richard Clayderman","4214bdc8-f277-4781-9fc5-60be28cb4483"
"3398","How Deep Is Your Love","Cinema Feelings","2012","2012-06-30","HK","Album","2","9","CD","227000","Cinema Feelings","2012","Richard Clayderman","4214bdc8-f277-4781-9fc5-60be28cb4483"
"3399","Moon River","Cinema Feelings","2012","2012-06-30","HK","Album","2","10","CD","195000","Cinema Feelings","2012","Richard Clayderman","4214bdc8-f277-4781-9fc5-60be28cb4483"
"3400","Medley: Lady in Red / Take My Breath Away","Cinema Feelings","2012","2012-06-30","HK","Album","2","11","CD","249000","Cinema Feelings","2012","Richard Clayderman","4214bdc8-f277-4781-9fc5-60be28cb4483"
"3401","I Just Called to Say I Love You","Cinema Feelings","2012","2012-06-30","HK","Album","2","12","CD","223000","Cinema Feelings","2012","Richard Clayderman","4214bdc8-f277-4781-9fc5-60be28cb4483"
"3402","Another Day in Paradise","Cinema Feelings","2012","2012-06-30","HK","Album","2","13","CD","207000","Cinema Feelings","2012","Richard Clayderman","4214bdc8-f277-4781-9fc5-60be28cb4483"
"3403","May It Be","Cinema Feelings","2012","2012-06-30","HK","Album","2","14","CD","255000","Cinema Feelings","2012","Richard Clayderman","4214bdc8-f277-4781-9fc5-60be28cb4483"
"3404","The Phantom Of The Opera","Love Songs of Andrew Lloyd Webber","2012","2012-08-20","HK","Album","1","1","HDCD","","Love Songs of Andrew Lloyd Webber","2012","Richard Clayderman","fd7f7697-14e8-48bc-82eb-ef8a77354640"
"3405","The Phantom Of The Opera","Love Songs of Andrew Lloyd Webber","2012","2012-08-20","HK","Album","1","1","CD","","Love Songs of Andrew Lloyd Webber","2012","Richard Clayderman","511b2573-36dd-4bdd-9530-6f191dd416a6"
"3406","The Music Of The Night","Love Songs of Andrew Lloyd Webber","2012","2012-08-20","HK","Album","1","2","CD","","Love Songs of Andrew Lloyd Webber","2012","Richard Clayderman","511b2573-36dd-4bdd-9530-6f191dd416a6"
"3407","The Music Of The Night","Love Songs of Andrew Lloyd Webber","2012","2012-08-20","HK","Album","1","2","HDCD","","Love Songs of Andrew Lloyd Webber","2012","Richard Clayderman","fd7f7697-14e8-48bc-82eb-ef8a77354640"
"3408","Love Changes Everything","Love Songs of Andrew Lloyd Webber","2012","2012-08-20","HK","Album","1","3","HDCD","","Love Songs of Andrew Lloyd Webber","2012","Richard Clayderman","fd7f7697-14e8-48bc-82eb-ef8a77354640"
"3409","Love Changes Everything","Love Songs of Andrew Lloyd Webber","2012","2012-08-20","HK","Album","1","3","CD","","Love Songs of Andrew Lloyd Webber","2012","Richard Clayderman","511b2573-36dd-4bdd-9530-6f191dd416a6"
"3410","High Flying Adored","Love Songs of Andrew Lloyd Webber","2012","2012-08-20","HK","Album","1","4","CD","","Love Songs of Andrew Lloyd Webber","2012","Richard Clayderman","511b2573-36dd-4bdd-9530-6f191dd416a6"
"3411","High Flying Adored","Love Songs of Andrew Lloyd Webber","2012","2012-08-20","HK","Album","1","4","HDCD","","Love Songs of Andrew Lloyd Webber","2012","Richard Clayderman","fd7f7697-14e8-48bc-82eb-ef8a77354640"
"3412","Seeing Is Believing","Love Songs of Andrew Lloyd Webber","2012","2012-08-20","HK","Album","1","5","HDCD","","Love Songs of Andrew Lloyd Webber","2012","Richard Clayderman","fd7f7697-14e8-48bc-82eb-ef8a77354640"
"3413","Seeing Is Believing","Love Songs of Andrew Lloyd Webber","2012","2012-08-20","HK","Album","1","5","CD","","Love Songs of Andrew Lloyd Webber","2012","Richard Clayderman","511b2573-36dd-4bdd-9530-6f191dd416a6"
"3414","All I Ask Of You","Love Songs of Andrew Lloyd Webber","2012","2012-08-20","HK","Album","1","6","CD","","Love Songs of Andrew Lloyd Webber","2012","Richard Clayderman","511b2573-36dd-4bdd-9530-6f191dd416a6"
"3415","All I Ask Of You","Love Songs of Andrew Lloyd Webber","2012","2012-08-20","HK","Album","1","6","HDCD","","Love Songs of Andrew Lloyd Webber","2012","Richard Clayderman","fd7f7697-14e8-48bc-82eb-ef8a77354640"
"3416","Don't Cry For Me Argentina","Love Songs of Andrew Lloyd Webber","2012","2012-08-20","HK","Album","1","7","CD","","Love Songs of Andrew Lloyd Webber","2012","Richard Clayderman","511b2573-36dd-4bdd-9530-6f191dd416a6"
"3417","Don't Cry For Me Argentina","Love Songs of Andrew Lloyd Webber","2012","2012-08-20","HK","Album","1","7","HDCD","","Love Songs of Andrew Lloyd Webber","2012","Richard Clayderman","fd7f7697-14e8-48bc-82eb-ef8a77354640"
"3418","Another Suitcase In Another Hall","Love Songs of Andrew Lloyd Webber","2012","2012-08-20","HK","Album","1","8","CD","","Love Songs of Andrew Lloyd Webber","2012","Richard Clayderman","511b2573-36dd-4bdd-9530-6f191dd416a6"
"3419","Another Suitcase In Another Hall","Love Songs of Andrew Lloyd Webber","2012","2012-08-20","HK","Album","1","8","HDCD","","Love Songs of Andrew Lloyd Webber","2012","Richard Clayderman","fd7f7697-14e8-48bc-82eb-ef8a77354640"
"3420","Tell Me On Sunday","Love Songs of Andrew Lloyd Webber","2012","2012-08-20","HK","Album","1","9","CD","","Love Songs of Andrew Lloyd Webber","2012","Richard Clayderman","511b2573-36dd-4bdd-9530-6f191dd416a6"
"3421","Tell Me On Sunday","Love Songs of Andrew Lloyd Webber","2012","2012-08-20","HK","Album","1","9","HDCD","","Love Songs of Andrew Lloyd Webber","2012","Richard Clayderman","fd7f7697-14e8-48bc-82eb-ef8a77354640"
"3422","I Don't Know How To Love Him","Love Songs of Andrew Lloyd Webber","2012","2012-08-20","HK","Album","1","10","HDCD","","Love Songs of Andrew Lloyd Webber","2012","Richard Clayderman","fd7f7697-14e8-48bc-82eb-ef8a77354640"
"3423","I Don't Know How To Love Him","Love Songs of Andrew Lloyd Webber","2012","2012-08-20","HK","Album","1","10","CD","","Love Songs of Andrew Lloyd Webber","2012","Richard Clayderman","511b2573-36dd-4bdd-9530-6f191dd416a6"
"3424","Memory","Love Songs of Andrew Lloyd Webber","2012","2012-08-20","HK","Album","1","11","HDCD","","Love Songs of Andrew Lloyd Webber","2012","Richard Clayderman","fd7f7697-14e8-48bc-82eb-ef8a77354640"
"3425","Memory","Love Songs of Andrew Lloyd Webber","2012","2012-08-20","HK","Album","1","11","CD","","Love Songs of Andrew Lloyd Webber","2012","Richard Clayderman","511b2573-36dd-4bdd-9530-6f191dd416a6"
"3426","Take That Look Off Your Face","Love Songs of Andrew Lloyd Webber","2012","2012-08-20","HK","Album","1","12","CD","","Love Songs of Andrew Lloyd Webber","2012","Richard Clayderman","511b2573-36dd-4bdd-9530-6f191dd416a6"
"3427","Take That Look Off Your Face","Love Songs of Andrew Lloyd Webber","2012","2012-08-20","HK","Album","1","12","HDCD","","Love Songs of Andrew Lloyd Webber","2012","Richard Clayderman","fd7f7697-14e8-48bc-82eb-ef8a77354640"
"3428","Adagio from Spartacus","Romantique","2013","2013-02-05","CA","Album","1","1","CD","283880","Romantique","2013","Richard Clayderman","4ce9825e-2edb-48a0-97e1-1bfe7c2652cd"
"3429","Les Misérables (Medley - Bring Him Home / I Dreamed A Dream)","Romantique","2013","2013-02-05","CA","Album","1","2","CD","307373","Romantique","2013","Richard Clayderman","4ce9825e-2edb-48a0-97e1-1bfe7c2652cd"
"3430","Ballade Pour Adeline","Romantique","2013","2013-02-05","CA","Album","1","3","CD","157986","Romantique","2013","Richard Clayderman","4ce9825e-2edb-48a0-97e1-1bfe7c2652cd"
"3431","The Flower Duet","Romantique","2013","2013-02-05","CA","Album","1","4","CD","227360","Romantique","2013","Richard Clayderman","4ce9825e-2edb-48a0-97e1-1bfe7c2652cd"
"3432","West Side Story (Medley - Maria / Tonight / America)","Romantique","2013","2013-02-05","CA","Album","1","5","CD","285133","Romantique","2013","Richard Clayderman","4ce9825e-2edb-48a0-97e1-1bfe7c2652cd"
"3433","Someone Like You","Romantique","2013","2013-02-05","CA","Album","1","6","CD","278293","Romantique","2013","Richard Clayderman","4ce9825e-2edb-48a0-97e1-1bfe7c2652cd"
"3434","Montagues & Capulets","Romantique","2013","2013-02-05","CA","Album","1","7","CD","207773","Romantique","2013","Richard Clayderman","4ce9825e-2edb-48a0-97e1-1bfe7c2652cd"
"3435","Schindler's List","Romantique","2013","2013-02-05","CA","Album","1","8","CD","220000","Romantique","2013","Richard Clayderman","4ce9825e-2edb-48a0-97e1-1bfe7c2652cd"
"3436","Hallelujah","Romantique","2013","2013-02-05","CA","Album","1","9","CD","211586","Romantique","2013","Richard Clayderman","4ce9825e-2edb-48a0-97e1-1bfe7c2652cd"
"3437","Le Onde","Romantique","2013","2013-02-05","CA","Album","1","10","CD","331360","Romantique","2013","Richard Clayderman","4ce9825e-2edb-48a0-97e1-1bfe7c2652cd"
"3438","O Mio Babbino Caro","Romantique","2013","2013-02-05","CA","Album","1","11","CD","198306","Romantique","2013","Richard Clayderman","4ce9825e-2edb-48a0-97e1-1bfe7c2652cd"
"3439","You Raise Me Up","Romantique","2013","2013-02-05","CA","Album","1","12","CD","228640","Romantique","2013","Richard Clayderman","4ce9825e-2edb-48a0-97e1-1bfe7c2652cd"
"3440","Nessun Dorma","Romantique","2013","2013-02-05","CA","Album","1","13","CD","184506","Romantique","2013","Richard Clayderman","4ce9825e-2edb-48a0-97e1-1bfe7c2652cd"
"3441","Mariage D' Amour","Love In Paris","2013","2013-11-29","HK","Album","1","1","CD","","Love In Paris","2013","Richard Clayderman","757c4009-65f5-47c3-b1c3-2eb32530666e"
"3442","Nostalgy","Love In Paris","2013","2013-11-29","HK","Album","1","2","CD","","Love In Paris","2013","Richard Clayderman","757c4009-65f5-47c3-b1c3-2eb32530666e"
"3443","A Man And A Woman (Un Homme Et Une Femme)","Love In Paris","2013","2013-11-29","HK","Album","1","3","CD","","Love In Paris","2013","Richard Clayderman","757c4009-65f5-47c3-b1c3-2eb32530666e"
"3444","Eleana","Love In Paris","2013","2013-11-29","HK","Album","1","4","CD","","Love In Paris","2013","Richard Clayderman","757c4009-65f5-47c3-b1c3-2eb32530666e"
"3445","La Vie En Rose","Love In Paris","2013","2013-11-29","HK","Album","1","5","CD","","Love In Paris","2013","Richard Clayderman","757c4009-65f5-47c3-b1c3-2eb32530666e"
"3446","Beyond The Sea (La Mer)","Love In Paris","2013","2013-11-29","HK","Album","1","6","CD","","Love In Paris","2013","Richard Clayderman","757c4009-65f5-47c3-b1c3-2eb32530666e"
"3447","Autumn Leaves (Les Feuilles Mortes)","Love In Paris","2013","2013-11-29","HK","Album","1","7","CD","","Love In Paris","2013","Richard Clayderman","757c4009-65f5-47c3-b1c3-2eb32530666e"
"3448","Bilitis Theme","Love In Paris","2013","2013-11-29","HK","Album","1","8","CD","","Love In Paris","2013","Richard Clayderman","757c4009-65f5-47c3-b1c3-2eb32530666e"
"3449","My Way (Comme D'Habitude)","Love In Paris","2013","2013-11-29","HK","Album","1","9","CD","","Love In Paris","2013","Richard Clayderman","757c4009-65f5-47c3-b1c3-2eb32530666e"
"3450","Doctor Zhivago-Lara's Theme (La Chanson de Lara)","Love In Paris","2013","2013-11-29","HK","Album","1","10","CD","","Love In Paris","2013","Richard Clayderman","757c4009-65f5-47c3-b1c3-2eb32530666e"
"3451","Love Is Blue (L'amour en Bleu)","Love In Paris","2013","2013-11-29","HK","Album","1","11","CD","","Love In Paris","2013","Richard Clayderman","757c4009-65f5-47c3-b1c3-2eb32530666e"
"3452","Michelle","Love In Paris","2013","2013-11-29","HK","Album","1","12","CD","","Love In Paris","2013","Richard Clayderman","757c4009-65f5-47c3-b1c3-2eb32530666e"
"3453","Chanson D'Amour (Love Song)","Love In Paris","2013","2013-11-29","HK","Album","1","13","CD","","Love In Paris","2013","Richard Clayderman","757c4009-65f5-47c3-b1c3-2eb32530666e"
"3454","I Love Paris","Love In Paris","2013","2013-11-29","HK","Album","1","14","CD","","Love In Paris","2013","Richard Clayderman","757c4009-65f5-47c3-b1c3-2eb32530666e"
"3455","Love Story (Une Histoire d'Amour)","Love In Paris","2013","2013-11-29","HK","Album","1","15","CD","","Love In Paris","2013","Richard Clayderman","757c4009-65f5-47c3-b1c3-2eb32530666e"
"3456","Ballade Pour Adeline","Love In Paris","2013","2013-11-29","HK","Album","2","1","CD","","Love In Paris","2013","Richard Clayderman","757c4009-65f5-47c3-b1c3-2eb32530666e"
"3457","Beautiful (Belle)","Love In Paris","2013","2013-11-29","HK","Album","2","2","CD","","Love In Paris","2013","Richard Clayderman","757c4009-65f5-47c3-b1c3-2eb32530666e"
"3458","Plaisir D'Amour","Love In Paris","2013","2013-11-29","HK","Album","2","3","CD","","Love In Paris","2013","Richard Clayderman","757c4009-65f5-47c3-b1c3-2eb32530666e"
"3459","If You Go Away (Ne Me Quitte Pas)","Love In Paris","2013","2013-11-29","HK","Album","2","4","CD","","Love In Paris","2013","Richard Clayderman","757c4009-65f5-47c3-b1c3-2eb32530666e"
"3460","If You Love Me Really Love Me (Hymne Ö l'Amour)","Love In Paris","2013","2013-11-29","HK","Album","2","5","CD","","Love In Paris","2013","Richard Clayderman","757c4009-65f5-47c3-b1c3-2eb32530666e"
"3461","I Love You (Je T'Aime)","Love In Paris","2013","2013-11-29","HK","Album","2","6","CD","","Love In Paris","2013","Richard Clayderman","757c4009-65f5-47c3-b1c3-2eb32530666e"
"3462","La Tendresse","Love In Paris","2013","2013-11-29","HK","Album","2","7","CD","","Love In Paris","2013","Richard Clayderman","757c4009-65f5-47c3-b1c3-2eb32530666e"
"3463","Live (Vivre)","Love In Paris","2013","2013-11-29","HK","Album","2","8","CD","","Love In Paris","2013","Richard Clayderman","757c4009-65f5-47c3-b1c3-2eb32530666e"
"3464","The Windmills Of Your Mind (Les moulins de mon coeur)","Love In Paris","2013","2013-11-29","HK","Album","2","9","CD","","Love In Paris","2013","Richard Clayderman","757c4009-65f5-47c3-b1c3-2eb32530666e"
"3465","Know How To Love (Savoir Aimer)","Love In Paris","2013","2013-11-29","HK","Album","2","10","CD","","Love In Paris","2013","Richard Clayderman","757c4009-65f5-47c3-b1c3-2eb32530666e"
"3466","On Day You'll See (Un Jour Tu Verras)","Love In Paris","2013","2013-11-29","HK","Album","2","11","CD","","Love In Paris","2013","Richard Clayderman","757c4009-65f5-47c3-b1c3-2eb32530666e"
"3467","Speak To Me Of Love (Parlez-Moi D'amour)","Love In Paris","2013","2013-11-29","HK","Album","2","12","CD","","Love In Paris","2013","Richard Clayderman","757c4009-65f5-47c3-b1c3-2eb32530666e"
"3468","What Now My Love (Et Maintenant)","Love In Paris","2013","2013-11-29","HK","Album","2","13","CD","","Love In Paris","2013","Richard Clayderman","757c4009-65f5-47c3-b1c3-2eb32530666e"
"3469","Ma Solitude","Love In Paris","2013","2013-11-29","HK","Album","2","14","CD","","Love In Paris","2013","Richard Clayderman","757c4009-65f5-47c3-b1c3-2eb32530666e"
"3470","Aline","Love In Paris","2013","2013-11-29","HK","Album","2","15","CD","","Love In Paris","2013","Richard Clayderman","757c4009-65f5-47c3-b1c3-2eb32530666e"
"3471","Ballade Pour Adeline","Masterpieces","2014","2014-02-28","HK","Album","1","1","CD","","Masterpieces","2014","Richard Clayderman","9ff48b89-8c5a-4dfd-b371-6f2ad94e7327"
"3472","A Comme Amour 'L For Love'","Masterpieces","2014","2014-02-28","HK","Album","1","2","CD","","Masterpieces","2014","Richard Clayderman","9ff48b89-8c5a-4dfd-b371-6f2ad94e7327"
"3473","Nocturne","Masterpieces","2014","2014-02-28","HK","Album","1","3","CD","","Masterpieces","2014","Richard Clayderman","9ff48b89-8c5a-4dfd-b371-6f2ad94e7327"
"3474","Fur Elise 'Letter For Elise'","Masterpieces","2014","2014-02-28","HK","Album","1","4","CD","","Masterpieces","2014","Richard Clayderman","9ff48b89-8c5a-4dfd-b371-6f2ad94e7327"
"3475","I Love You 'Je T'aime'","Masterpieces","2014","2014-02-28","HK","Album","1","5","CD","","Masterpieces","2014","Richard Clayderman","9ff48b89-8c5a-4dfd-b371-6f2ad94e7327"
"3476","Lyhard Melody","Masterpieces","2014","2014-02-28","HK","Album","1","6","CD","","Masterpieces","2014","Richard Clayderman","9ff48b89-8c5a-4dfd-b371-6f2ad94e7327"
"3477","Lettre A Ma Mere 'Letter To My Mother'","Masterpieces","2014","2014-02-28","HK","Album","1","7","CD","","Masterpieces","2014","Richard Clayderman","9ff48b89-8c5a-4dfd-b371-6f2ad94e7327"
"3478","Au-Dela Des Souvenirs","Masterpieces","2014","2014-02-28","HK","Album","1","8","CD","","Masterpieces","2014","Richard Clayderman","9ff48b89-8c5a-4dfd-b371-6f2ad94e7327"
"3479","Les Fleurs Sauvages","Masterpieces","2014","2014-02-28","HK","Album","1","9","CD","","Masterpieces","2014","Richard Clayderman","9ff48b89-8c5a-4dfd-b371-6f2ad94e7327"
"3480","Aline","Masterpieces","2014","2014-02-28","HK","Album","1","10","CD","","Masterpieces","2014","Richard Clayderman","9ff48b89-8c5a-4dfd-b371-6f2ad94e7327"
"3481","Moonlight Sonata","Masterpieces","2014","2014-02-28","HK","Album","1","11","CD","","Masterpieces","2014","Richard Clayderman","9ff48b89-8c5a-4dfd-b371-6f2ad94e7327"
"3482","Donlannes Melodie","Masterpieces","2014","2014-02-28","HK","Album","1","12","CD","","Masterpieces","2014","Richard Clayderman","9ff48b89-8c5a-4dfd-b371-6f2ad94e7327"
"3483","Murmures","Masterpieces","2014","2014-02-28","HK","Album","1","13","CD","","Masterpieces","2014","Richard Clayderman","9ff48b89-8c5a-4dfd-b371-6f2ad94e7327"
"3484","Claire De Lune","Masterpieces","2014","2014-02-28","HK","Album","1","14","CD","","Masterpieces","2014","Richard Clayderman","9ff48b89-8c5a-4dfd-b371-6f2ad94e7327"
"3485","Ave Maria","Masterpieces","2014","2014-02-28","HK","Album","1","15","CD","","Masterpieces","2014","Richard Clayderman","9ff48b89-8c5a-4dfd-b371-6f2ad94e7327"
"3486","Couleur Tendresse","Masterpieces","2014","2014-02-28","HK","Album","1","16","CD","","Masterpieces","2014","Richard Clayderman","9ff48b89-8c5a-4dfd-b371-6f2ad94e7327"
"3487","Autumn Leaves (Les Feuilles Mortes)","Masterpieces","2014","2014-02-28","HK","Album","1","17","CD","","Masterpieces","2014","Richard Clayderman","9ff48b89-8c5a-4dfd-b371-6f2ad94e7327"
"3488","Love Is Like A Tide","Masterpieces","2014","2014-02-28","HK","Album","1","18","CD","","Masterpieces","2014","Richard Clayderman","9ff48b89-8c5a-4dfd-b371-6f2ad94e7327"
"3489","Mariage D'amour 'Wedding Of Love'","Masterpieces","2014","2014-02-28","HK","Album","2","1","CD","","Masterpieces","2014","Richard Clayderman","9ff48b89-8c5a-4dfd-b371-6f2ad94e7327"
"3490","Souvenir D'enfance 'Childhood Memories'","Masterpieces","2014","2014-02-28","HK","Album","2","2","CD","","Masterpieces","2014","Richard Clayderman","9ff48b89-8c5a-4dfd-b371-6f2ad94e7327"
"3491","Music Box Dancer","Masterpieces","2014","2014-02-28","HK","Album","2","3","CD","","Masterpieces","2014","Richard Clayderman","9ff48b89-8c5a-4dfd-b371-6f2ad94e7327"
"3492","Strangers In The Night","Masterpieces","2014","2014-02-28","HK","Album","2","4","CD","","Masterpieces","2014","Richard Clayderman","9ff48b89-8c5a-4dfd-b371-6f2ad94e7327"
"3493","Chariots Of Fire","Masterpieces","2014","2014-02-28","HK","Album","2","5","CD","","Masterpieces","2014","Richard Clayderman","9ff48b89-8c5a-4dfd-b371-6f2ad94e7327"
"3494","La Tendresse","Masterpieces","2014","2014-02-28","HK","Album","2","6","CD","","Masterpieces","2014","Richard Clayderman","9ff48b89-8c5a-4dfd-b371-6f2ad94e7327"
"3495","Don't Know Why","Masterpieces","2014","2014-02-28","HK","Album","2","7","CD","","Masterpieces","2014","Richard Clayderman","9ff48b89-8c5a-4dfd-b371-6f2ad94e7327"
"3496","Eleana","Masterpieces","2014","2014-02-28","HK","Album","2","8","CD","","Masterpieces","2014","Richard Clayderman","9ff48b89-8c5a-4dfd-b371-6f2ad94e7327"
"3497","Romeo And Juliette","Masterpieces","2014","2014-02-28","HK","Album","2","9","CD","","Masterpieces","2014","Richard Clayderman","9ff48b89-8c5a-4dfd-b371-6f2ad94e7327"
"3498","My Way 2006","Masterpieces","2014","2014-02-28","HK","Album","2","10","CD","","Masterpieces","2014","Richard Clayderman","9ff48b89-8c5a-4dfd-b371-6f2ad94e7327"
"3499","Winter Sonata","Masterpieces","2014","2014-02-28","HK","Album","2","11","CD","","Masterpieces","2014","Richard Clayderman","9ff48b89-8c5a-4dfd-b371-6f2ad94e7327"
"3500","Beyond The Sea","Masterpieces","2014","2014-02-28","HK","Album","2","12","CD","","Masterpieces","2014","Richard Clayderman","9ff48b89-8c5a-4dfd-b371-6f2ad94e7327"
"3501","Jardin Secret 'Secret Garden'","Masterpieces","2014","2014-02-28","HK","Album","2","13","CD","","Masterpieces","2014","Richard Clayderman","9ff48b89-8c5a-4dfd-b371-6f2ad94e7327"
"3502","Plaisir D'amour","Masterpieces","2014","2014-02-28","HK","Album","2","14","CD","","Masterpieces","2014","Richard Clayderman","9ff48b89-8c5a-4dfd-b371-6f2ad94e7327"
"3503","As Time Goes By","Masterpieces","2014","2014-02-28","HK","Album","2","15","CD","","Masterpieces","2014","Richard Clayderman","9ff48b89-8c5a-4dfd-b371-6f2ad94e7327"
"3504","Don't Cry For Me Argentina","Masterpieces","2014","2014-02-28","HK","Album","2","16","CD","","Masterpieces","2014","Richard Clayderman","9ff48b89-8c5a-4dfd-b371-6f2ad94e7327"
"3505","Love Story","Masterpieces","2014","2014-02-28","HK","Album","2","17","CD","","Masterpieces","2014","Richard Clayderman","9ff48b89-8c5a-4dfd-b371-6f2ad94e7327"
"3506","Let It Be","Masterpieces","2014","2014-02-28","HK","Album","2","18","CD","","Masterpieces","2014","Richard Clayderman","9ff48b89-8c5a-4dfd-b371-6f2ad94e7327"
"3507","The Sound Of Silence","Masterpieces","2014","2014-02-28","HK","Album","3","1","CD","","Masterpieces","2014","Richard Clayderman","9ff48b89-8c5a-4dfd-b371-6f2ad94e7327"
"3508","Yesterday","Masterpieces","2014","2014-02-28","HK","Album","3","2","CD","","Masterpieces","2014","Richard Clayderman","9ff48b89-8c5a-4dfd-b371-6f2ad94e7327"
"3509","I Will Always Love You","Masterpieces","2014","2014-02-28","HK","Album","3","3","CD","","Masterpieces","2014","Richard Clayderman","9ff48b89-8c5a-4dfd-b371-6f2ad94e7327"
"3510","Sukiyaki","Masterpieces","2014","2014-02-28","HK","Album","3","4","CD","","Masterpieces","2014","Richard Clayderman","9ff48b89-8c5a-4dfd-b371-6f2ad94e7327"
"3511","Feelings","Masterpieces","2014","2014-02-28","HK","Album","3","5","CD","","Masterpieces","2014","Richard Clayderman","9ff48b89-8c5a-4dfd-b371-6f2ad94e7327"
"3512","Unchained Melody","Masterpieces","2014","2014-02-28","HK","Album","3","6","CD","","Masterpieces","2014","Richard Clayderman","9ff48b89-8c5a-4dfd-b371-6f2ad94e7327"
"3513","Moon River","Masterpieces","2014","2014-02-28","HK","Album","3","7","CD","","Masterpieces","2014","Richard Clayderman","9ff48b89-8c5a-4dfd-b371-6f2ad94e7327"
"3514","My Heart Will Go On","Masterpieces","2014","2014-02-28","HK","Album","3","8","CD","","Masterpieces","2014","Richard Clayderman","9ff48b89-8c5a-4dfd-b371-6f2ad94e7327"
"3515","May It Be","Masterpieces","2014","2014-02-28","HK","Album","3","9","CD","","Masterpieces","2014","Richard Clayderman","9ff48b89-8c5a-4dfd-b371-6f2ad94e7327"
"3516","Perhaps Love","Masterpieces","2014","2014-02-28","HK","Album","3","10","CD","","Masterpieces","2014","Richard Clayderman","9ff48b89-8c5a-4dfd-b371-6f2ad94e7327"
"3517","Only You","Masterpieces","2014","2014-02-28","HK","Album","3","11","CD","","Masterpieces","2014","Richard Clayderman","9ff48b89-8c5a-4dfd-b371-6f2ad94e7327"
"3518","When You Tell Me That You Love Me","Masterpieces","2014","2014-02-28","HK","Album","3","12","CD","","Masterpieces","2014","Richard Clayderman","9ff48b89-8c5a-4dfd-b371-6f2ad94e7327"
"3519","You're Beautiful","Masterpieces","2014","2014-02-28","HK","Album","3","13","CD","","Masterpieces","2014","Richard Clayderman","9ff48b89-8c5a-4dfd-b371-6f2ad94e7327"
"3520","All By Myself","Masterpieces","2014","2014-02-28","HK","Album","3","14","CD","","Masterpieces","2014","Richard Clayderman","9ff48b89-8c5a-4dfd-b371-6f2ad94e7327"
"3521","When A Man Loves A Woman","Masterpieces","2014","2014-02-28","HK","Album","3","15","CD","","Masterpieces","2014","Richard Clayderman","9ff48b89-8c5a-4dfd-b371-6f2ad94e7327"
"3522","How Deep Is Your Love","Masterpieces","2014","2014-02-28","HK","Album","3","16","CD","","Masterpieces","2014","Richard Clayderman","9ff48b89-8c5a-4dfd-b371-6f2ad94e7327"
"3523","Invisible","Masterpieces","2014","2014-02-28","HK","Album","3","17","CD","","Masterpieces","2014","Richard Clayderman","9ff48b89-8c5a-4dfd-b371-6f2ad94e7327"
"3524","We've Only Just Begun","Masterpieces","2014","2014-02-28","HK","Album","3","18","CD","","Masterpieces","2014","Richard Clayderman","9ff48b89-8c5a-4dfd-b371-6f2ad94e7327"
"3525","Unchained Melody","Unchained Melody: Valentine's Day Romantic Piano Love Songs","2015","2015","US","Album","1","1","Digital Media","184142","Unchained Melody: Valentine's Day Romantic Piano Love Songs","2015","Richard Clayderman","2e504761-672d-4029-928b-9f306f041c99"
"3526","You Are the Sunshine of My Life","Unchained Melody: Valentine's Day Romantic Piano Love Songs","2015","2015","US","Album","1","2","Digital Media","168006","Unchained Melody: Valentine's Day Romantic Piano Love Songs","2015","Richard Clayderman","2e504761-672d-4029-928b-9f306f041c99"
"3527","I Will Always Love You","Unchained Melody: Valentine's Day Romantic Piano Love Songs","2015","2015","US","Album","1","3","Digital Media","245998","Unchained Melody: Valentine's Day Romantic Piano Love Songs","2015","Richard Clayderman","2e504761-672d-4029-928b-9f306f041c99"
"3528","Have I Told You Lately","Unchained Melody: Valentine's Day Romantic Piano Love Songs","2015","2015","US","Album","1","4","Digital Media","206182","Unchained Melody: Valentine's Day Romantic Piano Love Songs","2015","Richard Clayderman","2e504761-672d-4029-928b-9f306f041c99"
"3529","When a Man Loves a Woman","Unchained Melody: Valentine's Day Romantic Piano Love Songs","2015","2015","US","Album","1","5","Digital Media","172889","Unchained Melody: Valentine's Day Romantic Piano Love Songs","2015","Richard Clayderman","2e504761-672d-4029-928b-9f306f041c99"
"3530","Can You Feel the Love Tonight","Unchained Melody: Valentine's Day Romantic Piano Love Songs","2015","2015","US","Album","1","6","Digital Media","191139","Unchained Melody: Valentine's Day Romantic Piano Love Songs","2015","Richard Clayderman","2e504761-672d-4029-928b-9f306f041c99"
"3531","You're Beautiful","Unchained Melody: Valentine's Day Romantic Piano Love Songs","2015","2015","US","Album","1","7","Digital Media","168835","Unchained Melody: Valentine's Day Romantic Piano Love Songs","2015","Richard Clayderman","2e504761-672d-4029-928b-9f306f041c99"
"3532","You Are My World","Unchained Melody: Valentine's Day Romantic Piano Love Songs","2015","2015","US","Album","1","8","Digital Media","263835","Unchained Melody: Valentine's Day Romantic Piano Love Songs","2015","Richard Clayderman","2e504761-672d-4029-928b-9f306f041c99"
"3533","Mandy","Unchained Melody: Valentine's Day Romantic Piano Love Songs","2015","2015","US","Album","1","9","Digital Media","139781","Unchained Melody: Valentine's Day Romantic Piano Love Songs","2015","Richard Clayderman","2e504761-672d-4029-928b-9f306f041c99"
"3534","As Time Goes By","Unchained Melody: Valentine's Day Romantic Piano Love Songs","2015","2015","US","Album","1","10","Digital Media","138386","Unchained Melody: Valentine's Day Romantic Piano Love Songs","2015","Richard Clayderman","2e504761-672d-4029-928b-9f306f041c99"
"3535","I Love You I Honestly Love You","Unchained Melody: Valentine's Day Romantic Piano Love Songs","2015","2015","US","Album","1","11","Digital Media","187317","Unchained Melody: Valentine's Day Romantic Piano Love Songs","2015","Richard Clayderman","2e504761-672d-4029-928b-9f306f041c99"
"3536","I Just Called to Say I Love You","Unchained Melody: Valentine's Day Romantic Piano Love Songs","2015","2015","US","Album","1","12","Digital Media","220538","Unchained Melody: Valentine's Day Romantic Piano Love Songs","2015","Richard Clayderman","2e504761-672d-4029-928b-9f306f041c99"
"3537","How Deep Is Your Love","Unchained Melody: Valentine's Day Romantic Piano Love Songs","2015","2015","US","Album","1","13","Digital Media","224755","Unchained Melody: Valentine's Day Romantic Piano Love Songs","2015","Richard Clayderman","2e504761-672d-4029-928b-9f306f041c99"
"3538","The Most Beautiful Girl","Unchained Melody: Valentine's Day Romantic Piano Love Songs","2015","2015","US","Album","1","14","Digital Media","152958","Unchained Melody: Valentine's Day Romantic Piano Love Songs","2015","Richard Clayderman","2e504761-672d-4029-928b-9f306f041c99"
"3539","And I Love You So","Unchained Melody: Valentine's Day Romantic Piano Love Songs","2015","2015","US","Album","1","15","Digital Media","148970","Unchained Melody: Valentine's Day Romantic Piano Love Songs","2015","Richard Clayderman","2e504761-672d-4029-928b-9f306f041c99"
"3540","Love Changes Everything","Unchained Melody: Valentine's Day Romantic Piano Love Songs","2015","2015","US","Album","1","16","Digital Media","312651","Unchained Melody: Valentine's Day Romantic Piano Love Songs","2015","Richard Clayderman","2e504761-672d-4029-928b-9f306f041c99"
"3541","Hello","Essential Love Songs","2015","2015-04-03","","Album","1","1","Digital Media","190506","Essential Love Songs","2015","Richard Clayderman","f2fcdb92-1015-452d-89ca-258f13875b51"
"3542","Lady in Red / Take My Breath Away","Essential Love Songs","2015","2015-04-03","","Album","1","2","Digital Media","249173","Essential Love Songs","2015","Richard Clayderman","f2fcdb92-1015-452d-89ca-258f13875b51"
"3543","Ballade Pour Adeline","Essential Love Songs","2015","2015-04-03","","Album","1","3","Digital Media","156946","Essential Love Songs","2015","Paul de Senneville & Richard Clayderman","f2fcdb92-1015-452d-89ca-258f13875b51"
"3544","The Way We Were","Essential Love Songs","2015","2015-04-03","","Album","1","4","Digital Media","168026","Essential Love Songs","2015","Richard Clayderman","f2fcdb92-1015-452d-89ca-258f13875b51"
"3545","And I Love You So","Essential Love Songs","2015","2015-04-03","","Album","1","5","Digital Media","153053","Essential Love Songs","2015","Richard Clayderman","f2fcdb92-1015-452d-89ca-258f13875b51"
"3546","On the Street Where You Live","Essential Love Songs","2015","2015-04-03","","Album","1","6","Digital Media","159346","Essential Love Songs","2015","Richard Clayderman","f2fcdb92-1015-452d-89ca-258f13875b51"
"3547","Have I Told You Lately That I Love You","Essential Love Songs","2015","2015-04-03","","Album","1","7","Digital Media","209840","Essential Love Songs","2015","Richard Clayderman","f2fcdb92-1015-452d-89ca-258f13875b51"
"3548","Everytime You Go Away","Essential Love Songs","2015","2015-04-03","","Album","1","8","Digital Media","168040","Essential Love Songs","2015","Richard Clayderman","f2fcdb92-1015-452d-89ca-258f13875b51"
"3549","For All We Know / We’ve Only Just Begun","Essential Love Songs","2015","2015-04-03","","Album","1","9","Digital Media","261933","Essential Love Songs","2015","Richard Clayderman","f2fcdb92-1015-452d-89ca-258f13875b51"
"3550","Memory","Essential Love Songs","2015","2015-04-03","","Album","1","10","Digital Media","186000","Essential Love Songs","2015","Richard Clayderman","f2fcdb92-1015-452d-89ca-258f13875b51"
"3551","All the Love in the World","Essential Love Songs","2015","2015-04-03","","Album","1","11","Digital Media","208013","Essential Love Songs","2015","Richard Clayderman","f2fcdb92-1015-452d-89ca-258f13875b51"
"3552","Up Where We Belong (from “An Officer and a Gentleman”)","Essential Love Songs","2015","2015-04-03","","Album","1","12","Digital Media","180013","Essential Love Songs","2015","Montmartre Strings","f2fcdb92-1015-452d-89ca-258f13875b51"
"3553","The Most Beautiful Girl","Essential Love Songs","2015","2015-04-03","","Album","1","13","Digital Media","155466","Essential Love Songs","2015","Richard Clayderman","f2fcdb92-1015-452d-89ca-258f13875b51"
"3554","(They Long to Be) Close to You","Essential Love Songs","2015","2015-04-03","","Album","1","14","Digital Media","215400","Essential Love Songs","2015","Richard Clayderman & Michael Bolton","f2fcdb92-1015-452d-89ca-258f13875b51"
"3555","Smoke Gets in Your Eyes","Essential Love Songs","2015","2015-04-03","","Album","1","15","Digital Media","155693","Essential Love Songs","2015","Richard Clayderman","f2fcdb92-1015-452d-89ca-258f13875b51"
"3556","Make It with You","Essential Love Songs","2015","2015-04-03","","Album","1","16","Digital Media","196866","Essential Love Songs","2015","Richard Clayderman","f2fcdb92-1015-452d-89ca-258f13875b51"
"3557","Careless Whisper","Essential Love Songs","2015","2015-04-03","","Album","1","17","Digital Media","168106","Essential Love Songs","2015","Richard Clayderman","f2fcdb92-1015-452d-89ca-258f13875b51"
"3558","I Just Can’t Stop Loving You","Essential Love Songs","2015","2015-04-03","","Album","1","18","Digital Media","227186","Essential Love Songs","2015","Richard Clayderman","f2fcdb92-1015-452d-89ca-258f13875b51"
"3559","Do You Know Where You’re Going to","Essential Love Songs","2015","2015-04-03","","Album","1","19","Digital Media","213186","Essential Love Songs","2015","Richard Clayderman","f2fcdb92-1015-452d-89ca-258f13875b51"
"3560","The Shadow of Your Smile","Essential Love Songs","2015","2015-04-03","","Album","1","20","Digital Media","184853","Essential Love Songs","2015","Richard Clayderman","f2fcdb92-1015-452d-89ca-258f13875b51"
"3561","As Time Goes By","Essential Love Songs","2015","2015-04-03","","Album","1","21","Digital Media","140560","Essential Love Songs","2015","Richard Clayderman","f2fcdb92-1015-452d-89ca-258f13875b51"
"3562","The Way You Look Tonight","Essential Love Songs","2015","2015-04-03","","Album","1","22","Digital Media","139653","Essential Love Songs","2015","Richard Clayderman","f2fcdb92-1015-452d-89ca-258f13875b51"
"3563","La Vie En Rose","Essential Love Songs","2015","2015-04-03","","Album","1","23","Digital Media","157373","Essential Love Songs","2015","Adrian Quesada, Cisco Adler, Louiguy & Richard Clayderman","f2fcdb92-1015-452d-89ca-258f13875b51"
"3564","Don’t Dream It’s Over","Essential Love Songs","2015","2015-04-03","","Album","1","24","Digital Media","167653","Essential Love Songs","2015","Richard Clayderman","f2fcdb92-1015-452d-89ca-258f13875b51"
"3565","The Wind Beneath My Wings","Essential Love Songs","2015","2015-04-03","","Album","1","25","Digital Media","201213","Essential Love Songs","2015","Richard Clayderman","f2fcdb92-1015-452d-89ca-258f13875b51"
"3566","I Know Him so Well","Essential Love Songs","2015","2015-04-03","","Album","1","26","Digital Media","244426","Essential Love Songs","2015","Richard Clayderman","f2fcdb92-1015-452d-89ca-258f13875b51"
"3567","Cavatina","Essential Love Songs","2015","2015-04-03","","Album","1","27","Digital Media","212533","Essential Love Songs","2015","Richard Clayderman","f2fcdb92-1015-452d-89ca-258f13875b51"
"3568","","Essential Love Songs","2015","2015-04-03","","Album","2","","Digital Media","","Essential Love Songs","2015","","f2fcdb92-1015-452d-89ca-258f13875b51"
"3569","Over the Rainbow","Essential Love Songs","2015","2015-04-03","","Album","3","1","Digital Media","169240","Essential Love Songs","2015","Harold Arlen, Richard Clayderman, Roger Berthier & Royal Philharmonic Orchestra","f2fcdb92-1015-452d-89ca-258f13875b51"
"3570","I Will Always Love You","Essential Love Songs","2015","2015-04-03","","Album","3","2","Digital Media","248640","Essential Love Songs","2015","Dolly Parton & Richard Clayderman","f2fcdb92-1015-452d-89ca-258f13875b51"
"3571","Don’t Cry for Me Argentina","Essential Love Songs","2015","2015-04-03","","Album","3","3","Digital Media","215573","Essential Love Songs","2015","Andrew Lloyd Webber & Richard Clayderman","f2fcdb92-1015-452d-89ca-258f13875b51"
"3572","","Essential Love Songs","2015","2015-04-03","","Album","4","","Digital Media","","Essential Love Songs","2015","","f2fcdb92-1015-452d-89ca-258f13875b51"
"3573","I Just Called to Say I Love You","Essential Love Songs","2015","2015-04-03","","Album","5","1","Digital Media","222920","Essential Love Songs","2015","Stevie Wonder & Richard Clayderman","f2fcdb92-1015-452d-89ca-258f13875b51"
"3574","When a Man Loves a Woman","Essential Love Songs","2015","2015-04-03","","Album","5","2","Digital Media","175053","Essential Love Songs","2015","James Arthur, Calvin Lewis & Richard Clayderman","f2fcdb92-1015-452d-89ca-258f13875b51"
"3575","The Power of Love","Essential Love Songs","2015","2015-04-03","","Album","5","3","Digital Media","244093","Essential Love Songs","2015","Candy de Rouge, Gunther Mende, Jennifer Rush, Mary Applegate & Richard Clayderman","f2fcdb92-1015-452d-89ca-258f13875b51"
"3576","How Deep Is Your Love","Essential Love Songs","2015","2015-04-03","","Album","5","4","Digital Media","227213","Essential Love Songs","2015","Barry Gibb, Maurice Gibb, Robin Gibb & Richard Clayderman","f2fcdb92-1015-452d-89ca-258f13875b51"
"3577","(Everything I Do) I Do It for You","Essential Love Songs","2015","2015-04-03","","Album","5","5","Digital Media","245986","Essential Love Songs","2015","Bryan Adams, Michael Kamen, Robert Lange & Richard Clayderman","f2fcdb92-1015-452d-89ca-258f13875b51"
"3578","Just the Way You Are","Essential Love Songs","2015","2015-04-03","","Album","5","6","Digital Media","213840","Essential Love Songs","2015","Billy Joel & Richard Clayderman","f2fcdb92-1015-452d-89ca-258f13875b51"
"3579","Candle in the Wind","Essential Love Songs","2015","2015-04-03","","Album","5","7","Digital Media","188546","Essential Love Songs","2015","Elton John & Richard Clayderman","f2fcdb92-1015-452d-89ca-258f13875b51"
"3580","You Are the Sunshine of My Life","Essential Love Songs","2015","2015-04-03","","Album","5","8","Digital Media","170213","Essential Love Songs","2015","Stevie Wonder & Richard Clayderman","f2fcdb92-1015-452d-89ca-258f13875b51"
"3581","Only You","Essential Love Songs","2015","2015-04-03","","Album","5","9","Digital Media","189960","Essential Love Songs","2015","Ande Rand, Buck Ram & Richard Clayderman","f2fcdb92-1015-452d-89ca-258f13875b51"
"3582","All by Myself","Essential Love Songs","2015","2015-04-03","","Album","5","10","Digital Media","191026","Essential Love Songs","2015","Eric Carmen, Сергей Васильевич Рахманинов & Richard Clayderman","f2fcdb92-1015-452d-89ca-258f13875b51"
"3583","愛のコンチェルト (Paul de Senneville)","スーパー・ベスト","2015","2015-05-20","JP","Album","1","1","Digital Media","225213","Super Best","2015","リチャード・クレイダーマン","bf5e35e1-bfa6-4587-add6-2276d73af282"
"3584","渚のアデリーヌ (Paul de Senneville)","スーパー・ベスト","2015","2015-05-20","JP","Album","1","2","Digital Media","158226","Super Best","2015","リチャード・クレイダーマン","bf5e35e1-bfa6-4587-add6-2276d73af282"
"3585","虹色の心 (Paul de Senneville)","スーパー・ベスト","2015","2015-05-20","JP","Album","1","3","Digital Media","221026","Super Best","2015","リチャード・クレイダーマン","bf5e35e1-bfa6-4587-add6-2276d73af282"
"3586","星空のファンタジー (Olivier Toussaint)","スーパー・ベスト","2015","2015-05-20","JP","Album","1","4","Digital Media","231746","Super Best","2015","リチャード・クレイダーマン","bf5e35e1-bfa6-4587-add6-2276d73af282"
"3587","星のセレナーデ (Paul de Senneville / arr: Herve Roy)","スーパー・ベスト","2015","2015-05-20","JP","Album","1","5","Digital Media","177986","Super Best","2015","リチャード・クレイダーマン","bf5e35e1-bfa6-4587-add6-2276d73af282"
"3588","アナスターシャの最後の日々 (Paul de Senneville-Jean Baudlot/arr: Herve Roy)","スーパー・ベスト","2015","2015-05-20","JP","Album","1","6","Digital Media","199613","Super Best","2015","リチャード・クレイダーマン","bf5e35e1-bfa6-4587-add6-2276d73af282"
"3589","レディ・ダイ(レディ・ディ) (Paul de Senneville-Jean Baudlot/arr: Herve Roy)","スーパー・ベスト","2015","2015-05-20","JP","Album","1","7","Digital Media","155933","Super Best","2015","リチャード・クレイダーマン","bf5e35e1-bfa6-4587-add6-2276d73af282"
"3590","綿の国星 (Robert Stolz)","スーパー・ベスト","2015","2015-05-20","JP","Album","1","8","Digital Media","110640","Super Best","2015","リチャード・クレイダーマン","bf5e35e1-bfa6-4587-add6-2276d73af282"
"3591","小さなピアノの詩 (Cleo Laine-Stanley Myers/arr: Regis Dupre)","スーパー・ベスト","2015","2015-05-20","JP","Album","1","9","Digital Media","215533","Super Best","2015","リチャード・クレイダーマン","bf5e35e1-bfa6-4587-add6-2276d73af282"
"3592","午後の旅立ち (Paul de Senneville)","スーパー・ベスト","2015","2015-05-20","JP","Album","1","10","Digital Media","168533","Super Best","2015","リチャード・クレイダーマン","bf5e35e1-bfa6-4587-add6-2276d73af282"
"3593","鳥を夢見て (Paul de Senneville)","スーパー・ベスト","2015","2015-05-20","JP","Album","1","11","Digital Media","152400","Super Best","2015","リチャード・クレイダーマン","bf5e35e1-bfa6-4587-add6-2276d73af282"
"3594","ほほえみのバネッサ (Paul de Senneville-Olivier Toussaint)","スーパー・ベスト","2015","2015-05-20","JP","Album","1","12","Digital Media","139626","Super Best","2015","リチャード・クレイダーマン","bf5e35e1-bfa6-4587-add6-2276d73af282"
"3595","愛しのクリスティーヌ (I) (Paul de Senneville)","スーパー・ベスト","2015","2015-05-20","JP","Album","1","13","Digital Media","171053","Super Best","2015","リチャード・クレイダーマン","bf5e35e1-bfa6-4587-add6-2276d73af282"
"3596","秋のささやき (Paul de Senneville-Olivier Toussaint)","スーパー・ベスト","2015","2015-05-20","JP","Album","1","14","Digital Media","199826","Super Best","2015","リチャード・クレイダーマン","bf5e35e1-bfa6-4587-add6-2276d73af282"
"3597","子供のためのロンド (ピアノ・ソロ) (Paul de Senneville)","スーパー・ベスト","2015","2015-05-20","JP","Album","1","15","Digital Media","94746","Super Best","2015","リチャード・クレイダーマン","bf5e35e1-bfa6-4587-add6-2276d73af282"
"3598","ノスタルジー (II) (Olivier Toussaint)","スーパー・ベスト","2015","2015-05-20","JP","Album","1","16","Digital Media","158693","Super Best","2015","リチャード・クレイダーマン","bf5e35e1-bfa6-4587-add6-2276d73af282"
"3599","母への手紙 (Paul de Senneville)","スーパー・ベスト","2015","2015-05-20","JP","Album","1","17","Digital Media","166213","Super Best","2015","リチャード・クレイダーマン","bf5e35e1-bfa6-4587-add6-2276d73af282"
"3600","Love Story","Movie Favourites","2017","2017-08-24","","Album","1","1","CD","","Movie Favourites","2017","Richard Clayderman","b89765ca-4b41-425b-a947-596b5d7d329e"
"3601","Chariots of Fire","Movie Favourites","2017","2017-08-24","","Album","1","2","CD","","Movie Favourites","2017","Richard Clayderman","b89765ca-4b41-425b-a947-596b5d7d329e"
"3602","Merry Christmas Mr Lawrence","Movie Favourites","2017","2017-08-24","","Album","1","3","CD","","Movie Favourites","2017","Richard Clayderman","b89765ca-4b41-425b-a947-596b5d7d329e"
"3603","Flashdance (What a Feeling)","Movie Favourites","2017","2017-08-24","","Album","1","4","CD","","Movie Favourites","2017","Richard Clayderman","b89765ca-4b41-425b-a947-596b5d7d329e"
"3604","Romeo and Juliet","Movie Favourites","2017","2017-08-24","","Album","1","5","CD","","Movie Favourites","2017","Richard Clayderman","b89765ca-4b41-425b-a947-596b5d7d329e"
"3605","The Way We Were","Movie Favourites","2017","2017-08-24","","Album","1","6","CD","","Movie Favourites","2017","Richard Clayderman","b89765ca-4b41-425b-a947-596b5d7d329e"
"3606","The Thorn Birds Theme","Movie Favourites","2017","2017-08-24","","Album","1","7","CD","","Movie Favourites","2017","Richard Clayderman","b89765ca-4b41-425b-a947-596b5d7d329e"
"3607","Over the Rainbow","Movie Favourites","2017","2017-08-24","","Album","1","8","CD","","Movie Favourites","2017","Richard Clayderman","b89765ca-4b41-425b-a947-596b5d7d329e"
"3608","Harry Potter Melody","Movie Favourites","2017","2017-08-24","","Album","1","9","CD","","Movie Favourites","2017","Richard Clayderman","b89765ca-4b41-425b-a947-596b5d7d329e"
"3609","Exodus","Movie Favourites","2017","2017-08-24","","Album","1","10","CD","","Movie Favourites","2017","Richard Clayderman","b89765ca-4b41-425b-a947-596b5d7d329e"
"3610","Moon River","Movie Favourites","2017","2017-08-24","","Album","1","11","CD","","Movie Favourites","2017","Richard Clayderman","b89765ca-4b41-425b-a947-596b5d7d329e"
"3611","River of No Return","Movie Favourites","2017","2017-08-24","","Album","1","12","CD","","Movie Favourites","2017","Richard Clayderman","b89765ca-4b41-425b-a947-596b5d7d329e"
"3612","Titanic Symphony","Movie Favourites","2017","2017-08-24","","Album","1","13","CD","","Movie Favourites","2017","Richard Clayderman","b89765ca-4b41-425b-a947-596b5d7d329e"
"3613","Cavatina","Movie Favourites","2017","2017-08-24","","Album","1","14","CD","","Movie Favourites","2017","Richard Clayderman","b89765ca-4b41-425b-a947-596b5d7d329e"
"3614","Do You Know Where You're Going To?","Movie Favourites","2017","2017-08-24","","Album","1","15","CD","","Movie Favourites","2017","Richard Clayderman","b89765ca-4b41-425b-a947-596b5d7d329e"
"3615","Tara's Theme","Movie Favourites","2017","2017-08-24","","Album","1","16","CD","","Movie Favourites","2017","Richard Clayderman","b89765ca-4b41-425b-a947-596b5d7d329e"
"3616","Greensleeves","Movie Favourites","2017","2017-08-24","","Album","1","17","CD","","Movie Favourites","2017","Richard Clayderman","b89765ca-4b41-425b-a947-596b5d7d329e"
"3617","Goldfinger","Movie Favourites","2017","2017-08-24","","Album","1","18","CD","","Movie Favourites","2017","Richard Clayderman","b89765ca-4b41-425b-a947-596b5d7d329e"
"3618","Smoke Gets In Your Eyes","Movie Favourites","2017","2017-08-24","","Album","1","19","CD","","Movie Favourites","2017","Richard Clayderman","b89765ca-4b41-425b-a947-596b5d7d329e"
"3619","Clair De Lune","Movie Favourites","2017","2017-08-24","","Album","1","20","CD","","Movie Favourites","2017","Richard Clayderman","b89765ca-4b41-425b-a947-596b5d7d329e"
"3620","Viva La Vida","Forever Love","2022","2022","GB","Album","1","1","CD","","Forever Love","2022","Richard Clayderman","4ea7ce8a-9bbb-4125-8dea-6b384118ed3e"
"3621","Un Amour Sans Fin","Forever Love","2022","2022","GB","Album","1","2","CD","","Forever Love","2022","Richard Clayderman","4ea7ce8a-9bbb-4125-8dea-6b384118ed3e"
"3622","Walking In My Lovely Forest","Forever Love","2022","2022","GB","Album","1","3","CD","","Forever Love","2022","Richard Clayderman","4ea7ce8a-9bbb-4125-8dea-6b384118ed3e"
"3623","The Waltz of the Flowers","Forever Love","2022","2022","GB","Album","1","4","CD","","Forever Love","2022","Richard Clayderman","4ea7ce8a-9bbb-4125-8dea-6b384118ed3e"
"3624","Radetzky March","Forever Love","2022","2022","GB","Album","1","5","CD","","Forever Love","2022","Richard Clayderman","4ea7ce8a-9bbb-4125-8dea-6b384118ed3e"
"3625","To Adeline, My Love","Forever Love","2022","2022","GB","Album","1","6","CD","","Forever Love","2022","Richard Clayderman","4ea7ce8a-9bbb-4125-8dea-6b384118ed3e"
"3626","We're All Alone","Forever Love","2022","2022","GB","Album","1","7","CD","","Forever Love","2022","Richard Clayderman","4ea7ce8a-9bbb-4125-8dea-6b384118ed3e"
"3627","Mes Mots D'Amour","Forever Love","2022","2022","GB","Album","1","8","CD","","Forever Love","2022","Richard Clayderman","4ea7ce8a-9bbb-4125-8dea-6b384118ed3e"
"3628","Angel Memory","Forever Love","2022","2022","GB","Album","1","9","CD","","Forever Love","2022","Richard Clayderman","4ea7ce8a-9bbb-4125-8dea-6b384118ed3e"
"3629","The Skaters Waltz","Forever Love","2022","2022","GB","Album","1","10","CD","","Forever Love","2022","Richard Clayderman","4ea7ce8a-9bbb-4125-8dea-6b384118ed3e"
"3630","Let's Hope","Forever Love","2022","2022","GB","Album","1","11","CD","","Forever Love","2022","Richard Clayderman","4ea7ce8a-9bbb-4125-8dea-6b384118ed3e"
"3631","Perfect Symphony","Forever Love","2022","2022","GB","Album","1","12","CD","","Forever Love","2022","Richard Clayderman","4ea7ce8a-9bbb-4125-8dea-6b384118ed3e"
"3632","And I Love You So","Forever Love","2022","2022","GB","Album","2","2-6","CD","","Forever Love","2022","Richard Clayderman","4ea7ce8a-9bbb-4125-8dea-6b384118ed3e"
"3633","Ballade Pour Adeline","Forever Love","2022","2022","GB","Album","2","2-1","CD","","Forever Love","2022","Richard Clayderman","4ea7ce8a-9bbb-4125-8dea-6b384118ed3e"
"3634","Can You Feel the Love Tonight","Forever Love","2022","2022","GB","Album","2","2-10","CD","","Forever Love","2022","Richard Clayderman","4ea7ce8a-9bbb-4125-8dea-6b384118ed3e"
"3635","Close to You","Forever Love","2022","2022","GB","Album","2","2-4","CD","","Forever Love","2022","Richard Clayderman","4ea7ce8a-9bbb-4125-8dea-6b384118ed3e"
"3636","Harmony","Forever Love","2022","2022","GB","Album","2","2-13","CD","","Forever Love","2022","Richard Clayderman","4ea7ce8a-9bbb-4125-8dea-6b384118ed3e"
"3637","Hello","Forever Love","2022","2022","GB","Album","2","2-7","CD","","Forever Love","2022","Richard Clayderman","4ea7ce8a-9bbb-4125-8dea-6b384118ed3e"
"3638","How Deep Is Your Love","Forever Love","2022","2022","GB","Album","2","2-9","CD","","Forever Love","2022","Richard Clayderman","4ea7ce8a-9bbb-4125-8dea-6b384118ed3e"
"3639","I Just Called to Say I Love You","Forever Love","2022","2022","GB","Album","2","2-3","CD","","Forever Love","2022","Richard Clayderman","4ea7ce8a-9bbb-4125-8dea-6b384118ed3e"
"3640","I Will Always Love You","Forever Love","2022","2022","GB","Album","2","2-19","CD","","Forever Love","2022","Richard Clayderman","4ea7ce8a-9bbb-4125-8dea-6b384118ed3e"
"3641","Lady In Red / Take My Breath Away","Forever Love","2022","2022","GB","Album","2","2-16","CD","","Forever Love","2022","Richard Clayderman","4ea7ce8a-9bbb-4125-8dea-6b384118ed3e"
"3642","Mariage D'Amour","Forever Love","2022","2022","GB","Album","2","2-5","CD","","Forever Love","2022","Richard Clayderman","4ea7ce8a-9bbb-4125-8dea-6b384118ed3e"
"3643","Moon River","Forever Love","2022","2022","GB","Album","2","2-8","CD","","Forever Love","2022","Richard Clayderman","4ea7ce8a-9bbb-4125-8dea-6b384118ed3e"
"3644","Music Box Dancer","Forever Love","2022","2022","GB","Album","2","2-14","CD","","Forever Love","2022","Richard Clayderman","4ea7ce8a-9bbb-4125-8dea-6b384118ed3e"
"3645","Souvenirs D'Enfance","Forever Love","2022","2022","GB","Album","2","2-11","CD","","Forever Love","2022","Richard Clayderman","4ea7ce8a-9bbb-4125-8dea-6b384118ed3e"
"3646","The Power of Love","Forever Love","2022","2022","GB","Album","2","2-2","CD","","Forever Love","2022","Richard Clayderman","4ea7ce8a-9bbb-4125-8dea-6b384118ed3e"
"3647","The Wind Beneath My Wings","Forever Love","2022","2022","GB","Album","2","2-17","CD","","Forever Love","2022","Richard Clayderman","4ea7ce8a-9bbb-4125-8dea-6b384118ed3e"
"3648","Theme From ''Love Story''","Forever Love","2022","2022","GB","Album","2","2-12","CD","","Forever Love","2022","Richard Clayderman","4ea7ce8a-9bbb-4125-8dea-6b384118ed3e"
"3649","Unchained Melody","Forever Love","2022","2022","GB","Album","2","2-15","CD","","Forever Love","2022","Richard Clayderman","4ea7ce8a-9bbb-4125-8dea-6b384118ed3e"
"3650","What A Wonderful World","Forever Love","2022","2022","GB","Album","2","2-20","CD","","Forever Love","2022","Richard Clayderman","4ea7ce8a-9bbb-4125-8dea-6b384118ed3e"
"3651","When A Man Loves A Woman","Forever Love","2022","2022","GB","Album","2","2-18","CD","","Forever Love","2022","Richard Clayderman","4ea7ce8a-9bbb-4125-8dea-6b384118ed3e"
"3652","Ballade por Adeline","0708815-2","","","BR","Album","1","1","","170746","0708815-2","","Richard Clayderman","4f6d6ed8-479c-482d-8dd9-b125a6a382e5"
"3653","Mariage D'amour","0708815-2","","","BR","Album","1","2","","193920","0708815-2","","Richard Clayderman","4f6d6ed8-479c-482d-8dd9-b125a6a382e5"
"3654","A comme amour","0708815-2","","","BR","Album","1","3","","195693","0708815-2","","Richard Clayderman","4f6d6ed8-479c-482d-8dd9-b125a6a382e5"
"3655","Au bord de la Riviere","0708815-2","","","BR","Album","1","4","","360773","0708815-2","","Richard Clayderman","4f6d6ed8-479c-482d-8dd9-b125a6a382e5"
"3656","Souvenirs D'Enfance","0708815-2","","","BR","Album","1","5","","174053","0708815-2","","Richard Clayderman","4f6d6ed8-479c-482d-8dd9-b125a6a382e5"
"3657","Les Fleurs Sauvages","0708815-2","","","BR","Album","1","6","","254253","0708815-2","","Richard Clayderman","4f6d6ed8-479c-482d-8dd9-b125a6a382e5"
"3658","Triste Coeur","0708815-2","","","BR","Album","1","7","","173400","0708815-2","","Richard Clayderman","4f6d6ed8-479c-482d-8dd9-b125a6a382e5"
"3659","Rondo por un tout petit efant","0708815-2","","","BR","Album","1","8","","130786","0708815-2","","Richard Clayderman","4f6d6ed8-479c-482d-8dd9-b125a6a382e5"
"3660","Les premier sourires de Venessa","0708815-2","","","BR","Album","1","9","","131720","0708815-2","","Richard Clayderman","4f6d6ed8-479c-482d-8dd9-b125a6a382e5"
"3661","Murmures","0708815-2","","","BR","Album","1","10","","143240","0708815-2","","Richard Clayderman","4f6d6ed8-479c-482d-8dd9-b125a6a382e5"
"3662","Voyage a Venice","0708815-2","","","BR","Album","1","11","","177066","0708815-2","","Richard Clayderman","4f6d6ed8-479c-482d-8dd9-b125a6a382e5"
"3663","La Musique de l'Amour","0708815-2","","","BR","Album","1","12","","126160","0708815-2","","Richard Clayderman","4f6d6ed8-479c-482d-8dd9-b125a6a382e5"
"3664","Jardin Secret","0708815-2","","","BR","Album","1","13","","191400","0708815-2","","Richard Clayderman","4f6d6ed8-479c-482d-8dd9-b125a6a382e5"
"3665","Dolannes Melody","0708815-2","","","BR","Album","1","14","","150226","0708815-2","","Richard Clayderman","4f6d6ed8-479c-482d-8dd9-b125a6a382e5"
"3666","Evita: Don't Cry for Me Argentina","A Classical Tribute","","","US","Album","1","1","CD","277000","Andrew Lloyd Webber: A Classical Tribute","2008","Andrew Lloyd Webber","bb1e784c-813c-4896-8c0e-e7ec82b4392e"
"3667","Cats: Memory","A Classical Tribute","","","US","Album","1","2","CD","262000","Andrew Lloyd Webber: A Classical Tribute","2008","Andrew Lloyd Webber","bb1e784c-813c-4896-8c0e-e7ec82b4392e"
"3668","The Phantom of the Opera: All I Ask of You","A Classical Tribute","","","US","Album","1","3","CD","313000","Andrew Lloyd Webber: A Classical Tribute","2008","Andrew Lloyd Webber","bb1e784c-813c-4896-8c0e-e7ec82b4392e"
"3669","Joseph and the Amazing Technicolor Dreamcoat: Close Every Door","A Classical Tribute","","","US","Album","1","4","CD","179000","Andrew Lloyd Webber: A Classical Tribute","2008","Andrew Lloyd Webber","bb1e784c-813c-4896-8c0e-e7ec82b4392e"
"3670","Requiem: Pie Jesu","A Classical Tribute","","","US","Album","1","5","CD","194000","Andrew Lloyd Webber: A Classical Tribute","2008","Andrew Lloyd Webber","bb1e784c-813c-4896-8c0e-e7ec82b4392e"
"3671","Sunset Boulevard: With One Look","A Classical Tribute","","","US","Album","1","6","CD","218000","Andrew Lloyd Webber: A Classical Tribute","2008","Andrew Lloyd Webber","bb1e784c-813c-4896-8c0e-e7ec82b4392e"
"3672","Jesus Christ Superstar: I Don't Know How to Love Him","A Classical Tribute","","","US","Album","1","7","CD","201000","Andrew Lloyd Webber: A Classical Tribute","2008","Andrew Lloyd Webber","bb1e784c-813c-4896-8c0e-e7ec82b4392e"
"3673","Aspects of Love: Love Changes Everything","A Classical Tribute","","","US","Album","1","8","CD","182000","Andrew Lloyd Webber: A Classical Tribute","2008","Andrew Lloyd Webber","bb1e784c-813c-4896-8c0e-e7ec82b4392e"
"3674","The Phantom of the Opera: Music of the Night","A Classical Tribute","","","US","Album","1","9","CD","349000","Andrew Lloyd Webber: A Classical Tribute","2008","Andrew Lloyd Webber","bb1e784c-813c-4896-8c0e-e7ec82b4392e"
"3675","The Phantom of the Opera: The Phantom of the Opera","A Classical Tribute","","","US","Album","1","10","CD","168000","Andrew Lloyd Webber: A Classical Tribute","2008","Andrew Lloyd Webber","bb1e784c-813c-4896-8c0e-e7ec82b4392e"
"3676","The Phantom of the Opera: Wishing You Were Somehow Here Again","A Classical Tribute","","","US","Album","1","11","CD","211000","Andrew Lloyd Webber: A Classical Tribute","2008","Andrew Lloyd Webber","bb1e784c-813c-4896-8c0e-e7ec82b4392e"
"3677","The Beautiful Game: All the Love I Have","A Classical Tribute","","","US","Album","1","12","CD","222000","Andrew Lloyd Webber: A Classical Tribute","2008","Andrew Lloyd Webber","bb1e784c-813c-4896-8c0e-e7ec82b4392e"
"3678","Variations: Variations I-IV","A Classical Tribute","","","US","Album","1","13","CD","192000","Andrew Lloyd Webber: A Classical Tribute","2008","Andrew Lloyd Webber","bb1e784c-813c-4896-8c0e-e7ec82b4392e"
"3679","Evita: Another Suitcase in Another Hall","A Classical Tribute","","","US","Album","1","14","CD","198000","Andrew Lloyd Webber: A Classical Tribute","2008","Andrew Lloyd Webber","bb1e784c-813c-4896-8c0e-e7ec82b4392e"
"3680","Starlight Express: Starlight Express","A Classical Tribute","","","US","Album","1","15","CD","183000","Andrew Lloyd Webber: A Classical Tribute","2008","Andrew Lloyd Webber","bb1e784c-813c-4896-8c0e-e7ec82b4392e"
"3681","Aspects of Love: The First Man You Remember","A Classical Tribute","","","US","Album","1","16","CD","271000","Andrew Lloyd Webber: A Classical Tribute","2008","Andrew Lloyd Webber","bb1e784c-813c-4896-8c0e-e7ec82b4392e"
"3682","Song & Dance: Tell Me on a Sunday","A Classical Tribute","","","US","Album","1","17","CD","256000","Andrew Lloyd Webber: A Classical Tribute","2008","Andrew Lloyd Webber","bb1e784c-813c-4896-8c0e-e7ec82b4392e"
"3683","Ballade pour Adeline","A Collection of Everlasting Piano Solo","","","","Album","1","1","","162506","A Collection of Everlasting Piano Solo","","Richard Clayderman","1d5f33ac-bb9f-4129-aeea-626b597698c7"
"3684","Souvenirs d'enfance","A Collection of Everlasting Piano Solo","","","","Album","1","2","","190160","A Collection of Everlasting Piano Solo","","Richard Clayderman","1d5f33ac-bb9f-4129-aeea-626b597698c7"
"3685","Triste cœur","A Collection of Everlasting Piano Solo","","","","Album","1","3","","168840","A Collection of Everlasting Piano Solo","","Richard Clayderman","1d5f33ac-bb9f-4129-aeea-626b597698c7"
"3686","Nostalgy","A Collection of Everlasting Piano Solo","","","","Album","1","4","","94826","A Collection of Everlasting Piano Solo","","Richard Clayderman","1d5f33ac-bb9f-4129-aeea-626b597698c7"
"3687","A comme amour","A Collection of Everlasting Piano Solo","","","","Album","1","5","","199173","A Collection of Everlasting Piano Solo","","Richard Clayderman","1d5f33ac-bb9f-4129-aeea-626b597698c7"
"3688","Lettre à ma mère","A Collection of Everlasting Piano Solo","","","","Album","1","6","","180000","A Collection of Everlasting Piano Solo","","Richard Clayderman","1d5f33ac-bb9f-4129-aeea-626b597698c7"
"3689","La vraie musique de l'amour","A Collection of Everlasting Piano Solo","","","","Album","1","7","","112666","A Collection of Everlasting Piano Solo","","Richard Clayderman","1d5f33ac-bb9f-4129-aeea-626b597698c7"
"3690","Couleur tendresse","A Collection of Everlasting Piano Solo","","","","Album","1","8","","220160","A Collection of Everlasting Piano Solo","","Richard Clayderman","1d5f33ac-bb9f-4129-aeea-626b597698c7"
"3691","Couleur tendresse","A Collection of Everlasting Piano Solo","","","","Album","1","9","","220840","A Collection of Everlasting Piano Solo","","Richard Clayderman","1d5f33ac-bb9f-4129-aeea-626b597698c7"
"3692","Cœur fragile","A Collection of Everlasting Piano Solo","","","","Album","1","10","","251826","A Collection of Everlasting Piano Solo","","Richard Clayderman","1d5f33ac-bb9f-4129-aeea-626b597698c7"
"3693","J'y crois","A Collection of Everlasting Piano Solo","","","","Album","1","11","","156173","A Collection of Everlasting Piano Solo","","Richard Clayderman","1d5f33ac-bb9f-4129-aeea-626b597698c7"
"3694","Rondo pour un tout petit enfant","A Collection of Everlasting Piano Solo","","","","Album","1","12","","94666","A Collection of Everlasting Piano Solo","","Richard Clayderman","1d5f33ac-bb9f-4129-aeea-626b597698c7"
"3695","Éleana","A Collection of Everlasting Piano Solo","","","","Album","1","13","","221666","A Collection of Everlasting Piano Solo","","Richard Clayderman","1d5f33ac-bb9f-4129-aeea-626b597698c7"
"3696","Clair de lune","A Collection of Everlasting Piano Solo","","","","Album","1","14","","292666","A Collection of Everlasting Piano Solo","","Richard Clayderman","1d5f33ac-bb9f-4129-aeea-626b597698c7"
"3697","Romance","A Collection of Everlasting Piano Solo","","","","Album","1","15","","188493","A Collection of Everlasting Piano Solo","","Richard Clayderman","1d5f33ac-bb9f-4129-aeea-626b597698c7"
"3698","Le Cygne","A Collection of Everlasting Piano Solo","","","","Album","1","16","","185333","A Collection of Everlasting Piano Solo","","Richard Clayderman","1d5f33ac-bb9f-4129-aeea-626b597698c7"
"3699","Rêveries","A Collection of Everlasting Piano Solo","","","","Album","1","17","","218840","A Collection of Everlasting Piano Solo","","Richard Clayderman","1d5f33ac-bb9f-4129-aeea-626b597698c7"
"3700","Ave Maria","A Collection of Everlasting Piano Solo","","","","Album","1","18","","163826","A Collection of Everlasting Piano Solo","","Richard Clayderman","1d5f33ac-bb9f-4129-aeea-626b597698c7"
"3701","Nocturne No.2","A Collection of Everlasting Piano Solo","","","","Album","1","19","","259840","A Collection of Everlasting Piano Solo","","Richard Clayderman","1d5f33ac-bb9f-4129-aeea-626b597698c7"
"3702","Arabesque","A Collection of Everlasting Piano Solo","","","","Album","1","20","","246160","A Collection of Everlasting Piano Solo","","Richard Clayderman","1d5f33ac-bb9f-4129-aeea-626b597698c7"
"3703","Nights in White Satin","A Little Night Music","","","","Album","1","1","","304493","A Little Night Music","1993","Richard Clayderman","aab9839c-ff37-4fcc-9f94-8b8d0dd7b30a"
"3704","Sailing","A Little Night Music","","","","Album","1","2","","203800","A Little Night Music","1993","Richard Clayderman","aab9839c-ff37-4fcc-9f94-8b8d0dd7b30a"
"3705","Nothing's Gonna Change My Love for You","A Little Night Music","","","","Album","1","3","","197773","A Little Night Music","1993","Richard Clayderman","aab9839c-ff37-4fcc-9f94-8b8d0dd7b30a"
"3706","Careless Whisper","A Little Night Music","","","","Album","1","4","","168493","A Little Night Music","1993","Richard Clayderman","aab9839c-ff37-4fcc-9f94-8b8d0dd7b30a"
"3707","I'm Not in Love","A Little Night Music","","","","Album","1","5","","289840","A Little Night Music","1993","Richard Clayderman","aab9839c-ff37-4fcc-9f94-8b8d0dd7b30a"
"3708","The Power of Love","A Little Night Music","","","","Album","1","6","","243320","A Little Night Music","1993","Richard Clayderman","aab9839c-ff37-4fcc-9f94-8b8d0dd7b30a"
"3709","Without You","A Little Night Music","","","","Album","1","7","","229173","A Little Night Music","1993","Richard Clayderman","aab9839c-ff37-4fcc-9f94-8b8d0dd7b30a"
"3710","For All We Know / We've Only Just Begun","A Little Night Music","","","","Album","1","8","","258666","A Little Night Music","1993","Richard Clayderman","aab9839c-ff37-4fcc-9f94-8b8d0dd7b30a"
"3711","I Just Called to Say I Love You","A Little Night Music","","","","Album","1","9","","222133","A Little Night Music","1993","Richard Clayderman","aab9839c-ff37-4fcc-9f94-8b8d0dd7b30a"
"3712","A Whiter Shade of Pale","A Little Night Music","","","","Album","1","10","","267173","A Little Night Music","1993","Richard Clayderman","aab9839c-ff37-4fcc-9f94-8b8d0dd7b30a"
"3713","Just the Way You Are","A Little Night Music","","","","Album","1","11","","213333","A Little Night Music","1993","Richard Clayderman","aab9839c-ff37-4fcc-9f94-8b8d0dd7b30a"
"3714","Princess of the Night","A Little Night Music","","","","Album","1","12","","156800","A Little Night Music","1993","Richard Clayderman","aab9839c-ff37-4fcc-9f94-8b8d0dd7b30a"
"3715","White Christmas","A White Christmas","","","","Album","1","1","","156480","A White Christmas","","Richard Clayderman","06f13e9f-ce38-4c54-a77b-989d19659376"
"3716","O Tannenbaum (medley)","A White Christmas","","","","Album","1","2","","198000","A White Christmas","","Richard Clayderman","06f13e9f-ce38-4c54-a77b-989d19659376"
"3717","Silent Night, Holy Night","A White Christmas","","","","Album","1","3","","125386","A White Christmas","","Richard Clayderman","06f13e9f-ce38-4c54-a77b-989d19659376"
"3718","Ave Maria","A White Christmas","","","","Album","1","4","","160573","A White Christmas","","Richard Clayderman","06f13e9f-ce38-4c54-a77b-989d19659376"
"3719","Christmas Concerto","A White Christmas","","","","Album","1","5","","218706","A White Christmas","","Richard Clayderman","06f13e9f-ce38-4c54-a77b-989d19659376"
"3720","Rudolph, the Red-Nosed Reindeer","A White Christmas","","","","Album","1","6","","136400","A White Christmas","","Richard Clayderman","06f13e9f-ce38-4c54-a77b-989d19659376"
"3721","Little Drummer Boy","A White Christmas","","","","Album","1","7","","227893","A White Christmas","","Richard Clayderman","06f13e9f-ce38-4c54-a77b-989d19659376"
"3722","Moonlight Sonata","A White Christmas","","","","Album","1","8","","195026","A White Christmas","","Richard Clayderman","06f13e9f-ce38-4c54-a77b-989d19659376"
"3723","Jingle Bells","A White Christmas","","","","Album","1","9","","162266","A White Christmas","","Richard Clayderman","06f13e9f-ce38-4c54-a77b-989d19659376"
"3724","Softly Falls the Snow","A White Christmas","","","","Album","1","10","","139760","A White Christmas","","Richard Clayderman","06f13e9f-ce38-4c54-a77b-989d19659376"
"3725","Largo","A White Christmas","","","","Album","1","11","","165800","A White Christmas","","Richard Clayderman","06f13e9f-ce38-4c54-a77b-989d19659376"
"3726","Romance","A White Christmas","","","","Album","1","12","","189120","A White Christmas","","Richard Clayderman","06f13e9f-ce38-4c54-a77b-989d19659376"
"3727","O Tannenbaum","A White Christmas","","","","Album","1","13","","137080","A White Christmas","","Richard Clayderman","06f13e9f-ce38-4c54-a77b-989d19659376"
"3728","The Candles Twinkle (medley)","A White Christmas","","","","Album","1","14","","118400","A White Christmas","","Richard Clayderman","06f13e9f-ce38-4c54-a77b-989d19659376"
"3729","Jesus Joy of Man's Desiring","A White Christmas","","","","Album","1","15","","202107","A White Christmas","","Richard Clayderman","06f13e9f-ce38-4c54-a77b-989d19659376"
"3730","(Everything I Do) I Do It for You","Amour and More","","","","Album","1","1","","246893","Amour and More","1992","Richard Clayderman","5d6f2601-b6e4-4585-a756-a3e76a427832"
"3731","Sacrifice","Amour and More","","","","Album","1","2","","219506","Amour and More","1992","Richard Clayderman","5d6f2601-b6e4-4585-a756-a3e76a427832"
"3732","Chancer","Amour and More","","","","Album","1","3","","254866","Amour and More","1992","Richard Clayderman","5d6f2601-b6e4-4585-a756-a3e76a427832"
"3733","Indigo Bay","Amour and More","","","","Album","1","4","","240133","Amour and More","1992","Richard Clayderman","5d6f2601-b6e4-4585-a756-a3e76a427832"
"3734","From a Distance","Amour and More","","","","Album","1","5","","226200","Amour and More","1992","Richard Clayderman","5d6f2601-b6e4-4585-a756-a3e76a427832"
"3735","Candle in the Wind","Amour and More","","","","Album","1","6","","231226","Amour and More","1992","Richard Clayderman","5d6f2601-b6e4-4585-a756-a3e76a427832"
"3736","Moonfire","Amour and More","","","","Album","1","7","","261333","Amour and More","1992","Richard Clayderman","5d6f2601-b6e4-4585-a756-a3e76a427832"
"3737","Unchained Melody","Amour and More","","","","Album","1","8","","189840","Amour and More","1992","Richard Clayderman","5d6f2601-b6e4-4585-a756-a3e76a427832"
"3738","Senza Una Donna (Without a Woman)","Amour and More","","","","Album","1","9","","256666","Amour and More","1992","Richard Clayderman","5d6f2601-b6e4-4585-a756-a3e76a427832"
"3739","Wind Beneath My Wings","Amour and More","","","","Album","1","10","","205333","Amour and More","1992","Richard Clayderman","5d6f2601-b6e4-4585-a756-a3e76a427832"
"3740","Promise Me","Amour and More","","","","Album","1","11","","196733","Amour and More","1992","Richard Clayderman","5d6f2601-b6e4-4585-a756-a3e76a427832"
"3741","Any Dream Will Do","Amour and More","","","","Album","1","12","","211600","Amour and More","1992","Richard Clayderman","5d6f2601-b6e4-4585-a756-a3e76a427832"
"3742","Super Dreaming Day","Amour and More","","","","Album","1","13","","203333","Amour and More","1992","Richard Clayderman","5d6f2601-b6e4-4585-a756-a3e76a427832"
"3743","Careless Whisper","Amour and More","","","","Album","1","14","","202000","Amour and More","1992","Richard Clayderman","5d6f2601-b6e4-4585-a756-a3e76a427832"
"3744","Last Train Home","An Intimate Night With Richard Clayderman","","","","Album","1","1","","302093","An Intimate Night With Richard Clayderman","","Richard Clayderman","e24a47ba-98e1-4fde-855e-cbe0d022fd0a"
"3745","Ballade pour Adeline","An Intimate Night With Richard Clayderman","","","","Album","1","2","","158346","An Intimate Night With Richard Clayderman","","Richard Clayderman","e24a47ba-98e1-4fde-855e-cbe0d022fd0a"
"3746","A comme Amour (L for Love)","An Intimate Night With Richard Clayderman","","","","Album","1","3","","199880","An Intimate Night With Richard Clayderman","","Richard Clayderman","e24a47ba-98e1-4fde-855e-cbe0d022fd0a"
"3747","Lettre à ma mère (Letter to My Mother)","An Intimate Night With Richard Clayderman","","","","Album","1","4","","163906","An Intimate Night With Richard Clayderman","","Richard Clayderman","e24a47ba-98e1-4fde-855e-cbe0d022fd0a"
"3748","Mariage d’amour (Wedding of Love)","An Intimate Night With Richard Clayderman","","","","Album","1","5","","161093","An Intimate Night With Richard Clayderman","","Richard Clayderman","e24a47ba-98e1-4fde-855e-cbe0d022fd0a"
"3749","Dolannes Melody","An Intimate Night With Richard Clayderman","","","","Album","1","6","","205026","An Intimate Night With Richard Clayderman","","Richard Clayderman","e24a47ba-98e1-4fde-855e-cbe0d022fd0a"
"3750","Souvenirs d’enfance (Childhood Memories)","An Intimate Night With Richard Clayderman","","","","Album","1","7","","169840","An Intimate Night With Richard Clayderman","","Richard Clayderman","e24a47ba-98e1-4fde-855e-cbe0d022fd0a"
"3751","There’s a Kind of Hush","An Intimate Night With Richard Clayderman","","","","Album","1","8","","199013","An Intimate Night With Richard Clayderman","","Richard Clayderman","e24a47ba-98e1-4fde-855e-cbe0d022fd0a"
"3752","Lian Shanboo (Butterfly Lovers)","An Intimate Night With Richard Clayderman","","","","Album","1","9","","176893","An Intimate Night With Richard Clayderman","","Richard Clayderman","e24a47ba-98e1-4fde-855e-cbe0d022fd0a"
"3753","Saber Dance","An Intimate Night With Richard Clayderman","","","","Album","1","10","","168440","An Intimate Night With Richard Clayderman","","Richard Clayderman","e24a47ba-98e1-4fde-855e-cbe0d022fd0a"
"3754","Kalinka","An Intimate Night With Richard Clayderman","","","","Album","1","11","","212426","An Intimate Night With Richard Clayderman","","Richard Clayderman","e24a47ba-98e1-4fde-855e-cbe0d022fd0a"
"3755","Concerto pour une jeune fille (Concerto for a Young Girl)","An Intimate Night With Richard Clayderman","","","","Album","1","12","","223733","An Intimate Night With Richard Clayderman","","Richard Clayderman","e24a47ba-98e1-4fde-855e-cbe0d022fd0a"
"3756","Couleur tendresse (Color Tenderness)","An Intimate Night With Richard Clayderman","","","","Album","1","13","","219333","An Intimate Night With Richard Clayderman","","Richard Clayderman","e24a47ba-98e1-4fde-855e-cbe0d022fd0a"
"3757","Coup de cœur (Love at First Sight)","An Intimate Night With Richard Clayderman","","","","Album","1","14","","178053","An Intimate Night With Richard Clayderman","","Richard Clayderman","e24a47ba-98e1-4fde-855e-cbe0d022fd0a"
"3758","Voyage à Venise (Voyage to Venice)","An Intimate Night With Richard Clayderman","","","","Album","1","15","","174360","An Intimate Night With Richard Clayderman","","Richard Clayderman","e24a47ba-98e1-4fde-855e-cbe0d022fd0a"
"3759","Triste cœur (Sad Heart)","An Intimate Night With Richard Clayderman","","","","Album","1","16","","168293","An Intimate Night With Richard Clayderman","","Richard Clayderman","e24a47ba-98e1-4fde-855e-cbe0d022fd0a"
"3760","Flower Heart","An Intimate Night With Richard Clayderman","","","","Album","1","17","","212893","An Intimate Night With Richard Clayderman","","Richard Clayderman","e24a47ba-98e1-4fde-855e-cbe0d022fd0a"
"3761","Con te partirò","An Intimate Night With Richard Clayderman","","","","Album","1","18","","188586","An Intimate Night With Richard Clayderman","","Richard Clayderman","e24a47ba-98e1-4fde-855e-cbe0d022fd0a"
"3762","I Will Survive","An Intimate Night With Richard Clayderman","","","","Album","1","19","","219787","An Intimate Night With Richard Clayderman","","Richard Clayderman","e24a47ba-98e1-4fde-855e-cbe0d022fd0a"
"3763","Yesterday","Any Dream Will Do","","","","Album","1","1","","145000","Any Dream Will Do","","Richard Clayderman","c7f37e6e-1875-4811-92f2-01b8e1b5fa4d"
"3764","Moon River","Any Dream Will Do","","","","Album","1","2","","195000","Any Dream Will Do","","Richard Clayderman","c7f37e6e-1875-4811-92f2-01b8e1b5fa4d"
"3765","Bridge Over Troubled Water","Any Dream Will Do","","","","Album","1","3","","189000","Any Dream Will Do","","Richard Clayderman","c7f37e6e-1875-4811-92f2-01b8e1b5fa4d"
"3766","Don't Cry for Me Argentina","Any Dream Will Do","","","","Album","1","4","","216000","Any Dream Will Do","","Richard Clayderman","c7f37e6e-1875-4811-92f2-01b8e1b5fa4d"
"3767","Nostalgy","Any Dream Will Do","","","","Album","1","5","","177000","Any Dream Will Do","","Richard Clayderman","c7f37e6e-1875-4811-92f2-01b8e1b5fa4d"
"3768","Lettre À Ma Mere","Any Dream Will Do","","","","Album","1","6","","165000","Any Dream Will Do","","Richard Clayderman","c7f37e6e-1875-4811-92f2-01b8e1b5fa4d"
"3769","Eleana","Any Dream Will Do","","","","Album","1","7","","221000","Any Dream Will Do","","Richard Clayderman","c7f37e6e-1875-4811-92f2-01b8e1b5fa4d"
"3770","Blue Concerto","Any Dream Will Do","","","","Album","1","8","","171000","Any Dream Will Do","","Richard Clayderman","c7f37e6e-1875-4811-92f2-01b8e1b5fa4d"
"3771","Any Dream Will Do (feat. James Last)","Any Dream Will Do","","","","Album","1","9","","224000","Any Dream Will Do","","Richard Clayderman","c7f37e6e-1875-4811-92f2-01b8e1b5fa4d"
"3772","Promise Me (feat. James Last)","Any Dream Will Do","","","","Album","1","10","","226000","Any Dream Will Do","","Richard Clayderman","c7f37e6e-1875-4811-92f2-01b8e1b5fa4d"
"3773","Candle in the Wind","Any Dream Will Do","","","","Album","1","11","","189000","Any Dream Will Do","","Richard Clayderman","c7f37e6e-1875-4811-92f2-01b8e1b5fa4d"
"3774","Ballade Pour Adeline","Any Dream Will Do","","","","Album","1","12","","158000","Any Dream Will Do","","Richard Clayderman","c7f37e6e-1875-4811-92f2-01b8e1b5fa4d"
"3775","Sonate Au Clair de Lune","Any Dream Will Do","","","","Album","1","13","","196000","Any Dream Will Do","","Richard Clayderman","c7f37e6e-1875-4811-92f2-01b8e1b5fa4d"
"3776","Pour Elise (Für Elise)","Any Dream Will Do","","","","Album","1","14","","149000","Any Dream Will Do","","Richard Clayderman","c7f37e6e-1875-4811-92f2-01b8e1b5fa4d"
"3777","Secret of My Love","Any Dream Will Do","","","","Album","1","15","","181000","Any Dream Will Do","","Richard Clayderman","c7f37e6e-1875-4811-92f2-01b8e1b5fa4d"
"3778","Roses Pastel","Any Dream Will Do","","","","Album","1","16","","256000","Any Dream Will Do","","Richard Clayderman","c7f37e6e-1875-4811-92f2-01b8e1b5fa4d"
"3779","Dolly","Any Dream Will Do","","","","Album","1","17","","104000","Any Dream Will Do","","Richard Clayderman","c7f37e6e-1875-4811-92f2-01b8e1b5fa4d"
"3780","Ballade pour Adeline","Ballade pour Adeline","","","FR","Album","1","1","CD","158960","Ballade pour Adeline","1992","Richard Clayderman","c4b6b1c9-9ce0-4224-bb7d-cff67b04ea6a"
"3781","Couleur tendresse","Ballade pour Adeline","","","FR","Album","1","2","CD","220973","Ballade pour Adeline","1992","Richard Clayderman","c4b6b1c9-9ce0-4224-bb7d-cff67b04ea6a"
"3782","Les larmes de joie","Ballade pour Adeline","","","FR","Album","1","3","CD","143533","Ballade pour Adeline","1992","Richard Clayderman","c4b6b1c9-9ce0-4224-bb7d-cff67b04ea6a"
"3783","Pour avoir trop rêvé","Ballade pour Adeline","","","FR","Album","1","4","CD","133093","Ballade pour Adeline","1992","Richard Clayderman","c4b6b1c9-9ce0-4224-bb7d-cff67b04ea6a"
"3784","Au-delà des souvenirs","Ballade pour Adeline","","","FR","Album","1","5","CD","185800","Ballade pour Adeline","1992","Richard Clayderman","c4b6b1c9-9ce0-4224-bb7d-cff67b04ea6a"
"3785","Le premier chagrin d'Elsa","Ballade pour Adeline","","","FR","Album","1","6","CD","222600","Ballade pour Adeline","1992","Richard Clayderman","c4b6b1c9-9ce0-4224-bb7d-cff67b04ea6a"
"3786","La tendresse","Ballade pour Adeline","","","FR","Album","1","7","CD","158933","Ballade pour Adeline","1992","Richard Clayderman","c4b6b1c9-9ce0-4224-bb7d-cff67b04ea6a"
"3787","Ma solitude","Ballade pour Adeline","","","FR","Album","1","8","CD","212466","Ballade pour Adeline","1992","Richard Clayderman","c4b6b1c9-9ce0-4224-bb7d-cff67b04ea6a"
"3788","Avec le cœur","Ballade pour Adeline","","","FR","Album","1","9","CD","180706","Ballade pour Adeline","1992","Richard Clayderman","c4b6b1c9-9ce0-4224-bb7d-cff67b04ea6a"
"3789","L'illusion perdue","Ballade pour Adeline","","","FR","Album","1","10","CD","147466","Ballade pour Adeline","1992","Richard Clayderman","c4b6b1c9-9ce0-4224-bb7d-cff67b04ea6a"
"3790","L'ombre d'un visage","Ballade pour Adeline","","","FR","Album","1","11","CD","187426","Ballade pour Adeline","1992","Richard Clayderman","c4b6b1c9-9ce0-4224-bb7d-cff67b04ea6a"
"3791","Les rêves du matin","Ballade pour Adeline","","","FR","Album","1","12","CD","208066","Ballade pour Adeline","1992","Richard Clayderman","c4b6b1c9-9ce0-4224-bb7d-cff67b04ea6a"
"3792","Concerto pour un jeune fille nommée ""Je t'aime""","Ballade pour Adeline","","","FR","Album","1","13","CD","225400","Ballade pour Adeline","1992","Richard Clayderman","c4b6b1c9-9ce0-4224-bb7d-cff67b04ea6a"
"3793","Les chagrins oubliés","Ballade pour Adeline","","","FR","Album","1","14","CD","165240","Ballade pour Adeline","1992","Richard Clayderman","c4b6b1c9-9ce0-4224-bb7d-cff67b04ea6a"
"3794","L'océan","Ballade pour Adeline","","","FR","Album","1","15","CD","166800","Ballade pour Adeline","1992","Richard Clayderman","c4b6b1c9-9ce0-4224-bb7d-cff67b04ea6a"
"3795","Les derniers jours d'anastasia kemsky","Ballade pour Adeline","","","FR","Album","1","16","CD","199733","Ballade pour Adeline","1992","Richard Clayderman","c4b6b1c9-9ce0-4224-bb7d-cff67b04ea6a"
"3796","Les fleurs sauvages","Ballade pour Adeline","","","FR","Album","1","17","CD","176626","Ballade pour Adeline","1992","Richard Clayderman","c4b6b1c9-9ce0-4224-bb7d-cff67b04ea6a"
"3797","Le deuxième slow","Ballade pour Adeline","","","FR","Album","1","18","CD","216200","Ballade pour Adeline","1992","Richard Clayderman","c4b6b1c9-9ce0-4224-bb7d-cff67b04ea6a"
"3798","Promenade dans les bois","Ballade pour Adeline","","","FR","Album","1","19","CD","163040","Ballade pour Adeline","1992","Richard Clayderman","c4b6b1c9-9ce0-4224-bb7d-cff67b04ea6a"
"3799","Le cœur dans les étoiles","Ballade pour Adeline","","","FR","Album","1","20","CD","185826","Ballade pour Adeline","1992","Richard Clayderman","c4b6b1c9-9ce0-4224-bb7d-cff67b04ea6a"
"3800","A comme amour","Ballade pour Adeline","","","FR","Album","1","21","CD","198466","Ballade pour Adeline","1992","Richard Clayderman","c4b6b1c9-9ce0-4224-bb7d-cff67b04ea6a"
"3801","Yesterday Once More","Carpenters Collection","","","","Album","1","1","","206040","The Carpenters Collection","1995","Richard Clayderman","ca330838-2ffe-47d3-aef9-273d5d45f2d5"
"3802","There's a Kind of Hush (All Over the World)","Carpenters Collection","","","","Album","1","2","","199000","The Carpenters Collection","1995","Richard Clayderman","ca330838-2ffe-47d3-aef9-273d5d45f2d5"
"3803","We've Only Just Begun","Carpenters Collection","","","","Album","1","3","","242960","The Carpenters Collection","1995","Richard Clayderman","ca330838-2ffe-47d3-aef9-273d5d45f2d5"
"3804","Superstar","Carpenters Collection","","","","Album","1","4","","222866","The Carpenters Collection","1995","Richard Clayderman","ca330838-2ffe-47d3-aef9-273d5d45f2d5"
"3805","Top of the World","Carpenters Collection","","","","Album","1","5","","188000","The Carpenters Collection","1995","Richard Clayderman","ca330838-2ffe-47d3-aef9-273d5d45f2d5"
"3806","Rainy Days and Mondays","Carpenters Collection","","","","Album","1","6","","188506","The Carpenters Collection","1995","Richard Clayderman","ca330838-2ffe-47d3-aef9-273d5d45f2d5"
"3807","(They Long to Be) Close to You","Carpenters Collection","","","","Album","1","7","","217160","The Carpenters Collection","1995","Richard Clayderman","ca330838-2ffe-47d3-aef9-273d5d45f2d5"
"3808","Only Yesterday","Carpenters Collection","","","","Album","1","8","","282906","The Carpenters Collection","1995","Richard Clayderman","ca330838-2ffe-47d3-aef9-273d5d45f2d5"
"3809","For All We Know","Carpenters Collection","","","","Album","1","9","","191333","The Carpenters Collection","1995","Richard Clayderman","ca330838-2ffe-47d3-aef9-273d5d45f2d5"
"3810","Please Mr. Postman","Carpenters Collection","","","","Album","1","10","","143533","The Carpenters Collection","1995","Richard Clayderman","ca330838-2ffe-47d3-aef9-273d5d45f2d5"
"3811","I Won't Last a Day Without You","Carpenters Collection","","","","Album","1","11","","252826","The Carpenters Collection","1995","Richard Clayderman","ca330838-2ffe-47d3-aef9-273d5d45f2d5"
"3812","Solitaire","Carpenters Collection","","","","Album","1","12","","257706","The Carpenters Collection","1995","Richard Clayderman","ca330838-2ffe-47d3-aef9-273d5d45f2d5"
"3813","Special Medley: For All We Know / We've Only Just Begun","Carpenters Collection","","","","Album","1","13","","260426","The Carpenters Collection","1995","Richard Clayderman","ca330838-2ffe-47d3-aef9-273d5d45f2d5"
"3814","Sing","Carpenters Collection","","","","Album","1","14","","222800","The Carpenters Collection","1995","Richard Clayderman","ca330838-2ffe-47d3-aef9-273d5d45f2d5"
"3815","White Christmas","Christmas","","","AU","Album","1","1","CD","156826","Christmas","2003","Richard Clayderman","90cd5c29-fced-4845-ba4c-18aa9de851b0"
"3816","O Tannenbaum / He Was Born the Holy Child","Christmas","","","AU","Album","1","2","CD","198240","Christmas","2003","Richard Clayderman","90cd5c29-fced-4845-ba4c-18aa9de851b0"
"3817","Silent Night, Holy Night","Christmas","","","AU","Album","1","3","CD","125733","Christmas","2003","Richard Clayderman","90cd5c29-fced-4845-ba4c-18aa9de851b0"
"3818","Ave Maria","Christmas","","","AU","Album","1","4","CD","165026","Christmas","2003","Richard Clayderman","90cd5c29-fced-4845-ba4c-18aa9de851b0"
"3819","Christmas Concerto","Christmas","","","AU","Album","1","5","CD","218573","Christmas","2003","Richard Clayderman","90cd5c29-fced-4845-ba4c-18aa9de851b0"
"3820","Little Red Nose Reindeer","Christmas","","","AU","Album","1","6","CD","136693","Christmas","2003","Richard Clayderman","90cd5c29-fced-4845-ba4c-18aa9de851b0"
"3821","Little Drummer Boy","Christmas","","","AU","Album","1","7","CD","228906","Christmas","2003","Richard Clayderman","90cd5c29-fced-4845-ba4c-18aa9de851b0"
"3822","Moonlight Sonata","Christmas","","","AU","Album","1","8","CD","197026","Christmas","2003","Richard Clayderman","90cd5c29-fced-4845-ba4c-18aa9de851b0"
"3823","Jingle Bells","Christmas","","","AU","Album","1","9","CD","162533","Christmas","2003","Richard Clayderman","90cd5c29-fced-4845-ba4c-18aa9de851b0"
"3824","Leise Rieselt der Schnee","Christmas","","","AU","Album","1","10","CD","139600","Christmas","2003","Richard Clayderman","90cd5c29-fced-4845-ba4c-18aa9de851b0"
"3825","Largo","Christmas","","","AU","Album","1","11","CD","167000","Christmas","2003","Richard Clayderman","90cd5c29-fced-4845-ba4c-18aa9de851b0"
"3826","Romance","Christmas","","","AU","Album","1","12","CD","190066","Christmas","2003","Richard Clayderman","90cd5c29-fced-4845-ba4c-18aa9de851b0"
"3827","O Tannenbaum","Christmas","","","AU","Album","1","13","CD","136933","Christmas","2003","Richard Clayderman","90cd5c29-fced-4845-ba4c-18aa9de851b0"
"3828","The Candles Twinkle on the Christmas Tree","Christmas","","","AU","Album","1","14","CD","118200","Christmas","2003","Richard Clayderman","90cd5c29-fced-4845-ba4c-18aa9de851b0"
"3829","Jesus Joy of Man's Desiring","Christmas","","","AU","Album","1","15","CD","205133","Christmas","2003","Richard Clayderman","90cd5c29-fced-4845-ba4c-18aa9de851b0"
"3830","Ave Maria","Christmas","","","AU","Album","1","16","CD","158506","Christmas","2003","Richard Clayderman","90cd5c29-fced-4845-ba4c-18aa9de851b0"
"3831","Piano Concerto No. 2 in C Minor Op. 8","Classical Passion","","","","Album","1","1","","186333","Classical Passion","","Richard Clayderman","dfca3f04-f905-40a8-baaa-33cec65b527b"
"3832","Piano Concerto No. 21 in C Major (Theme from Elvira Madigan)","Classical Passion","","","","Album","1","2","","202666","Classical Passion","","Richard Clayderman","dfca3f04-f905-40a8-baaa-33cec65b527b"
"3833","18th Variation of Op. 43","Classical Passion","","","","Album","1","3","","197200","Classical Passion","","Richard Clayderman","dfca3f04-f905-40a8-baaa-33cec65b527b"
"3834","Claire de Lune","Classical Passion","","","","Album","1","4","","292333","Classical Passion","","Richard Clayderman","dfca3f04-f905-40a8-baaa-33cec65b527b"
"3835","La Pathetique (Piano Sonata)","Classical Passion","","","","Album","1","5","","251333","Classical Passion","","Richard Clayderman","dfca3f04-f905-40a8-baaa-33cec65b527b"
"3836","Dream of Olwen","Classical Passion","","","","Album","1","6","","253600","Classical Passion","","Richard Clayderman","dfca3f04-f905-40a8-baaa-33cec65b527b"
"3837","Für Elise (from Bagatelle in A Minor)","Classical Passion","","","","Album","1","7","","255466","Classical Passion","","Richard Clayderman","dfca3f04-f905-40a8-baaa-33cec65b527b"
"3838","Arabesque","Classical Passion","","","","Album","1","8","","248666","Classical Passion","","Richard Clayderman","dfca3f04-f905-40a8-baaa-33cec65b527b"
"3839","Warsaw Concerto","Classical Passion","","","","Album","1","9","","229533","Classical Passion","","Richard Clayderman","dfca3f04-f905-40a8-baaa-33cec65b527b"
"3840","Piano Concerto No. 1 in B Flat Minor Op. 23","Classical Passion","","","","Album","1","10","","237533","Classical Passion","","Richard Clayderman","dfca3f04-f905-40a8-baaa-33cec65b527b"
"3841","Cornish Rhapsody","Classical Passion","","","","Album","1","11","","327466","Classical Passion","","Richard Clayderman","dfca3f04-f905-40a8-baaa-33cec65b527b"
"3842","Piano Concerto in G Minor, Op. 16","Classical Passion","","","","Album","1","12","","240467","Classical Passion","","Richard Clayderman","dfca3f04-f905-40a8-baaa-33cec65b527b"
"3843","Piano Concerto No. 1","Concerto","","","","Album","1","1","","237666","Concerto","","Richard Clayderman","2f5be6c4-760c-4642-9477-996b917c5e41"
"3844","Elvira Madigan","Concerto","","","","Album","1","2","","202493","Concerto","","Richard Clayderman","2f5be6c4-760c-4642-9477-996b917c5e41"
"3845","Cornish Rhapsody","Concerto","","","","Album","1","3","","325973","Concerto","","Richard Clayderman","2f5be6c4-760c-4642-9477-996b917c5e41"
"3846","Liebesträume","Concerto","","","","Album","1","4","","367960","Concerto","","Richard Clayderman","2f5be6c4-760c-4642-9477-996b917c5e41"
"3847","Piano Concerto No. 2","Concerto","","","","Album","1","5","","185773","Concerto","","Richard Clayderman","2f5be6c4-760c-4642-9477-996b917c5e41"
"3848","Pathetique Sonata","Concerto","","","","Album","1","6","","249933","Concerto","","Richard Clayderman","2f5be6c4-760c-4642-9477-996b917c5e41"
"3849","Dream of Olwen","Concerto","","","","Album","1","7","","253760","Concerto","","Richard Clayderman","2f5be6c4-760c-4642-9477-996b917c5e41"
"3850","Für Elise","Concerto","","","","Album","1","8","","255333","Concerto","","Richard Clayderman","2f5be6c4-760c-4642-9477-996b917c5e41"
"3851","Arabesque","Concerto","","","","Album","1","9","","248840","Concerto","","Richard Clayderman","2f5be6c4-760c-4642-9477-996b917c5e41"
"3852","Warsaw Concerto","Concerto","","","","Album","1","10","","228826","Concerto","","Richard Clayderman","2f5be6c4-760c-4642-9477-996b917c5e41"
"3853","Moonlight Sonata","Concerto","","","","Album","1","11","","278840","Concerto","","Richard Clayderman","2f5be6c4-760c-4642-9477-996b917c5e41"
"3854","Badinerie","Concerto","","","","Album","1","12","","218666","Concerto","","Richard Clayderman","2f5be6c4-760c-4642-9477-996b917c5e41"
"3855","Clair de Lune","Concerto","","","","Album","1","13","","292160","Concerto","","Richard Clayderman","2f5be6c4-760c-4642-9477-996b917c5e41"
"3856","Piano Concerto","Concerto","","","","Album","1","14","","242200","Concerto","","Richard Clayderman","2f5be6c4-760c-4642-9477-996b917c5e41"
"3857","Nocturne in E-Flat Major","Concerto","","","","Album","1","15","","260040","Concerto","","Richard Clayderman","2f5be6c4-760c-4642-9477-996b917c5e41"
"3858","Paganini Variations","Concerto","","","","Album","1","16","","197200","Concerto","","Richard Clayderman","2f5be6c4-760c-4642-9477-996b917c5e41"
"3859","Gymnopedie No. 1","Concerto","","","","Album","1","17","","190066","Concerto","","Richard Clayderman","2f5be6c4-760c-4642-9477-996b917c5e41"
"3860","Rhapsody in Blue","Concerto","","","","Album","1","18","","302426","Concerto","","Richard Clayderman","2f5be6c4-760c-4642-9477-996b917c5e41"
"3861","Ave Maria","Ein Fest der Liebe","","","","Album","1","1","CD","164400","Ein Fest der Liebe","","Richard Clayderman","225a5694-d19a-44cd-a055-afa2d5a1f2ed"
"3862","Largo","Ein Fest der Liebe","","","","Album","1","2","CD","166266","Ein Fest der Liebe","","Richard Clayderman","225a5694-d19a-44cd-a055-afa2d5a1f2ed"
"3863","Ode To Joy","Ein Fest der Liebe","","","","Album","1","3","CD","189226","Ein Fest der Liebe","","Richard Clayderman","225a5694-d19a-44cd-a055-afa2d5a1f2ed"
"3864","Träumerei","Ein Fest der Liebe","","","","Album","1","4","CD","254933","Ein Fest der Liebe","","Richard Clayderman","225a5694-d19a-44cd-a055-afa2d5a1f2ed"
"3865","Liebestraum","Ein Fest der Liebe","","","","Album","1","5","CD","190306","Ein Fest der Liebe","","Richard Clayderman","225a5694-d19a-44cd-a055-afa2d5a1f2ed"
"3866","Liebeslied","Ein Fest der Liebe","","","","Album","1","6","CD","151826","Ein Fest der Liebe","","Richard Clayderman","225a5694-d19a-44cd-a055-afa2d5a1f2ed"
"3867","Candle In The Wind","Ein Fest der Liebe","","","","Album","1","7","CD","227466","Ein Fest der Liebe","","Richard Clayderman","225a5694-d19a-44cd-a055-afa2d5a1f2ed"
"3868","Nights In White Satin","Ein Fest der Liebe","","","","Album","1","8","CD","305306","Ein Fest der Liebe","","Richard Clayderman","225a5694-d19a-44cd-a055-afa2d5a1f2ed"
"3869","As Time Goes By","Ein Fest der Liebe","","","","Album","1","9","CD","140626","Ein Fest der Liebe","","Richard Clayderman","225a5694-d19a-44cd-a055-afa2d5a1f2ed"
"3870","True Love","Ein Fest der Liebe","","","","Album","1","10","CD","207040","Ein Fest der Liebe","","Richard Clayderman","225a5694-d19a-44cd-a055-afa2d5a1f2ed"
"3871","Musik der Liebe","Ein Fest der Liebe","","","","Album","1","11","CD","122626","Ein Fest der Liebe","","Richard Clayderman","225a5694-d19a-44cd-a055-afa2d5a1f2ed"
"3872","Silent Night","Ein Fest der Liebe","","","","Album","1","12","CD","125306","Ein Fest der Liebe","","Richard Clayderman","225a5694-d19a-44cd-a055-afa2d5a1f2ed"
"3873","Little Drummer Boy","Ein Fest der Liebe","","","","Album","1","13","CD","228666","Ein Fest der Liebe","","Richard Clayderman","225a5694-d19a-44cd-a055-afa2d5a1f2ed"
"3874","Moonlight Sonata","Ein Fest der Liebe","","","","Album","1","14","CD","194560","Ein Fest der Liebe","","Richard Clayderman","225a5694-d19a-44cd-a055-afa2d5a1f2ed"
"3875","Du sollst der Kaiser meiner Seele sein","Ein Traum von Liebe","","","DE","Album","1","1","CD","140906","Ein Traum von Liebe","","Richard Clayderman","b2871b4b-8f37-4896-8f4c-92b3e4dda7e6"
"3876","Im Prater blüh´n wieder die Bäume","Ein Traum von Liebe","","","DE","Album","1","2","CD","109266","Ein Traum von Liebe","","Richard Clayderman","b2871b4b-8f37-4896-8f4c-92b3e4dda7e6"
"3877","Wenn die kleinen Veilchen blühen","Ein Traum von Liebe","","","DE","Album","1","3","CD","154000","Ein Traum von Liebe","","Richard Clayderman","b2871b4b-8f37-4896-8f4c-92b3e4dda7e6"
"3878","Verliebte muß man gar nicht erst in Stimmung bringen","Ein Traum von Liebe","","","DE","Album","1","4","CD","139333","Ein Traum von Liebe","","Richard Clayderman","b2871b4b-8f37-4896-8f4c-92b3e4dda7e6"
"3879","Himmelblaue Träume","Ein Traum von Liebe","","","DE","Album","1","5","CD","152333","Ein Traum von Liebe","","Richard Clayderman","b2871b4b-8f37-4896-8f4c-92b3e4dda7e6"
"3880","Salome","Ein Traum von Liebe","","","DE","Album","1","6","CD","157533","Ein Traum von Liebe","","Richard Clayderman","b2871b4b-8f37-4896-8f4c-92b3e4dda7e6"
"3881","Frag nicht, warum ich gehe","Ein Traum von Liebe","","","DE","Album","1","7","CD","153800","Ein Traum von Liebe","","Richard Clayderman","b2871b4b-8f37-4896-8f4c-92b3e4dda7e6"
"3882","Ungeküßt sollst Du nicht schlafen gehen","Ein Traum von Liebe","","","DE","Album","1","8","CD","158000","Ein Traum von Liebe","","Richard Clayderman","b2871b4b-8f37-4896-8f4c-92b3e4dda7e6"
"3883","Wien wird bei Nacht erst schön","Ein Traum von Liebe","","","DE","Album","1","9","CD","129000","Ein Traum von Liebe","","Richard Clayderman","b2871b4b-8f37-4896-8f4c-92b3e4dda7e6"
"3884","Auch du wirst mich einmal betrügen","Ein Traum von Liebe","","","DE","Album","1","10","CD","121000","Ein Traum von Liebe","","Richard Clayderman","b2871b4b-8f37-4896-8f4c-92b3e4dda7e6"
"3885","Behalt mich lieb, Cherie","Ein Traum von Liebe","","","DE","Album","1","11","CD","158066","Ein Traum von Liebe","","Richard Clayderman","b2871b4b-8f37-4896-8f4c-92b3e4dda7e6"
"3886","Komm in den Park von Sanssouci","Ein Traum von Liebe","","","DE","Album","1","12","CD","161026","Ein Traum von Liebe","","Richard Clayderman","b2871b4b-8f37-4896-8f4c-92b3e4dda7e6"
"3887","Die ganze Welt ist himmelblau","Ein Traum von Liebe","","","DE","Album","1","13","CD","160573","Ein Traum von Liebe","","Richard Clayderman","b2871b4b-8f37-4896-8f4c-92b3e4dda7e6"
"3888","Walzerträume","Ein Traum von Liebe","","","DE","Album","1","14","CD","153666","Ein Traum von Liebe","","Richard Clayderman","b2871b4b-8f37-4896-8f4c-92b3e4dda7e6"
"3889","(Everything I Do) I Do It for You","Essential 20","","","","Album","1","1","","248786","Essential 20","","Richard Clayderman","67fc8f04-3d80-4946-b5ac-fe960104e1e5"
"3890","Only You","Essential 20","","","","Album","1","2","","191506","Essential 20","","Richard Clayderman","67fc8f04-3d80-4946-b5ac-fe960104e1e5"
"3891","Ode to Joy","Essential 20","","","","Album","1","3","","191026","Essential 20","","Richard Clayderman","67fc8f04-3d80-4946-b5ac-fe960104e1e5"
"3892","When a Man Loves a Woman","Essential 20","","","","Album","1","4","","169493","Essential 20","","Richard Clayderman","67fc8f04-3d80-4946-b5ac-fe960104e1e5"
"3893","Unchained Melody","Essential 20","","","","Album","1","5","","185226","Essential 20","","Richard Clayderman","67fc8f04-3d80-4946-b5ac-fe960104e1e5"
"3894","My Way","Essential 20","","","","Album","1","6","","230346","Essential 20","","Richard Clayderman","67fc8f04-3d80-4946-b5ac-fe960104e1e5"
"3895","Amour Pour Amour","Essential 20","","","","Album","1","7","","188626","Essential 20","","Richard Clayderman","67fc8f04-3d80-4946-b5ac-fe960104e1e5"
"3896","Moon River","Essential 20","","","","Album","1","8","","196413","Essential 20","","Richard Clayderman","67fc8f04-3d80-4946-b5ac-fe960104e1e5"
"3897","Love Me Tender","Essential 20","","","","Album","1","9","","140360","Essential 20","","Richard Clayderman","67fc8f04-3d80-4946-b5ac-fe960104e1e5"
"3898","Ebony and Ivory","Essential 20","","","","Album","1","10","","164173","Essential 20","","Richard Clayderman","67fc8f04-3d80-4946-b5ac-fe960104e1e5"
"3899","Moonlight and Roses","Essential 20","","","","Album","1","11","","179386","Essential 20","","Richard Clayderman","67fc8f04-3d80-4946-b5ac-fe960104e1e5"
"3900","Strangers in the Night","Essential 20","","","","Album","1","12","","197226","Essential 20","","Richard Clayderman","67fc8f04-3d80-4946-b5ac-fe960104e1e5"
"3901","Ave Maria","Essential 20","","","","Album","1","13","","163200","Essential 20","","Richard Clayderman","67fc8f04-3d80-4946-b5ac-fe960104e1e5"
"3902","Bridge Over Troubled Water","Essential 20","","","","Album","1","14","","186946","Essential 20","","Richard Clayderman","67fc8f04-3d80-4946-b5ac-fe960104e1e5"
"3903","Love Story","Essential 20","","","","Album","1","15","","181093","Essential 20","","Richard Clayderman","67fc8f04-3d80-4946-b5ac-fe960104e1e5"
"3904","I Will Always Love You","Essential 20","","","","Album","1","16","","248533","Essential 20","","Richard Clayderman","67fc8f04-3d80-4946-b5ac-fe960104e1e5"
"3905","Streets of Philadelphia","Essential 20","","","","Album","1","17","","234413","Essential 20","","Richard Clayderman","67fc8f04-3d80-4946-b5ac-fe960104e1e5"
"3906","Have I Told You Lately","Essential 20","","","","Album","1","18","","204960","Essential 20","","Richard Clayderman","67fc8f04-3d80-4946-b5ac-fe960104e1e5"
"3907","Another Day in Paradise","Essential 20","","","","Album","1","19","","271920","Essential 20","","Richard Clayderman","67fc8f04-3d80-4946-b5ac-fe960104e1e5"
"3908","Love Is All Around","Essential 20","","","","Album","1","20","","252213","Essential 20","","Richard Clayderman","67fc8f04-3d80-4946-b5ac-fe960104e1e5"
"3909","My Heart Will Go On","Face to Face","","","DE","Album","1","1","CD","284000","Face to Face","","Richard Clayderman & Francis Goya","ec6f0ade-6b98-4b28-b42d-ae035bf1a7e9"
"3910","(Everything I Do) I Do It for You","Face to Face","","","DE","Album","1","2","CD","235000","Face to Face","","Richard Clayderman & Francis Goya","ec6f0ade-6b98-4b28-b42d-ae035bf1a7e9"
"3911","Hemelsblauw","Face to Face","","","DE","Album","1","3","CD","186000","Face to Face","","Richard Clayderman & Francis Goya","ec6f0ade-6b98-4b28-b42d-ae035bf1a7e9"
"3912","Don’t Cry for Me Argentina","Face to Face","","","DE","Album","1","4","CD","215000","Face to Face","","Richard Clayderman & Francis Goya","ec6f0ade-6b98-4b28-b42d-ae035bf1a7e9"
"3913","Nostalgia","Face to Face","","","DE","Album","1","5","CD","173000","Face to Face","","Richard Clayderman & Francis Goya","ec6f0ade-6b98-4b28-b42d-ae035bf1a7e9"
"3914","Memories","Face to Face","","","DE","Album","1","6","CD","187000","Face to Face","","Richard Clayderman & Francis Goya","ec6f0ade-6b98-4b28-b42d-ae035bf1a7e9"
"3915","Diamante","Face to Face","","","DE","Album","1","7","CD","189000","Face to Face","","Richard Clayderman & Francis Goya","ec6f0ade-6b98-4b28-b42d-ae035bf1a7e9"
"3916","Het Kleine Café Aan de Haven","Face to Face","","","DE","Album","1","8","CD","210000","Face to Face","","Richard Clayderman & Francis Goya","ec6f0ade-6b98-4b28-b42d-ae035bf1a7e9"
"3917","No Matter What","Face to Face","","","DE","Album","1","9","CD","216000","Face to Face","","Richard Clayderman & Francis Goya","ec6f0ade-6b98-4b28-b42d-ae035bf1a7e9"
"3918","It’s Hard to Say Goodbye","Face to Face","","","DE","Album","1","10","CD","275000","Face to Face","","Richard Clayderman & Francis Goya","ec6f0ade-6b98-4b28-b42d-ae035bf1a7e9"
"3919","Bilitis","Face to Face","","","DE","Album","1","11","CD","225000","Face to Face","","Richard Clayderman & Francis Goya","ec6f0ade-6b98-4b28-b42d-ae035bf1a7e9"
"3920","Storie di tutti i giorni","Face to Face","","","DE","Album","1","12","CD","152000","Face to Face","","Richard Clayderman & Francis Goya","ec6f0ade-6b98-4b28-b42d-ae035bf1a7e9"
"3921","Unbreak My Heart","Face to Face","","","DE","Album","1","13","CD","232000","Face to Face","","Richard Clayderman & Francis Goya","ec6f0ade-6b98-4b28-b42d-ae035bf1a7e9"
"3922","Eleni","Face to Face","","","DE","Album","1","14","CD","232000","Face to Face","","Richard Clayderman & Francis Goya","ec6f0ade-6b98-4b28-b42d-ae035bf1a7e9"
"3923","Ballade pour Adeline","Face to Face","","","DE","Album","1","15","CD","151000","Face to Face","","Richard Clayderman & Francis Goya","ec6f0ade-6b98-4b28-b42d-ae035bf1a7e9"
"3924","I’ll Be There","Face to Face","","","DE","Album","1","16","CD","162000","Face to Face","","Richard Clayderman & Francis Goya","ec6f0ade-6b98-4b28-b42d-ae035bf1a7e9"
"3925","I Will Always Love You","Face to Face","","","DE","Album","1","17","CD","250000","Face to Face","","Richard Clayderman & Francis Goya","ec6f0ade-6b98-4b28-b42d-ae035bf1a7e9"
"3926","Only You","Face to Face","","","DE","Album","1","18","CD","183000","Face to Face","","Richard Clayderman & Francis Goya","ec6f0ade-6b98-4b28-b42d-ae035bf1a7e9"
"3927","Give a Little Time to Your Love","Fall in Love With Richard Clayderman for 30 Years","","","","Album","1","1","","229853","Fall in Love With Richard Clayderman for 30 Years","","Richard Clayderman","096ae7b2-4f09-48bd-8436-8f70453c4843"
"3928","Nostalgy","Fall in Love With Richard Clayderman for 30 Years","","","","Album","1","2","","181373","Fall in Love With Richard Clayderman for 30 Years","","Richard Clayderman","096ae7b2-4f09-48bd-8436-8f70453c4843"
"3929","Alexandra Dream","Fall in Love With Richard Clayderman for 30 Years","","","","Album","1","3","","171186","Fall in Love With Richard Clayderman for 30 Years","","Richard Clayderman","096ae7b2-4f09-48bd-8436-8f70453c4843"
"3930","Concerto pour une jeune fille (Concerto for a Young Girl)","Fall in Love With Richard Clayderman for 30 Years","","","","Album","1","4","","227200","Fall in Love With Richard Clayderman for 30 Years","","Richard Clayderman","096ae7b2-4f09-48bd-8436-8f70453c4843"
"3931","Couleur Tendresse","Fall in Love With Richard Clayderman for 30 Years","","","","Album","1","5","","222053","Fall in Love With Richard Clayderman for 30 Years","","Richard Clayderman","096ae7b2-4f09-48bd-8436-8f70453c4843"
"3932","Coup de Ceur","Fall in Love With Richard Clayderman for 30 Years","","","","Album","1","6","","208933","Fall in Love With Richard Clayderman for 30 Years","","Richard Clayderman","096ae7b2-4f09-48bd-8436-8f70453c4843"
"3933","Voyage a Venise","Fall in Love With Richard Clayderman for 30 Years","","","","Album","1","7","","176080","Fall in Love With Richard Clayderman for 30 Years","","Richard Clayderman","096ae7b2-4f09-48bd-8436-8f70453c4843"
"3934","Ballade pour Adeline","Fall in Love With Richard Clayderman for 30 Years","","","","Album","1","8","","160186","Fall in Love With Richard Clayderman for 30 Years","","Richard Clayderman","096ae7b2-4f09-48bd-8436-8f70453c4843"
"3935","Triste Ceur","Fall in Love With Richard Clayderman for 30 Years","","","","Album","1","9","","170346","Fall in Love With Richard Clayderman for 30 Years","","Richard Clayderman","096ae7b2-4f09-48bd-8436-8f70453c4843"
"3936","Mariage d'Amour","Fall in Love With Richard Clayderman for 30 Years","","","","Album","1","10","","163013","Fall in Love With Richard Clayderman for 30 Years","","Richard Clayderman","096ae7b2-4f09-48bd-8436-8f70453c4843"
"3937","A Comme Amour","Fall in Love With Richard Clayderman for 30 Years","","","","Album","1","11","","207546","Fall in Love With Richard Clayderman for 30 Years","","Richard Clayderman","096ae7b2-4f09-48bd-8436-8f70453c4843"
"3938","Lettre a ma Mere","Fall in Love With Richard Clayderman for 30 Years","","","","Album","1","12","","166906","Fall in Love With Richard Clayderman for 30 Years","","Richard Clayderman","096ae7b2-4f09-48bd-8436-8f70453c4843"
"3939","Saber Dance","Fall in Love With Richard Clayderman for 30 Years","","","","Album","1","13","","172466","Fall in Love With Richard Clayderman for 30 Years","","Richard Clayderman","096ae7b2-4f09-48bd-8436-8f70453c4843"
"3940","Kalinka","Fall in Love With Richard Clayderman for 30 Years","","","","Album","1","14","","215600","Fall in Love With Richard Clayderman for 30 Years","","Richard Clayderman","096ae7b2-4f09-48bd-8436-8f70453c4843"
"3941","West","Fall in Love With Richard Clayderman for 30 Years","","","","Album","1","15","","403254","Fall in Love With Richard Clayderman for 30 Years","","Richard Clayderman","096ae7b2-4f09-48bd-8436-8f70453c4843"
"3942","Groovy Kind of Love","Fall in Love With Richard Clayderman for 30 Years","","","","Album","2","1","","172840","Fall in Love With Richard Clayderman for 30 Years","","Richard Clayderman","096ae7b2-4f09-48bd-8436-8f70453c4843"
"3943","Whiter Shade of Pale","Fall in Love With Richard Clayderman for 30 Years","","","","Album","2","2","","270746","Fall in Love With Richard Clayderman for 30 Years","","Richard Clayderman","096ae7b2-4f09-48bd-8436-8f70453c4843"
"3944","When a Man Loves a Woman","Fall in Love With Richard Clayderman for 30 Years","","","","Album","2","3","","179333","Fall in Love With Richard Clayderman for 30 Years","","Richard Clayderman","096ae7b2-4f09-48bd-8436-8f70453c4843"
"3945","And I Love You So","Fall in Love With Richard Clayderman for 30 Years","","","","Album","2","4","","154360","Fall in Love With Richard Clayderman for 30 Years","","Richard Clayderman","096ae7b2-4f09-48bd-8436-8f70453c4843"
"3946","Dust in the Wind","Fall in Love With Richard Clayderman for 30 Years","","","","Album","2","5","","192733","Fall in Love With Richard Clayderman for 30 Years","","Richard Clayderman","096ae7b2-4f09-48bd-8436-8f70453c4843"
"3947","Bridge Over Troubled Water","Fall in Love With Richard Clayderman for 30 Years","","","","Album","2","6","","192400","Fall in Love With Richard Clayderman for 30 Years","","Richard Clayderman","096ae7b2-4f09-48bd-8436-8f70453c4843"
"3948","Let It Be","Fall in Love With Richard Clayderman for 30 Years","","","","Album","2","7","","224813","Fall in Love With Richard Clayderman for 30 Years","","Richard Clayderman","096ae7b2-4f09-48bd-8436-8f70453c4843"
"3949","Feelings","Fall in Love With Richard Clayderman for 30 Years","","","","Album","2","8","","196186","Fall in Love With Richard Clayderman for 30 Years","","Richard Clayderman","096ae7b2-4f09-48bd-8436-8f70453c4843"
"3950","Yesterday Once More","Fall in Love With Richard Clayderman for 30 Years","","","","Album","2","9","","209506","Fall in Love With Richard Clayderman for 30 Years","","Richard Clayderman","096ae7b2-4f09-48bd-8436-8f70453c4843"
"3951","Without You","Fall in Love With Richard Clayderman for 30 Years","","","","Album","2","10","","232573","Fall in Love With Richard Clayderman for 30 Years","","Richard Clayderman","096ae7b2-4f09-48bd-8436-8f70453c4843"
"3952","Perhaps Love","Fall in Love With Richard Clayderman for 30 Years","","","","Album","2","11","","165960","Fall in Love With Richard Clayderman for 30 Years","","Richard Clayderman","096ae7b2-4f09-48bd-8436-8f70453c4843"
"3953","Only You","Fall in Love With Richard Clayderman for 30 Years","","","","Album","2","12","","145373","Fall in Love With Richard Clayderman for 30 Years","","Richard Clayderman","096ae7b2-4f09-48bd-8436-8f70453c4843"
"3954","Careless Whisper","Fall in Love With Richard Clayderman for 30 Years","","","","Album","2","13","","204280","Fall in Love With Richard Clayderman for 30 Years","","Richard Clayderman","096ae7b2-4f09-48bd-8436-8f70453c4843"
"3955","Every Time You Go Away","Fall in Love With Richard Clayderman for 30 Years","","","","Album","2","14","","170320","Fall in Love With Richard Clayderman for 30 Years","","Richard Clayderman","096ae7b2-4f09-48bd-8436-8f70453c4843"
"3956","The Power of Love","Fall in Love With Richard Clayderman for 30 Years","","","","Album","2","15","","244574","Fall in Love With Richard Clayderman for 30 Years","","Richard Clayderman","096ae7b2-4f09-48bd-8436-8f70453c4843"
"3957","Don't Cry for Me Argentina","Feelings","","","XE","Album","1","1","CD","191133","Feelings","","Richard Clayderman","ae7467c8-28e0-446c-863b-516f60a7a75c"
"3958","Exodus","Feelings","","","XE","Album","1","2","CD","178266","Feelings","","Richard Clayderman","ae7467c8-28e0-446c-863b-516f60a7a75c"
"3959","Vanessa","Feelings","","","XE","Album","1","3","CD","139026","Feelings","","Richard Clayderman","ae7467c8-28e0-446c-863b-516f60a7a75c"
"3960","Elisabeth-Serenade","Feelings","","","XE","Album","1","4","CD","117800","Feelings","","Richard Clayderman","ae7467c8-28e0-446c-863b-516f60a7a75c"
"3961","Let It Be","Feelings","","","XE","Album","1","5","CD","222066","Feelings","","Richard Clayderman","ae7467c8-28e0-446c-863b-516f60a7a75c"
"3962","Love Is Blue","Feelings","","","XE","Album","1","6","CD","107266","Feelings","","Richard Clayderman","ae7467c8-28e0-446c-863b-516f60a7a75c"
"3963","Schiwago-Melodie","Feelings","","","XE","Album","1","7","CD","155040","Feelings","","Richard Clayderman","ae7467c8-28e0-446c-863b-516f60a7a75c"
"3964","Feelings","Feelings","","","XE","Album","1","8","CD","199293","Feelings","","Richard Clayderman","ae7467c8-28e0-446c-863b-516f60a7a75c"
"3965","Summertime","Feelings","","","XE","Album","1","9","CD","158573","Feelings","","Richard Clayderman","ae7467c8-28e0-446c-863b-516f60a7a75c"
"3966","Memories of My Youth (Souvenirs d'enfance)","Feelings","","","XE","Album","1","10","CD","169400","Feelings","","Richard Clayderman","ae7467c8-28e0-446c-863b-516f60a7a75c"
"3967","Romeo & Julia","Feelings","","","XE","Album","1","11","CD","140866","Feelings","","Richard Clayderman","ae7467c8-28e0-446c-863b-516f60a7a75c"
"3968","Rondo","Feelings","","","XE","Album","1","12","CD","92826","Feelings","","Richard Clayderman","ae7467c8-28e0-446c-863b-516f60a7a75c"
"3969","Balada para Adelina","Flores para un Amor","","","","Album","1","1","","160200","Flores para un Amor","","Richard Clayderman","bffde157-ddb9-42d2-9caa-4ca6b5e46fb2"
"3970","Corazonada","Flores para un Amor","","","","Album","1","2","","179680","Flores para un Amor","","Richard Clayderman","bffde157-ddb9-42d2-9caa-4ca6b5e46fb2"
"3971","Diamante","Flores para un Amor","","","","Album","1","3","","198813","Flores para un Amor","","Richard Clayderman","bffde157-ddb9-42d2-9caa-4ca6b5e46fb2"
"3972","Colores Suaves","Flores para un Amor","","","","Album","1","4","","221413","Flores para un Amor","","Richard Clayderman","bffde157-ddb9-42d2-9caa-4ca6b5e46fb2"
"3973","Carros de Fuego","Flores para un Amor","","","","Album","1","5","","183333","Flores para un Amor","","Richard Clayderman","bffde157-ddb9-42d2-9caa-4ca6b5e46fb2"
"3974","Matrimonio de Amor","Flores para un Amor","","","","Album","1","6","","163320","Flores para un Amor","","Richard Clayderman","bffde157-ddb9-42d2-9caa-4ca6b5e46fb2"
"3975","Rio de Luna","Flores para un Amor","","","","Album","1","7","","197706","Flores para un Amor","","Richard Clayderman","bffde157-ddb9-42d2-9caa-4ca6b5e46fb2"
"3976","Canción de Cuna para un Bebe","Flores para un Amor","","","","Album","1","8","","97080","Flores para un Amor","","Richard Clayderman","bffde157-ddb9-42d2-9caa-4ca6b5e46fb2"
"3977","Todo Alrededor es Amor","Flores para un Amor","","","","Album","1","9","","251373","Flores para un Amor","","Richard Clayderman","bffde157-ddb9-42d2-9caa-4ca6b5e46fb2"
"3978","Carta a Elisa","Flores para un Amor","","","","Album","1","10","","256666","Flores para un Amor","","Richard Clayderman","bffde157-ddb9-42d2-9caa-4ca6b5e46fb2"
"3979","Corazón Fragil","Flores para un Amor","","","","Album","1","11","","146106","Flores para un Amor","","Richard Clayderman","bffde157-ddb9-42d2-9caa-4ca6b5e46fb2"
"3980","Sobre el Arcoiris","Flores para un Amor","","","","Album","1","12","","171760","Flores para un Amor","","Richard Clayderman","bffde157-ddb9-42d2-9caa-4ca6b5e46fb2"
"3981","Como un Amor","Flores para un Amor","","","","Album","1","13","","201093","Flores para un Amor","","Richard Clayderman","bffde157-ddb9-42d2-9caa-4ca6b5e46fb2"
"3982","Carta a mi Madre","Flores para un Amor","","","","Album","1","14","","166853","Flores para un Amor","","Richard Clayderman","bffde157-ddb9-42d2-9caa-4ca6b5e46fb2"
"3983","Las Hojas Muertas","Flores para un Amor","","","","Album","1","15","","168040","Flores para un Amor","","Richard Clayderman","bffde157-ddb9-42d2-9caa-4ca6b5e46fb2"
"3984","Concierto para una Jovencita Llamada: Te Amo","Flores para un Amor","","","","Album","1","16","","226293","Flores para un Amor","","Richard Clayderman","bffde157-ddb9-42d2-9caa-4ca6b5e46fb2"
"3985","Tema de Tara","Flores para un Amor","","","","Album","1","17","","208506","Flores para un Amor","","Richard Clayderman","bffde157-ddb9-42d2-9caa-4ca6b5e46fb2"
"3986","Gente","Flores para un Amor","","","","Album","1","18","","220293","Flores para un Amor","","Richard Clayderman","bffde157-ddb9-42d2-9caa-4ca6b5e46fb2"
"3987","El Fantasma de la Opera","Flores para un Amor","","","","Album","1","19","","288106","Flores para un Amor","","Richard Clayderman","bffde157-ddb9-42d2-9caa-4ca6b5e46fb2"
"3988","Que tan profundo es tu amor","Flores para un Amor","","","","Album","1","20","","225360","Flores para un Amor","","Richard Clayderman","bffde157-ddb9-42d2-9caa-4ca6b5e46fb2"
"3989","Flower Heart","Flower Heart","","","","Album","1","1","","215333","Flower Heart","","Richard Clayderman","ceb3e9bc-1de9-4bc0-a1fc-9f8c1fa5e4ef"
"3990","New Dream of the Lovers","Flower Heart","","","","Album","1","2","","245826","Flower Heart","","Richard Clayderman","ceb3e9bc-1de9-4bc0-a1fc-9f8c1fa5e4ef"
"3991","The Butterfly Lovers","Flower Heart","","","","Album","1","3","","180000","Flower Heart","","Richard Clayderman","ceb3e9bc-1de9-4bc0-a1fc-9f8c1fa5e4ef"
"3992","Querida","Flower Heart","","","","Album","1","4","","235173","Flower Heart","","Richard Clayderman","ceb3e9bc-1de9-4bc0-a1fc-9f8c1fa5e4ef"
"3993","La Incondicional","Flower Heart","","","","Album","1","5","","217826","Flower Heart","","Richard Clayderman","ceb3e9bc-1de9-4bc0-a1fc-9f8c1fa5e4ef"
"3994","Besame Mucho","Flower Heart","","","","Album","1","6","","213506","Flower Heart","","Richard Clayderman","ceb3e9bc-1de9-4bc0-a1fc-9f8c1fa5e4ef"
"3995","Cuando Vuelva a Tu Lado","Flower Heart","","","","Album","1","7","","229333","Flower Heart","","Richard Clayderman","ceb3e9bc-1de9-4bc0-a1fc-9f8c1fa5e4ef"
"3996","El Día Que Me Quieras","Flower Heart","","","","Album","1","8","","225333","Flower Heart","","Richard Clayderman","ceb3e9bc-1de9-4bc0-a1fc-9f8c1fa5e4ef"
"3997","Cafe da Manha","Flower Heart","","","","Album","1","9","","226000","Flower Heart","","Richard Clayderman","ceb3e9bc-1de9-4bc0-a1fc-9f8c1fa5e4ef"
"3998","Se Todos Fossem Iguais a Você","Flower Heart","","","","Album","1","10","","239333","Flower Heart","","Richard Clayderman","ceb3e9bc-1de9-4bc0-a1fc-9f8c1fa5e4ef"
"3999","Oceano","Flower Heart","","","","Album","1","11","","193826","Flower Heart","","Richard Clayderman","ceb3e9bc-1de9-4bc0-a1fc-9f8c1fa5e4ef"
"4000","Aquarela","Flower Heart","","","","Album","1","12","","229173","Flower Heart","","Richard Clayderman","ceb3e9bc-1de9-4bc0-a1fc-9f8c1fa5e4ef"
"4001","Ballade for Adeline","Golden Collection","","","","Album","1","1","","155160","Golden Collection","","Richard Clayderman","afdf8c3f-047c-4791-aaf9-cb79528fa92e"
"4002","For Elise","Golden Collection","","","","Album","1","2","","145066","Golden Collection","","Richard Clayderman","afdf8c3f-047c-4791-aaf9-cb79528fa92e"
"4003","Dolannes Melody","Golden Collection","","","","Album","1","3","","202946","Golden Collection","","Richard Clayderman","afdf8c3f-047c-4791-aaf9-cb79528fa92e"
"4004","Aliscia","Golden Collection","","","","Album","1","4","","229520","Golden Collection","","Richard Clayderman","afdf8c3f-047c-4791-aaf9-cb79528fa92e"
"4005","Liebestraum","Golden Collection","","","","Album","1","5","","187440","Golden Collection","","Richard Clayderman","afdf8c3f-047c-4791-aaf9-cb79528fa92e"
"4006","Moon River","Golden Collection","","","","Album","1","6","","192106","Golden Collection","","Richard Clayderman","afdf8c3f-047c-4791-aaf9-cb79528fa92e"
"4007","Moonlight Sonate","Golden Collection","","","","Album","1","7","","191453","Golden Collection","","Richard Clayderman","afdf8c3f-047c-4791-aaf9-cb79528fa92e"
"4008","Le Bonheur D'Aimer","Golden Collection","","","","Album","1","8","","250280","Golden Collection","","Richard Clayderman","afdf8c3f-047c-4791-aaf9-cb79528fa92e"
"4009","Eleana","Golden Collection","","","","Album","1","9","","216053","Golden Collection","","Richard Clayderman","afdf8c3f-047c-4791-aaf9-cb79528fa92e"
"4010","Ave Maria","Golden Collection","","","","Album","1","10","","161880","Golden Collection","","Richard Clayderman","afdf8c3f-047c-4791-aaf9-cb79528fa92e"
"4011","Gimme! Gimme! Gimme! (A Man After Midnight)","Golden Collection","","","","Album","1","11","","238666","Golden Collection","","Richard Clayderman","afdf8c3f-047c-4791-aaf9-cb79528fa92e"
"4012","Plaisir D'Amore","Golden Collection","","","","Album","1","12","","158026","Golden Collection","","Richard Clayderman","afdf8c3f-047c-4791-aaf9-cb79528fa92e"
"4013","El Choclo","Golden Collection","","","","Album","1","13","","182213","Golden Collection","","Richard Clayderman","afdf8c3f-047c-4791-aaf9-cb79528fa92e"
"4014","Love Story (Love Theme)","Golden Collection","","","","Album","1","14","","180120","Golden Collection","","Richard Clayderman","afdf8c3f-047c-4791-aaf9-cb79528fa92e"
"4015","Romeo & Juliet (Love Theme)","Golden Collection","","","","Album","1","15","","136560","Golden Collection","","Richard Clayderman","afdf8c3f-047c-4791-aaf9-cb79528fa92e"
"4016","We Are the World","Golden Collection","","","","Album","1","16","","159053","Golden Collection","","Richard Clayderman","afdf8c3f-047c-4791-aaf9-cb79528fa92e"
"4017","I Have a Dream","Golden Collection","","","","Album","1","17","","188040","Golden Collection","","Richard Clayderman","afdf8c3f-047c-4791-aaf9-cb79528fa92e"
"4018","Arrivederchi Roma","Golden Collection","","","","Album","1","18","","159533","Golden Collection","","Richard Clayderman","afdf8c3f-047c-4791-aaf9-cb79528fa92e"
"4019","Il Y A Toujours Du Soleil Au-Deddud Des Nuages","Golden Collection","","","","Album","1","19","","167586","Golden Collection","","Richard Clayderman","afdf8c3f-047c-4791-aaf9-cb79528fa92e"
"4020","Four Seasons (Medley)","Golden Collection","","","","Album","1","20","","315146","Golden Collection","","Richard Clayderman","afdf8c3f-047c-4791-aaf9-cb79528fa92e"
"4021","Cours D'Or","Golden Collection","","","","Album","1","21","","205373","Golden Collection","","Richard Clayderman","afdf8c3f-047c-4791-aaf9-cb79528fa92e"
"4022","A Media Luz","Golden Collection","","","","Album","1","22","","222453","Golden Collection","","Richard Clayderman","afdf8c3f-047c-4791-aaf9-cb79528fa92e"
"4023","Guantanamera","Golden Collection","","","","Album","1","23","","147560","Golden Collection","","Richard Clayderman","afdf8c3f-047c-4791-aaf9-cb79528fa92e"
"4024","Money, Money, Money","Golden Collection","","","","Album","1","24","","220066","Golden Collection","","Richard Clayderman","afdf8c3f-047c-4791-aaf9-cb79528fa92e"
"4025","Quand Ma Mere Chantait","Golden Collection","","","","Album","1","25","","169466","Golden Collection","","Richard Clayderman","afdf8c3f-047c-4791-aaf9-cb79528fa92e"
"4026","Bewitched","Hollywood & Broadway","","","BR","Album","1","1","CD","214000","Hollywood & Broadway","1986","Richard Clayderman","f15104a7-d93f-469e-8417-c328902f7f76"
"4027","Embraceable You","Hollywood & Broadway","","","BR","Album","1","2","CD","151000","Hollywood & Broadway","1986","Richard Clayderman","f15104a7-d93f-469e-8417-c328902f7f76"
"4028","Long Ago & Far Away","Hollywood & Broadway","","","BR","Album","1","3","CD","196000","Hollywood & Broadway","1986","Richard Clayderman","f15104a7-d93f-469e-8417-c328902f7f76"
"4029","Night and Day","Hollywood & Broadway","","","BR","Album","1","4","CD","166000","Hollywood & Broadway","1986","Richard Clayderman","f15104a7-d93f-469e-8417-c328902f7f76"
"4030","The Way You Look Tonight","Hollywood & Broadway","","","BR","Album","1","5","CD","137000","Hollywood & Broadway","1986","Richard Clayderman","f15104a7-d93f-469e-8417-c328902f7f76"
"4031","Smoke Gets in Your Eyes","Hollywood & Broadway","","","BR","Album","1","6","CD","154000","Hollywood & Broadway","1986","Richard Clayderman","f15104a7-d93f-469e-8417-c328902f7f76"
"4032","People","Hollywood & Broadway","","","BR","Album","1","7","CD","217000","Hollywood & Broadway","1986","Richard Clayderman","f15104a7-d93f-469e-8417-c328902f7f76"
"4033","All the Things You Are, Are Mine","Hollywood & Broadway","","","BR","Album","1","8","CD","187000","Hollywood & Broadway","1986","Richard Clayderman","f15104a7-d93f-469e-8417-c328902f7f76"
"4034","I've Grown Accustomed to Her Face","Hollywood & Broadway","","","BR","Album","1","9","CD","203000","Hollywood & Broadway","1986","Richard Clayderman","f15104a7-d93f-469e-8417-c328902f7f76"
"4035","On the Street Where You Live","Hollywood & Broadway","","","BR","Album","1","10","CD","148000","Hollywood & Broadway","1986","Richard Clayderman","f15104a7-d93f-469e-8417-c328902f7f76"
"4036","If I Loved You","Hollywood & Broadway","","","BR","Album","1","11","CD","147000","Hollywood & Broadway","1986","Richard Clayderman","f15104a7-d93f-469e-8417-c328902f7f76"
"4037","You'll Never Walk Alone","Hollywood & Broadway","","","BR","Album","1","12","CD","177000","Hollywood & Broadway","1986","Richard Clayderman","f15104a7-d93f-469e-8417-c328902f7f76"
"4038","La Voce Della Musica","In Amore","","","","Album","1","1","","189600","In Amore","1995","Richard Clayderman","58cf412e-3918-447e-af31-7d2fdbc00ce4"
"4039","Come Saprei","In Amore","","","","Album","1","2","","184293","In Amore","1995","Richard Clayderman","58cf412e-3918-447e-af31-7d2fdbc00ce4"
"4040","T'Innamorerai","In Amore","","","","Album","1","3","","224973","In Amore","1995","Richard Clayderman","58cf412e-3918-447e-af31-7d2fdbc00ce4"
"4041","Persone Silenziose","In Amore","","","","Album","1","4","","275466","In Amore","1995","Richard Clayderman","58cf412e-3918-447e-af31-7d2fdbc00ce4"
"4042","Una Lunga Storia D'Amore","In Amore","","","","Album","1","5","","162360","In Amore","1995","Richard Clayderman","58cf412e-3918-447e-af31-7d2fdbc00ce4"
"4043","Cinque Giorni","In Amore","","","","Album","1","6","","219840","In Amore","1995","Richard Clayderman","58cf412e-3918-447e-af31-7d2fdbc00ce4"
"4044","Le Ragazze","In Amore","","","","Album","1","7","","183960","In Amore","1995","Richard Clayderman","58cf412e-3918-447e-af31-7d2fdbc00ce4"
"4045","In Amore","In Amore","","","","Album","1","8","","244266","In Amore","1995","Richard Clayderman","58cf412e-3918-447e-af31-7d2fdbc00ce4"
"4046","Diamante","In Amore","","","","Album","1","9","","198266","In Amore","1995","Richard Clayderman","58cf412e-3918-447e-af31-7d2fdbc00ce4"
"4047","Vivere","In Amore","","","","Album","1","10","","180066","In Amore","1995","Richard Clayderman","58cf412e-3918-447e-af31-7d2fdbc00ce4"
"4048","Le Lacrime D'Amore","In Amore","","","","Album","1","11","","185800","In Amore","1995","Richard Clayderman","58cf412e-3918-447e-af31-7d2fdbc00ce4"
"4049","Richard Clayderman & Anonimo Italiano / El Cosi'Addio","In Amore","","","","Album","1","12","","245200","In Amore","1995","Richard Clayderman","58cf412e-3918-447e-af31-7d2fdbc00ce4"
"4050","Love Song In Winter","L'amour de l'hiver","","","","Album","1","1","","214000","L'amour de l'hiver","","Richard Clayderman","22d23438-546e-4664-904f-74ccc4460b7b"
"4051","Ballade Pour Adeline","L'amour de l'hiver","","","","Album","1","2","","179000","L'amour de l'hiver","","Richard Clayderman","22d23438-546e-4664-904f-74ccc4460b7b"
"4052","Une histoire d'amour (Love Story)","L'amour de l'hiver","","","","Album","1","3","","185000","L'amour de l'hiver","","Richard Clayderman","22d23438-546e-4664-904f-74ccc4460b7b"
"4053","When a Man Loves a Woman","L'amour de l'hiver","","","","Album","1","4","","171000","L'amour de l'hiver","","Richard Clayderman","22d23438-546e-4664-904f-74ccc4460b7b"
"4054","Christmas Eve","L'amour de l'hiver","","","","Album","1","5","","187000","L'amour de l'hiver","","Richard Clayderman","22d23438-546e-4664-904f-74ccc4460b7b"
"4055","Harry Potter Melody","L'amour de l'hiver","","","","Album","1","6","","234000","L'amour de l'hiver","","Richard Clayderman","22d23438-546e-4664-904f-74ccc4460b7b"
"4056","Take My Breath Away","L'amour de l'hiver","","","","Album","1","7","","146000","L'amour de l'hiver","","Richard Clayderman","22d23438-546e-4664-904f-74ccc4460b7b"
"4057","Lyphard Melodie","L'amour de l'hiver","","","","Album","1","8","","285000","L'amour de l'hiver","","Richard Clayderman","22d23438-546e-4664-904f-74ccc4460b7b"
"4058","Souvenirs d'enfance","L'amour de l'hiver","","","","Album","1","9","","171000","L'amour de l'hiver","","Richard Clayderman","22d23438-546e-4664-904f-74ccc4460b7b"
"4059","Pride","L'amour de l'hiver","","","","Album","1","10","","191000","L'amour de l'hiver","","Richard Clayderman","22d23438-546e-4664-904f-74ccc4460b7b"
"4060","Titanic Symphony","L'amour de l'hiver","","","","Album","1","11","","550000","L'amour de l'hiver","","Richard Clayderman","22d23438-546e-4664-904f-74ccc4460b7b"
"4061","Lette a ma mere","L'amour de l'hiver","","","","Album","1","12","","167000","L'amour de l'hiver","","Richard Clayderman","22d23438-546e-4664-904f-74ccc4460b7b"
"4062","Merry Christmas, Mr. Lawrence (Furio)","L'amour de l'hiver","","","","Album","1","13","","202000","L'amour de l'hiver","","Richard Clayderman","22d23438-546e-4664-904f-74ccc4460b7b"
"4063","Kalinka","L'amour de l'hiver","","","","Album","1","14","","215000","L'amour de l'hiver","","Richard Clayderman","22d23438-546e-4664-904f-74ccc4460b7b"
"4064","Stars on the Earth","L'amour de l'hiver","","","","Album","1","15","","217000","L'amour de l'hiver","","Richard Clayderman","22d23438-546e-4664-904f-74ccc4460b7b"
"4065","Music Box Dancer","L'amour de l'hiver","","","","Album","1","16","","193000","L'amour de l'hiver","","Richard Clayderman","22d23438-546e-4664-904f-74ccc4460b7b"
"4066","Concerto pour une jeune fille nommee (Je t'aime)","L'amour de l'hiver","","","","Album","1","17","","226000","L'amour de l'hiver","","Richard Clayderman","22d23438-546e-4664-904f-74ccc4460b7b"
"4067","Okina Furudokei","L'amour de l'hiver","","","","Album","1","18","","172000","L'amour de l'hiver","","Richard Clayderman","22d23438-546e-4664-904f-74ccc4460b7b"
"4068","Con Te Partiro (Time to Say Goodbye)","L'amour de l'hiver","","","","Album","1","19","","192000","L'amour de l'hiver","","Richard Clayderman","22d23438-546e-4664-904f-74ccc4460b7b"
"4069","Ballade pour Adeline (Piano et Orchestre)","L'amour de l'hiver","","","","Album","1","20","","156000","L'amour de l'hiver","","Richard Clayderman","22d23438-546e-4664-904f-74ccc4460b7b"
"4070","Ballade pour Adeline","Le Meilleur de Richard Clayderman","","","","Album","1","1","CD","157733","Le Meilleur de Richard Clayderman","","Richard Clayderman","be7d04d0-3e20-4768-a9fe-993921989ac8"
"4071","Coup de cœur","Le Meilleur de Richard Clayderman","","","","Album","1","2","CD","177266","Le Meilleur de Richard Clayderman","","Richard Clayderman","be7d04d0-3e20-4768-a9fe-993921989ac8"
"4072","Un homme et une femme","Le Meilleur de Richard Clayderman","","","","Album","1","3","CD","179333","Le Meilleur de Richard Clayderman","","Richard Clayderman","be7d04d0-3e20-4768-a9fe-993921989ac8"
"4073","Couleur tendresse","Le Meilleur de Richard Clayderman","","","","Album","1","4","CD","219440","Le Meilleur de Richard Clayderman","","Richard Clayderman","be7d04d0-3e20-4768-a9fe-993921989ac8"
"4074","Chariots de feu","Le Meilleur de Richard Clayderman","","","","Album","1","5","CD","181493","Le Meilleur de Richard Clayderman","","Richard Clayderman","be7d04d0-3e20-4768-a9fe-993921989ac8"
"4075","Mariage d'amour","Le Meilleur de Richard Clayderman","","","","Album","1","6","CD","161040","Le Meilleur de Richard Clayderman","","Richard Clayderman","be7d04d0-3e20-4768-a9fe-993921989ac8"
"4076","La Vie en rose","Le Meilleur de Richard Clayderman","","","","Album","1","7","CD","156426","Le Meilleur de Richard Clayderman","","Richard Clayderman","be7d04d0-3e20-4768-a9fe-993921989ac8"
"4077","Rondo pour un tout petit enfant","Le Meilleur de Richard Clayderman","","","","Album","1","8","CD","94933","Le Meilleur de Richard Clayderman","","Richard Clayderman","be7d04d0-3e20-4768-a9fe-993921989ac8"
"4078","Medley West Side Story","Le Meilleur de Richard Clayderman","","","","Album","1","9","CD","393666","Le Meilleur de Richard Clayderman","","Richard Clayderman","be7d04d0-3e20-4768-a9fe-993921989ac8"
"4079","Lettre à Elise","Le Meilleur de Richard Clayderman","","","","Album","1","10","CD","253640","Le Meilleur de Richard Clayderman","","Richard Clayderman","be7d04d0-3e20-4768-a9fe-993921989ac8"
"4080","Cœur fragile","Le Meilleur de Richard Clayderman","","","","Album","1","11","CD","144000","Le Meilleur de Richard Clayderman","","Richard Clayderman","be7d04d0-3e20-4768-a9fe-993921989ac8"
"4081","La Chanson de Lara","Le Meilleur de Richard Clayderman","","","","Album","1","12","CD","154000","Le Meilleur de Richard Clayderman","","Richard Clayderman","be7d04d0-3e20-4768-a9fe-993921989ac8"
"4082","A comme amour","Le Meilleur de Richard Clayderman","","","","Album","1","13","CD","199426","Le Meilleur de Richard Clayderman","","Richard Clayderman","be7d04d0-3e20-4768-a9fe-993921989ac8"
"4083","Rêve d'amour","Le Meilleur de Richard Clayderman","","","","Album","1","14","CD","190973","Le Meilleur de Richard Clayderman","","Richard Clayderman","be7d04d0-3e20-4768-a9fe-993921989ac8"
"4084","Lettre à ma mère","Le Meilleur de Richard Clayderman","","","","Album","1","15","CD","164666","Le Meilleur de Richard Clayderman","","Richard Clayderman","be7d04d0-3e20-4768-a9fe-993921989ac8"
"4085","Les Feuilles mortes","Le Meilleur de Richard Clayderman","","","","Album","1","16","CD","165933","Le Meilleur de Richard Clayderman","","Richard Clayderman","be7d04d0-3e20-4768-a9fe-993921989ac8"
"4086","Concerto pour une jeune fille nommée je t'aime","Le Meilleur de Richard Clayderman","","","","Album","1","17","CD","224200","Le Meilleur de Richard Clayderman","","Richard Clayderman","be7d04d0-3e20-4768-a9fe-993921989ac8"
"4087","Autant en emporte le vent","Le Meilleur de Richard Clayderman","","","","Album","1","18","CD","206160","Le Meilleur de Richard Clayderman","","Richard Clayderman","be7d04d0-3e20-4768-a9fe-993921989ac8"
"4088","Balada Para Adelina","Les Melodies Originales","","","","Album","1","1","","158520","Les Melodies Originales","","Richard Clayderman","033c34ad-5b42-4e98-a4a5-03fb93ce0099"
"4089","Los Últimos Días de Anastasia Kemsky","Les Melodies Originales","","","","Album","1","2","","199280","Les Melodies Originales","","Richard Clayderman","033c34ad-5b42-4e98-a4a5-03fb93ce0099"
"4090","Recuerdos de Infancia","Les Melodies Originales","","","","Album","1","3","","170813","Les Melodies Originales","","Richard Clayderman","033c34ad-5b42-4e98-a4a5-03fb93ce0099"
"4091","El Sutil Perfume de Las Rosas","Les Melodies Originales","","","","Album","1","4","","174453","Les Melodies Originales","","Richard Clayderman","033c34ad-5b42-4e98-a4a5-03fb93ce0099"
"4092","Lady Di","Les Melodies Originales","","","","Album","1","5","","155626","Les Melodies Originales","","Richard Clayderman","033c34ad-5b42-4e98-a4a5-03fb93ce0099"
"4093","Melodía Dolannes","Les Melodies Originales","","","","Album","1","6","","204960","Les Melodies Originales","","Richard Clayderman","033c34ad-5b42-4e98-a4a5-03fb93ce0099"
"4094","Desperado","Les Melodies Originales","","","","Album","1","7","","250386","Les Melodies Originales","","Richard Clayderman","033c34ad-5b42-4e98-a4a5-03fb93ce0099"
"4095","Día Soleado Bajo Las Nubes","Les Melodies Originales","","","","Album","1","8","","168933","Les Melodies Originales","","Richard Clayderman","033c34ad-5b42-4e98-a4a5-03fb93ce0099"
"4096","El Color de la Ternura","Les Melodies Originales","","","","Album","1","9","","219906","Les Melodies Originales","","Richard Clayderman","033c34ad-5b42-4e98-a4a5-03fb93ce0099"
"4097","La Ternura del Amor","Les Melodies Originales","","","","Album","1","10","","165186","Les Melodies Originales","","Richard Clayderman","033c34ad-5b42-4e98-a4a5-03fb93ce0099"
"4098","Carta a Mi Madre","Les Melodies Originales","","","","Album","1","11","","165960","Les Melodies Originales","","Richard Clayderman","033c34ad-5b42-4e98-a4a5-03fb93ce0099"
"4099","Las Primeras Sonrisas de Vanessa","Les Melodies Originales","","","","Album","1","12","","139253","Les Melodies Originales","","Richard Clayderman","033c34ad-5b42-4e98-a4a5-03fb93ce0099"
"4100","Murmullos","Les Melodies Originales","","","","Album","1","13","","151040","Les Melodies Originales","","Richard Clayderman","033c34ad-5b42-4e98-a4a5-03fb93ce0099"
"4101","A Bordo de la Riviera","Les Melodies Originales","","","","Album","1","14","","237586","Les Melodies Originales","","Richard Clayderman","033c34ad-5b42-4e98-a4a5-03fb93ce0099"
"4102","Corazón Frágil","Les Melodies Originales","","","","Album","1","15","","143613","Les Melodies Originales","","Richard Clayderman","033c34ad-5b42-4e98-a4a5-03fb93ce0099"
"4103","Adelina Adulta","Les Melodies Originales","","","","Album","1","16","","179440","Les Melodies Originales","","Richard Clayderman","033c34ad-5b42-4e98-a4a5-03fb93ce0099"
"4104","Amor Se Escribe con 'A'","Les Melodies Originales","","","","Album","2","1","","200093","Les Melodies Originales","","Richard Clayderman","033c34ad-5b42-4e98-a4a5-03fb93ce0099"
"4105","Melodía Lyphard","Les Melodies Originales","","","","Album","2","2","","283893","Les Melodies Originales","","Richard Clayderman","033c34ad-5b42-4e98-a4a5-03fb93ce0099"
"4106","Herida del Corazón","Les Melodies Originales","","","","Album","2","3","","177573","Les Melodies Originales","","Richard Clayderman","033c34ad-5b42-4e98-a4a5-03fb93ce0099"
"4107","Sonate No. 1","Les Melodies Originales","","","","Album","2","4","","181560","Les Melodies Originales","","Richard Clayderman","033c34ad-5b42-4e98-a4a5-03fb93ce0099"
"4108","Como un Rayo de Luna","Les Melodies Originales","","","","Album","2","5","","206573","Les Melodies Originales","","Richard Clayderman","033c34ad-5b42-4e98-a4a5-03fb93ce0099"
"4109","Concierto Para Una Niña Llamada: Te Amo","Les Melodies Originales","","","","Album","2","6","","224946","Les Melodies Originales","","Richard Clayderman","033c34ad-5b42-4e98-a4a5-03fb93ce0099"
"4110","Algunas Notas Para Ana","Les Melodies Originales","","","","Album","2","7","","231133","Les Melodies Originales","","Richard Clayderman","033c34ad-5b42-4e98-a4a5-03fb93ce0099"
"4111","Ping Pong Sobre Los Árboles","Les Melodies Originales","","","","Album","2","8","","198106","Les Melodies Originales","","Richard Clayderman","033c34ad-5b42-4e98-a4a5-03fb93ce0099"
"4112","Eleana","Les Melodies Originales","","","","Album","2","9","","221480","Les Melodies Originales","","Richard Clayderman","033c34ad-5b42-4e98-a4a5-03fb93ce0099"
"4113","Ronda Para un Pequeño Niño","Les Melodies Originales","","","","Album","2","10","","94626","Les Melodies Originales","","Richard Clayderman","033c34ad-5b42-4e98-a4a5-03fb93ce0099"
"4114","Viaje a Venecia","Les Melodies Originales","","","","Album","2","11","","174346","Les Melodies Originales","","Richard Clayderman","033c34ad-5b42-4e98-a4a5-03fb93ce0099"
"4115","Amor Por Amor","Les Melodies Originales","","","","Album","2","12","","189706","Les Melodies Originales","","Richard Clayderman","033c34ad-5b42-4e98-a4a5-03fb93ce0099"
"4116","La Ternura","Les Melodies Originales","","","","Album","2","13","","158386","Les Melodies Originales","","Richard Clayderman","033c34ad-5b42-4e98-a4a5-03fb93ce0099"
"4117","Jardín Secreto","Les Melodies Originales","","","","Album","2","14","","135893","Les Melodies Originales","","Richard Clayderman","033c34ad-5b42-4e98-a4a5-03fb93ce0099"
"4118","Triste Corazón","Les Melodies Originales","","","","Album","2","15","","169080","Les Melodies Originales","","Richard Clayderman","033c34ad-5b42-4e98-a4a5-03fb93ce0099"
"4119","Balada Para Adelina - Solo de Piano","Les Melodies Originales","","","","Album","2","16","","164440","Les Melodies Originales","","Richard Clayderman","033c34ad-5b42-4e98-a4a5-03fb93ce0099"
"4120","Tristesse","Les Musiques de l'amour","","","FR","Album","1","1","CD","154733","Les Musiques de l'amour","","Richard Clayderman","d3d1dc4d-638e-49a0-8cb8-4b230e039508"
"4121","Plaisir d'amour","Les Musiques de l'amour","","","FR","Album","1","2","CD","163066","Les Musiques de l'amour","","Richard Clayderman","d3d1dc4d-638e-49a0-8cb8-4b230e039508"
"4122","Aline","Les Musiques de l'amour","","","FR","Album","1","3","CD","156733","Les Musiques de l'amour","","Richard Clayderman","d3d1dc4d-638e-49a0-8cb8-4b230e039508"
"4123","Lara's Theme","Les Musiques de l'amour","","","FR","Album","1","4","CD","155893","Les Musiques de l'amour","","Richard Clayderman","d3d1dc4d-638e-49a0-8cb8-4b230e039508"
"4124","Feelings","Les Musiques de l'amour","","","FR","Album","1","5","CD","200066","Les Musiques de l'amour","","Richard Clayderman","d3d1dc4d-638e-49a0-8cb8-4b230e039508"
"4125","Let It Be","Les Musiques de l'amour","","","FR","Album","1","6","CD","223600","Les Musiques de l'amour","","Richard Clayderman","d3d1dc4d-638e-49a0-8cb8-4b230e039508"
"4126","Love Is Blue","Les Musiques de l'amour","","","FR","Album","1","7","CD","107333","Les Musiques de l'amour","","Richard Clayderman","d3d1dc4d-638e-49a0-8cb8-4b230e039508"
"4127","Vaya con dios","Les Musiques de l'amour","","","FR","Album","1","8","CD","111440","Les Musiques de l'amour","","Richard Clayderman","d3d1dc4d-638e-49a0-8cb8-4b230e039508"
"4128","Voyage à Venise","Les Musiques de l'amour","","","FR","Album","1","9","CD","174533","Les Musiques de l'amour","","Richard Clayderman","d3d1dc4d-638e-49a0-8cb8-4b230e039508"
"4129","Ballade pour Adeline","Les Musiques de l'amour","","","FR","Album","1","10","CD","159066","Les Musiques de l'amour","","Richard Clayderman","d3d1dc4d-638e-49a0-8cb8-4b230e039508"
"4130","Strangers in the Night","Les Musiques de l'amour","","","FR","Album","1","11","CD","199200","Les Musiques de l'amour","","Richard Clayderman","d3d1dc4d-638e-49a0-8cb8-4b230e039508"
"4131","When a Man Loves a Woman","Les Musiques de l'amour","","","FR","Album","1","12","CD","169426","Les Musiques de l'amour","","Richard Clayderman","d3d1dc4d-638e-49a0-8cb8-4b230e039508"
"4132","The Sound of Silence","Les Musiques de l'amour","","","FR","Album","1","13","CD","213266","Les Musiques de l'amour","","Richard Clayderman","d3d1dc4d-638e-49a0-8cb8-4b230e039508"
"4133","Parlez-moi d'amour","Les Musiques de l'amour","","","FR","Album","1","14","CD","142800","Les Musiques de l'amour","","Richard Clayderman","d3d1dc4d-638e-49a0-8cb8-4b230e039508"
"4134","Jardin secret","Les Musiques de l'amour","","","FR","Album","1","15","CD","136333","Les Musiques de l'amour","","Richard Clayderman","d3d1dc4d-638e-49a0-8cb8-4b230e039508"
"4135","Ave Maria","Les Musiques de l'amour","","","FR","Album","1","16","CD","165573","Les Musiques de l'amour","","Richard Clayderman","d3d1dc4d-638e-49a0-8cb8-4b230e039508"
"4136","Summertime","Les Musiques de l'amour","","","FR","Album","1","17","CD","159493","Les Musiques de l'amour","","Richard Clayderman","d3d1dc4d-638e-49a0-8cb8-4b230e039508"
"4137","La Vraie Musique de l'amour","Les Musiques de l'amour","","","FR","Album","1","18","CD","124933","Les Musiques de l'amour","","Richard Clayderman","d3d1dc4d-638e-49a0-8cb8-4b230e039508"
"4138","My Way","Les Musiques de l'amour","","","FR","Album","1","19","CD","231640","Les Musiques de l'amour","","Richard Clayderman","d3d1dc4d-638e-49a0-8cb8-4b230e039508"
"4139","Wiegenlied","Les Musiques de l'amour","","","FR","Album","1","20","CD","105693","Les Musiques de l'amour","","Richard Clayderman","d3d1dc4d-638e-49a0-8cb8-4b230e039508"
"4140","Diva","Les Sonates","","","","Album","1","1","","183333","Les Sonates","","Richard Clayderman","01e15216-609f-47f9-90ed-09e744a5b3e6"
"4141","Non père","Les Sonates","","","","Album","1","2","","174400","Les Sonates","","Richard Clayderman","01e15216-609f-47f9-90ed-09e744a5b3e6"
"4142","Les jours heureux","Les Sonates","","","","Album","1","3","","111306","Les Sonates","","Richard Clayderman","01e15216-609f-47f9-90ed-09e744a5b3e6"
"4143","Pastorale","Les Sonates","","","","Album","1","4","","148133","Les Sonates","","Richard Clayderman","01e15216-609f-47f9-90ed-09e744a5b3e6"
"4144","Les premiers pas","Les Sonates","","","","Album","1","5","","193066","Les Sonates","","Richard Clayderman","01e15216-609f-47f9-90ed-09e744a5b3e6"
"4145","La fete","Les Sonates","","","","Album","1","6","","140093","Les Sonates","","Richard Clayderman","01e15216-609f-47f9-90ed-09e744a5b3e6"
"4146","Angelica divina","Les Sonates","","","","Album","1","7","","201240","Les Sonates","","Richard Clayderman","01e15216-609f-47f9-90ed-09e744a5b3e6"
"4147","L'amour heureux","Les Sonates","","","","Album","1","8","","161933","Les Sonates","","Richard Clayderman","01e15216-609f-47f9-90ed-09e744a5b3e6"
"4148","La petite ètoile","Les Sonates","","","","Album","1","9","","167293","Les Sonates","","Richard Clayderman","01e15216-609f-47f9-90ed-09e744a5b3e6"
"4149","La Mort D'un Oiseau","Les Sonates","","","","Album","1","10","","143066","Les Sonates","","Richard Clayderman","01e15216-609f-47f9-90ed-09e744a5b3e6"
"4150","L'offrande","Les Sonates","","","","Album","1","11","","142600","Les Sonates","","Richard Clayderman","01e15216-609f-47f9-90ed-09e744a5b3e6"
"4151","Les adieux","Les Sonates","","","","Album","1","12","","212933","Les Sonates","","Richard Clayderman","01e15216-609f-47f9-90ed-09e744a5b3e6"
"4152","Balada para Adelina","Lo mejor de Richard Clayderman","","","ES","Album","1","1","DualDisc","","Lo mejor de Richard Clayderman","","Richard Clayderman","80ec12ab-5032-4cb8-8a9e-4d32f9f58f63"
"4153","Love Story","Lo mejor de Richard Clayderman","","","ES","Album","1","2","DualDisc","","Lo mejor de Richard Clayderman","","Richard Clayderman","80ec12ab-5032-4cb8-8a9e-4d32f9f58f63"
"4154","Las hojas muertas","Lo mejor de Richard Clayderman","","","ES","Album","1","3","DualDisc","","Lo mejor de Richard Clayderman","","Richard Clayderman","80ec12ab-5032-4cb8-8a9e-4d32f9f58f63"
"4155","Yesterday","Lo mejor de Richard Clayderman","","","ES","Album","1","4","DualDisc","","Lo mejor de Richard Clayderman","","Richard Clayderman","80ec12ab-5032-4cb8-8a9e-4d32f9f58f63"
"4156","La vida en rosa","Lo mejor de Richard Clayderman","","","ES","Album","1","5","DualDisc","","Lo mejor de Richard Clayderman","","Richard Clayderman","80ec12ab-5032-4cb8-8a9e-4d32f9f58f63"
"4157","Tomo y obligo","Lo mejor de Richard Clayderman","","","ES","Album","1","6","DualDisc","","Lo mejor de Richard Clayderman","","Richard Clayderman","80ec12ab-5032-4cb8-8a9e-4d32f9f58f63"
"4158","Un hombre y una mujer","Lo mejor de Richard Clayderman","","","ES","Album","1","7","DualDisc","","Lo mejor de Richard Clayderman","","Richard Clayderman","80ec12ab-5032-4cb8-8a9e-4d32f9f58f63"
"4159","Carros de fuego","Lo mejor de Richard Clayderman","","","ES","Album","1","8","DualDisc","","Lo mejor de Richard Clayderman","","Richard Clayderman","80ec12ab-5032-4cb8-8a9e-4d32f9f58f63"
"4160","El mar","Lo mejor de Richard Clayderman","","","ES","Album","1","9","DualDisc","","Lo mejor de Richard Clayderman","","Richard Clayderman","80ec12ab-5032-4cb8-8a9e-4d32f9f58f63"
"4161","El río de la luna","Lo mejor de Richard Clayderman","","","ES","Album","1","10","DualDisc","","Lo mejor de Richard Clayderman","","Richard Clayderman","80ec12ab-5032-4cb8-8a9e-4d32f9f58f63"
"4162","Puente sobre aguas turbulentas","Lo mejor de Richard Clayderman","","","ES","Album","1","11","DualDisc","","Lo mejor de Richard Clayderman","","Richard Clayderman","80ec12ab-5032-4cb8-8a9e-4d32f9f58f63"
"4163","Flashdance","Lo mejor de Richard Clayderman","","","ES","Album","1","12","DualDisc","","Lo mejor de Richard Clayderman","","Richard Clayderman","80ec12ab-5032-4cb8-8a9e-4d32f9f58f63"
"4164","Arrivederci Roma","Lo mejor de Richard Clayderman","","","ES","Album","1","13","DualDisc","","Lo mejor de Richard Clayderman","","Richard Clayderman","80ec12ab-5032-4cb8-8a9e-4d32f9f58f63"
"4165","Summertime","Lo mejor de Richard Clayderman","","","ES","Album","1","14","DualDisc","","Lo mejor de Richard Clayderman","","Richard Clayderman","80ec12ab-5032-4cb8-8a9e-4d32f9f58f63"
"4166","Volver a empezar","Lo mejor de Richard Clayderman","","","ES","Album","2","1","DualDisc","","Lo mejor de Richard Clayderman","","Richard Clayderman","80ec12ab-5032-4cb8-8a9e-4d32f9f58f63"
"4167","Sólo tú","Lo mejor de Richard Clayderman","","","ES","Album","2","2","DualDisc","","Lo mejor de Richard Clayderman","","Richard Clayderman","80ec12ab-5032-4cb8-8a9e-4d32f9f58f63"
"4168","Esta tarde vi llover","Lo mejor de Richard Clayderman","","","ES","Album","2","3","DualDisc","","Lo mejor de Richard Clayderman","","Richard Clayderman","80ec12ab-5032-4cb8-8a9e-4d32f9f58f63"
"4169","Polvo de estrellas","Lo mejor de Richard Clayderman","","","ES","Album","2","4","DualDisc","","Lo mejor de Richard Clayderman","","Richard Clayderman","80ec12ab-5032-4cb8-8a9e-4d32f9f58f63"
"4170","Extraños en la noche","Lo mejor de Richard Clayderman","","","ES","Album","2","5","DualDisc","","Lo mejor de Richard Clayderman","","Richard Clayderman","80ec12ab-5032-4cb8-8a9e-4d32f9f58f63"
"4171","A mi manera","Lo mejor de Richard Clayderman","","","ES","Album","2","6","DualDisc","","Lo mejor de Richard Clayderman","","Richard Clayderman","80ec12ab-5032-4cb8-8a9e-4d32f9f58f63"
"4172","Gracias a la vida","Lo mejor de Richard Clayderman","","","ES","Album","2","7","DualDisc","","Lo mejor de Richard Clayderman","","Richard Clayderman","80ec12ab-5032-4cb8-8a9e-4d32f9f58f63"
"4173","En la calle donde vives","Lo mejor de Richard Clayderman","","","ES","Album","2","8","DualDisc","","Lo mejor de Richard Clayderman","","Richard Clayderman","80ec12ab-5032-4cb8-8a9e-4d32f9f58f63"
"4174","Noches de blanco satén","Lo mejor de Richard Clayderman","","","ES","Album","2","9","DualDisc","","Lo mejor de Richard Clayderman","","Richard Clayderman","80ec12ab-5032-4cb8-8a9e-4d32f9f58f63"
"4175","El amor es azul","Lo mejor de Richard Clayderman","","","ES","Album","2","10","DualDisc","","Lo mejor de Richard Clayderman","","Richard Clayderman","80ec12ab-5032-4cb8-8a9e-4d32f9f58f63"
"4176","Cuando un hombre ama a una mujer","Lo mejor de Richard Clayderman","","","ES","Album","2","11","DualDisc","","Lo mejor de Richard Clayderman","","Richard Clayderman","80ec12ab-5032-4cb8-8a9e-4d32f9f58f63"
"4177","El humo ciega tus ojos","Lo mejor de Richard Clayderman","","","ES","Album","2","12","DualDisc","","Lo mejor de Richard Clayderman","","Richard Clayderman","80ec12ab-5032-4cb8-8a9e-4d32f9f58f63"
"4178","La chica de Ipanema","Lo mejor de Richard Clayderman","","","ES","Album","2","13","DualDisc","","Lo mejor de Richard Clayderman","","Richard Clayderman","80ec12ab-5032-4cb8-8a9e-4d32f9f58f63"
"4179","Gente","Lo mejor de Richard Clayderman","","","ES","Album","2","14","DualDisc","","Lo mejor de Richard Clayderman","","Richard Clayderman","80ec12ab-5032-4cb8-8a9e-4d32f9f58f63"
"4180","Unchained Melody","Love Songs of the World","","","","Album","1","1","","187693","Love Songs of the World","","Richard Clayderman","2c7d162d-e9b1-48cc-aae5-c7ee6b0b9ee9"
"4181","Volare","Love Songs of the World","","","","Album","1","2","","194666","Love Songs of the World","","Richard Clayderman","2c7d162d-e9b1-48cc-aae5-c7ee6b0b9ee9"
"4182","Stranger on the Shore","Love Songs of the World","","","","Album","1","3","","152240","Love Songs of the World","","Richard Clayderman","2c7d162d-e9b1-48cc-aae5-c7ee6b0b9ee9"
"4183","Love Is Blue","Love Songs of the World","","","","Album","1","4","","106293","Love Songs of the World","","Richard Clayderman","2c7d162d-e9b1-48cc-aae5-c7ee6b0b9ee9"
"4184","Fragile Heart","Love Songs of the World","","","","Album","1","5","","195173","Love Songs of the World","","Richard Clayderman","2c7d162d-e9b1-48cc-aae5-c7ee6b0b9ee9"
"4185","Wonderland by Night","Love Songs of the World","","","","Album","1","6","","208533","Love Songs of the World","","Richard Clayderman","2c7d162d-e9b1-48cc-aae5-c7ee6b0b9ee9"
"4186","Lisbon Antigua","Love Songs of the World","","","","Album","1","7","","139293","Love Songs of the World","","Richard Clayderman","2c7d162d-e9b1-48cc-aae5-c7ee6b0b9ee9"
"4187","Cara Mia","Love Songs of the World","","","","Album","1","8","","198040","Love Songs of the World","","Richard Clayderman","2c7d162d-e9b1-48cc-aae5-c7ee6b0b9ee9"
"4188","Poor People of Paris","Love Songs of the World","","","","Album","1","9","","177026","Love Songs of the World","","Richard Clayderman","2c7d162d-e9b1-48cc-aae5-c7ee6b0b9ee9"
"4189","Autumn Leaves","Love Songs of the World","","","","Album","1","10","","165666","Love Songs of the World","","Richard Clayderman","2c7d162d-e9b1-48cc-aae5-c7ee6b0b9ee9"
"4190","Love Is a Many Splendored Thing","Love Songs, Volume 1","","","","Album","1","1","","175400","Love Songs, Volume 1","","Richard Clayderman","df639218-192f-4511-8b4a-2300ace7cc22"
"4191","Only You","Love Songs, Volume 1","","","","Album","1","2","","189906","Love Songs, Volume 1","","Richard Clayderman","df639218-192f-4511-8b4a-2300ace7cc22"
"4192","Michele","Love Songs, Volume 1","","","","Album","1","3","","212080","Love Songs, Volume 1","","Richard Clayderman","df639218-192f-4511-8b4a-2300ace7cc22"
"4193","I Love Paris","Love Songs, Volume 1","","","","Album","1","4","","197560","Love Songs, Volume 1","","Richard Clayderman","df639218-192f-4511-8b4a-2300ace7cc22"
"4194","My Way","Love Songs, Volume 1","","","","Album","1","5","","147253","Love Songs, Volume 1","","Richard Clayderman","df639218-192f-4511-8b4a-2300ace7cc22"
"4195","Love Is Blue","Love Songs, Volume 1","","","","Album","1","6","","106440","Love Songs, Volume 1","","Richard Clayderman","df639218-192f-4511-8b4a-2300ace7cc22"
"4196","This Guy's in Love With You","Love Songs, Volume 1","","","","Album","1","7","","183560","Love Songs, Volume 1","","Richard Clayderman","df639218-192f-4511-8b4a-2300ace7cc22"
"4197","Blue Hawaii","Love Songs, Volume 1","","","","Album","1","8","","158573","Love Songs, Volume 1","","Richard Clayderman","df639218-192f-4511-8b4a-2300ace7cc22"
"4198","Feelings","Love Songs, Volume 1","","","","Album","1","9","","196560","Love Songs, Volume 1","","Richard Clayderman","df639218-192f-4511-8b4a-2300ace7cc22"
"4199","Perhaps Love","Love Songs, Volume 1","","","","Album","1","10","","163520","Love Songs, Volume 1","","Richard Clayderman","df639218-192f-4511-8b4a-2300ace7cc22"
"4200","Mandy","Love Songs, Volume 1","","","","Album","1","11","","142520","Love Songs, Volume 1","","Richard Clayderman","df639218-192f-4511-8b4a-2300ace7cc22"
"4201","As Time Goes By","Love Songs, Volume 1","","","","Album","1","12","","138627","Love Songs, Volume 1","","Richard Clayderman","df639218-192f-4511-8b4a-2300ace7cc22"
"4202","You Are the Emperor of My Heart","Magnifique","","","AU","Album","1","1","CD","142000","Magnifique","","Richard Clayderman","24c8f256-e3aa-4575-806d-59cb5a20f36d"
"4203","The Woods of Vienna Are Calling","Magnifique","","","AU","Album","1","2","CD","112000","Magnifique","","Richard Clayderman","24c8f256-e3aa-4575-806d-59cb5a20f36d"
"4204","Don't Say Goodbye","Magnifique","","","AU","Album","1","3","CD","155000","Magnifique","","Richard Clayderman","24c8f256-e3aa-4575-806d-59cb5a20f36d"
"4205","Enchanted Lovers","Magnifique","","","AU","Album","1","4","CD","141000","Magnifique","","Richard Clayderman","24c8f256-e3aa-4575-806d-59cb5a20f36d"
"4206","Heavenly Blue Dreams","Magnifique","","","AU","Album","1","5","CD","154000","Magnifique","","Richard Clayderman","24c8f256-e3aa-4575-806d-59cb5a20f36d"
"4207","Salome (Romeo)","Magnifique","","","AU","Album","1","6","CD","159000","Magnifique","","Richard Clayderman","24c8f256-e3aa-4575-806d-59cb5a20f36d"
"4208","Don't Ask Me Why","Magnifique","","","AU","Album","1","7","CD","157000","Magnifique","","Richard Clayderman","24c8f256-e3aa-4575-806d-59cb5a20f36d"
"4209","Never Go to Sleep Without a Kiss","Magnifique","","","AU","Album","1","8","CD","159000","Magnifique","","Richard Clayderman","24c8f256-e3aa-4575-806d-59cb5a20f36d"
"4210","Lovely Vienna at Night","Magnifique","","","AU","Album","1","9","CD","130000","Magnifique","","Richard Clayderman","24c8f256-e3aa-4575-806d-59cb5a20f36d"
"4211","You Too","Magnifique","","","AU","Album","1","10","CD","123000","Magnifique","","Richard Clayderman","24c8f256-e3aa-4575-806d-59cb5a20f36d"
"4212","Keep Me, Darling","Magnifique","","","AU","Album","1","11","CD","160000","Magnifique","","Richard Clayderman","24c8f256-e3aa-4575-806d-59cb5a20f36d"
"4213","You, Just You","Magnifique","","","AU","Album","1","12","CD","157000","Magnifique","","Richard Clayderman","24c8f256-e3aa-4575-806d-59cb5a20f36d"
"4214","Tattoo for Lovers","Magnifique","","","AU","Album","1","13","CD","118000","Magnifique","","Richard Clayderman","24c8f256-e3aa-4575-806d-59cb5a20f36d"
"4215","The Park of Sans Souci","Magnifique","","","AU","Album","1","14","CD","162000","Magnifique","","Richard Clayderman","24c8f256-e3aa-4575-806d-59cb5a20f36d"
"4216","Your Eyes","Magnifique","","","AU","Album","1","15","CD","163000","Magnifique","","Richard Clayderman","24c8f256-e3aa-4575-806d-59cb5a20f36d"
"4217","Waltz Dream (medley)","Magnifique","","","AU","Album","1","16","CD","154000","Magnifique","","Richard Clayderman","24c8f256-e3aa-4575-806d-59cb5a20f36d"
"4218","All I Aksed of You","Magnifique","","","AU","Album","2","1","CD","","Magnifique","","Richard Clayderman","24c8f256-e3aa-4575-806d-59cb5a20f36d"
"4219","I Dreamed a Dream","Magnifique","","","AU","Album","2","2","CD","","Magnifique","","Richard Clayderman","24c8f256-e3aa-4575-806d-59cb5a20f36d"
"4220","Lady in Red / Take My Breath Away","Magnifique","","","AU","Album","2","3","CD","","Magnifique","","Richard Clayderman","24c8f256-e3aa-4575-806d-59cb5a20f36d"
"4221","I Still Call Australia Home","Magnifique","","","AU","Album","2","4","CD","","Magnifique","","Richard Clayderman","24c8f256-e3aa-4575-806d-59cb5a20f36d"
"4222","Chariots of Fire","Magnifique","","","AU","Album","2","5","CD","","Magnifique","","Richard Clayderman","24c8f256-e3aa-4575-806d-59cb5a20f36d"
"4223","Lady Di","Magnifique","","","AU","Album","2","6","CD","","Magnifique","","Richard Clayderman","24c8f256-e3aa-4575-806d-59cb5a20f36d"
"4224","Plasir d’amour","Magnifique","","","AU","Album","2","7","CD","","Magnifique","","Richard Clayderman","24c8f256-e3aa-4575-806d-59cb5a20f36d"
"4225","Cavatina","Magnifique","","","AU","Album","2","8","CD","","Magnifique","","Richard Clayderman","24c8f256-e3aa-4575-806d-59cb5a20f36d"
"4226","Lara’s Theme","Magnifique","","","AU","Album","2","9","CD","","Magnifique","","Richard Clayderman","24c8f256-e3aa-4575-806d-59cb5a20f36d"
"4227","Un homme et unes femme","Magnifique","","","AU","Album","2","10","CD","","Magnifique","","Richard Clayderman","24c8f256-e3aa-4575-806d-59cb5a20f36d"
"4228","Eleana","Magnifique","","","AU","Album","2","11","CD","","Magnifique","","Richard Clayderman","24c8f256-e3aa-4575-806d-59cb5a20f36d"
"4229","Love Me Tender","Magnifique","","","AU","Album","2","12","CD","","Magnifique","","Richard Clayderman","24c8f256-e3aa-4575-806d-59cb5a20f36d"
"4230","La vraie musique de l’amour","Magnifique","","","AU","Album","2","13","CD","","Magnifique","","Richard Clayderman","24c8f256-e3aa-4575-806d-59cb5a20f36d"
"4231","Embracable You","Magnifique","","","AU","Album","2","14","CD","","Magnifique","","Richard Clayderman","24c8f256-e3aa-4575-806d-59cb5a20f36d"
"4232","Tristesse","Magnifique","","","AU","Album","2","15","CD","","Magnifique","","Richard Clayderman","24c8f256-e3aa-4575-806d-59cb5a20f36d"
"4233","Serenade","Magnifique","","","AU","Album","2","16","CD","","Magnifique","","Richard Clayderman","24c8f256-e3aa-4575-806d-59cb5a20f36d"
"4234","I Know Him So Well","Magnifique","","","AU","Album","2","17","CD","","Magnifique","","Richard Clayderman","24c8f256-e3aa-4575-806d-59cb5a20f36d"
"4235","L’heure des adieux","Magnifique","","","AU","Album","2","18","CD","","Magnifique","","Richard Clayderman","24c8f256-e3aa-4575-806d-59cb5a20f36d"
"4236","Memory","Memories","","","","Album","1","1","","185960","Memories","","Richard Clayderman","57e8202b-851d-41f8-92b0-ee1a159d0f96"
"4237","Bridge Over Troubled Water","Memories","","","","Album","1","2","","186373","Memories","","Richard Clayderman","57e8202b-851d-41f8-92b0-ee1a159d0f96"
"4238","Blues Eyes","Memories","","","","Album","1","3","","186693","Memories","","Richard Clayderman","57e8202b-851d-41f8-92b0-ee1a159d0f96"
"4239","Woman in Love","Memories","","","","Album","1","4","","149800","Memories","","Richard Clayderman","57e8202b-851d-41f8-92b0-ee1a159d0f96"
"4240","Ebony and Ivory","Memories","","","","Album","1","5","","165240","Memories","","Richard Clayderman","57e8202b-851d-41f8-92b0-ee1a159d0f96"
"4241","I Have a Dream","Memories","","","","Album","1","6","","190893","Memories","","Richard Clayderman","57e8202b-851d-41f8-92b0-ee1a159d0f96"
"4242","Hey Jude","Memories","","","","Album","1","7","","167240","Memories","","Richard Clayderman","57e8202b-851d-41f8-92b0-ee1a159d0f96"
"4243","Bright Eyes","Memories","","","","Album","1","8","","174960","Memories","","Richard Clayderman","57e8202b-851d-41f8-92b0-ee1a159d0f96"
"4244","Up Were We Belong","Memories","","","","Album","1","9","","179666","Memories","","Richard Clayderman","57e8202b-851d-41f8-92b0-ee1a159d0f96"
"4245","Chariots of Fire","Memories","","","","Album","1","10","","181533","Memories","","Richard Clayderman","57e8202b-851d-41f8-92b0-ee1a159d0f96"
"4246","What a Feeling","Memories","","","","Album","1","11","","159106","Memories","","Richard Clayderman","57e8202b-851d-41f8-92b0-ee1a159d0f96"
"4247","The Most Beautiful Girl","Memories","","","","Album","1","12","","156426","Memories","","Richard Clayderman","57e8202b-851d-41f8-92b0-ee1a159d0f96"
"4248","Juliet","Memories","","","","Album","1","13","","193573","Memories","","Richard Clayderman","57e8202b-851d-41f8-92b0-ee1a159d0f96"
"4249","Feelings","Memories","","","","Album","1","14","","194266","Memories","","Richard Clayderman","57e8202b-851d-41f8-92b0-ee1a159d0f96"
"4250","Don't Cry for Me Argentina","Memories","","","","Album","1","15","","160266","Memories","","Richard Clayderman","57e8202b-851d-41f8-92b0-ee1a159d0f96"
"4251","Pokarekareana","Memories","","","","Album","1","16","","158000","Memories","","Richard Clayderman","57e8202b-851d-41f8-92b0-ee1a159d0f96"
"4252","Balada para Adelina","Mujeres inolvidables","","","","Album","1","1","","159560","Mujeres inolvidables","","Richard Clayderman","fe0b80b1-5fa1-4c56-9bb0-8e652f566e5c"
"4253","Carta a mi madre","Mujeres inolvidables","","","","Album","1","2","","166573","Mujeres inolvidables","","Richard Clayderman","fe0b80b1-5fa1-4c56-9bb0-8e652f566e5c"
"4254","Mujer enamorada","Mujeres inolvidables","","","","Album","1","3","","150960","Mujeres inolvidables","","Richard Clayderman","fe0b80b1-5fa1-4c56-9bb0-8e652f566e5c"
"4255","Chiquitita","Mujeres inolvidables","","","","Album","1","4","","209613","Mujeres inolvidables","","Richard Clayderman","fe0b80b1-5fa1-4c56-9bb0-8e652f566e5c"
"4256","Carta a Eloísa","Mujeres inolvidables","","","","Album","1","5","","256373","Mujeres inolvidables","","Richard Clayderman","fe0b80b1-5fa1-4c56-9bb0-8e652f566e5c"
"4257","Aline","Mujeres inolvidables","","","","Album","1","6","","156026","Mujeres inolvidables","","Richard Clayderman","fe0b80b1-5fa1-4c56-9bb0-8e652f566e5c"
"4258","Nikita","Mujeres inolvidables","","","","Album","1","7","","229946","Mujeres inolvidables","","Richard Clayderman","fe0b80b1-5fa1-4c56-9bb0-8e652f566e5c"
"4259","Tema de Mahogany","Mujeres inolvidables","","","","Album","1","8","","213000","Mujeres inolvidables","","Richard Clayderman","fe0b80b1-5fa1-4c56-9bb0-8e652f566e5c"
"4260","La incondicional","Mujeres inolvidables","","","","Album","1","9","","221093","Mujeres inolvidables","","Richard Clayderman","fe0b80b1-5fa1-4c56-9bb0-8e652f566e5c"
"4261","Carolina","Mujeres inolvidables","","","","Album","1","10","","216386","Mujeres inolvidables","","Richard Clayderman","fe0b80b1-5fa1-4c56-9bb0-8e652f566e5c"
"4262","Reina bailarina","Mujeres inolvidables","","","","Album","1","11","","227226","Mujeres inolvidables","","Richard Clayderman","fe0b80b1-5fa1-4c56-9bb0-8e652f566e5c"
"4263","Eleana","Mujeres inolvidables","","","","Album","1","12","","222626","Mujeres inolvidables","","Richard Clayderman","fe0b80b1-5fa1-4c56-9bb0-8e652f566e5c"
"4264","La bikina","Mujeres inolvidables","","","","Album","1","13","","268226","Mujeres inolvidables","","Richard Clayderman","fe0b80b1-5fa1-4c56-9bb0-8e652f566e5c"
"4265","Laydy D","Mujeres inolvidables","","","","Album","1","14","","155560","Mujeres inolvidables","","Richard Clayderman","fe0b80b1-5fa1-4c56-9bb0-8e652f566e5c"
"4266","Tema de Lara","Mujeres inolvidables","","","","Album","1","15","","156173","Mujeres inolvidables","","Richard Clayderman","fe0b80b1-5fa1-4c56-9bb0-8e652f566e5c"
"4267","La chica de Ipanema","Mujeres inolvidables","","","","Album","1","16","","183240","Mujeres inolvidables","","Richard Clayderman","fe0b80b1-5fa1-4c56-9bb0-8e652f566e5c"
"4268","Querida","Mujeres inolvidables","","","","Album","1","17","","233414","Mujeres inolvidables","","Richard Clayderman","fe0b80b1-5fa1-4c56-9bb0-8e652f566e5c"
"4269","Meditation","My Bossa Nova Favorites","","","","Album","1","1","","211933","My Bossa Nova Favorites","","Richard Clayderman","52914341-134b-444e-963c-b1a67564b0e6"
"4270","Summer Samba","My Bossa Nova Favorites","","","","Album","1","2","","174299","My Bossa Nova Favorites","","Richard Clayderman","52914341-134b-444e-963c-b1a67564b0e6"
"4271","Desafinado","My Bossa Nova Favorites","","","","Album","1","3","","178693","My Bossa Nova Favorites","","Richard Clayderman","52914341-134b-444e-963c-b1a67564b0e6"
"4272","Samba de Uma Nota Só","My Bossa Nova Favorites","","","","Album","1","4","","208173","My Bossa Nova Favorites","","Richard Clayderman","52914341-134b-444e-963c-b1a67564b0e6"
"4273","Jet Samba","My Bossa Nova Favorites","","","","Album","1","5","","164986","My Bossa Nova Favorites","","Richard Clayderman","52914341-134b-444e-963c-b1a67564b0e6"
"4274","The Girl of Ipanema","My Bossa Nova Favorites","","","","Album","1","6","","180313","My Bossa Nova Favorites","","Richard Clayderman","52914341-134b-444e-963c-b1a67564b0e6"
"4275","O Barquinho","My Bossa Nova Favorites","","","","Album","1","7","","191479","My Bossa Nova Favorites","","Richard Clayderman","52914341-134b-444e-963c-b1a67564b0e6"
"4276","A Felicidade","My Bossa Nova Favorites","","","","Album","1","8","","172746","My Bossa Nova Favorites","","Richard Clayderman","52914341-134b-444e-963c-b1a67564b0e6"
"4277","Água de Beber","My Bossa Nova Favorites","","","","Album","1","9","","141633","My Bossa Nova Favorites","","Richard Clayderman","52914341-134b-444e-963c-b1a67564b0e6"
"4278","Corcovado","My Bossa Nova Favorites","","","","Album","1","10","","152180","My Bossa Nova Favorites","","Richard Clayderman","52914341-134b-444e-963c-b1a67564b0e6"
"4279","Águas de Marco","My Bossa Nova Favorites","","","","Album","1","11","","174659","My Bossa Nova Favorites","","Richard Clayderman","52914341-134b-444e-963c-b1a67564b0e6"
"4280","How Insensitive","My Bossa Nova Favorites","","","","Album","1","12","","194800","My Bossa Nova Favorites","","Richard Clayderman","52914341-134b-444e-963c-b1a67564b0e6"
"4281","Medley","My Bossa Nova Favorites","","","","Album","1","13","","210373","My Bossa Nova Favorites","","Richard Clayderman","52914341-134b-444e-963c-b1a67564b0e6"
"4282","All I Ask of You (from 'Phantom of the Opera')","Par excellence","","","","Album","1","1","","205560","Par excellence","","Richard Clayderman","5d82f3b0-2640-48a9-996e-238e9612022a"
"4283","I Dreamed a Dream (from 'les Miserables')","Par excellence","","","","Album","1","2","","230106","Par excellence","","Richard Clayderman","5d82f3b0-2640-48a9-996e-238e9612022a"
"4284","Lady in Red / Take My Breath Away","Par excellence","","","","Album","1","3","","249400","Par excellence","","Richard Clayderman","5d82f3b0-2640-48a9-996e-238e9612022a"
"4285","I Still Call Australia Home","Par excellence","","","","Album","1","4","","199600","Par excellence","","Richard Clayderman","5d82f3b0-2640-48a9-996e-238e9612022a"
"4286","Chariots of Fire","Par excellence","","","","Album","1","5","","181160","Par excellence","","Richard Clayderman","5d82f3b0-2640-48a9-996e-238e9612022a"
"4287","Lady Di","Par excellence","","","","Album","1","6","","154666","Par excellence","","Richard Clayderman","5d82f3b0-2640-48a9-996e-238e9612022a"
"4288","Plaisir d'amour","Par excellence","","","","Album","1","7","","161440","Par excellence","","Richard Clayderman","5d82f3b0-2640-48a9-996e-238e9612022a"
"4289","Cavatina","Par excellence","","","","Album","1","8","","215400","Par excellence","","Richard Clayderman","5d82f3b0-2640-48a9-996e-238e9612022a"
"4290","Lara's Theme","Par excellence","","","","Album","1","9","","154426","Par excellence","","Richard Clayderman","5d82f3b0-2640-48a9-996e-238e9612022a"
"4291","Un homme et une femme","Par excellence","","","","Album","1","10","","181733","Par excellence","","Richard Clayderman","5d82f3b0-2640-48a9-996e-238e9612022a"
"4292","Eleana","Par excellence","","","","Album","1","11","","220866","Par excellence","","Richard Clayderman","5d82f3b0-2640-48a9-996e-238e9612022a"
"4293","Love Me Tender","Par excellence","","","","Album","1","12","","142600","Par excellence","","Richard Clayderman","5d82f3b0-2640-48a9-996e-238e9612022a"
"4294","La Vraie Musique de l'amour","Par excellence","","","","Album","1","13","","124373","Par excellence","","Richard Clayderman","5d82f3b0-2640-48a9-996e-238e9612022a"
"4295","Embraceable You","Par excellence","","","","Album","1","14","","154360","Par excellence","","Richard Clayderman","5d82f3b0-2640-48a9-996e-238e9612022a"
"4296","Tristesse","Par excellence","","","","Album","1","15","","154000","Par excellence","","Richard Clayderman","5d82f3b0-2640-48a9-996e-238e9612022a"
"4297","Serenade","Par excellence","","","","Album","1","16","","190173","Par excellence","","Richard Clayderman","5d82f3b0-2640-48a9-996e-238e9612022a"
"4298","I Know Him So Well","Par excellence","","","","Album","1","17","","245133","Par excellence","","Richard Clayderman","5d82f3b0-2640-48a9-996e-238e9612022a"
"4299","L'Heure des adieux","Par excellence","","","","Album","1","18","","222000","Par excellence","","Richard Clayderman","5d82f3b0-2640-48a9-996e-238e9612022a"
"4300","”Lady Di”","Reveries no. 2","","","AU","Album","1","1","CD","153000","Reveries no. 2","","Richard Clayderman","8a7621ee-3a4b-4dee-813d-62f3bad673e8"
"4301","Serenade","Reveries no. 2","","","AU","Album","1","2","CD","187000","Reveries no. 2","","Richard Clayderman","8a7621ee-3a4b-4dee-813d-62f3bad673e8"
"4302","Cavatina","Reveries no. 2","","","AU","Album","1","3","CD","212000","Reveries no. 2","","Richard Clayderman","8a7621ee-3a4b-4dee-813d-62f3bad673e8"
"4303","Guantanamera","Reveries no. 2","","","AU","Album","1","4","CD","145000","Reveries no. 2","","Richard Clayderman","8a7621ee-3a4b-4dee-813d-62f3bad673e8"
"4304","Ne Me Quitte Pas","Reveries no. 2","","","AU","Album","1","5","CD","172000","Reveries no. 2","","Richard Clayderman","8a7621ee-3a4b-4dee-813d-62f3bad673e8"
"4305","Les Regrets","Reveries no. 2","","","AU","Album","1","6","CD","193000","Reveries no. 2","","Richard Clayderman","8a7621ee-3a4b-4dee-813d-62f3bad673e8"
"4306","Les Feuilles Mortes","Reveries no. 2","","","AU","Album","1","7","CD","163000","Reveries no. 2","","Richard Clayderman","8a7621ee-3a4b-4dee-813d-62f3bad673e8"
"4307","Medley West Side Story","Reveries no. 2","","","AU","Album","1","8","CD","390000","Reveries no. 2","","Richard Clayderman","8a7621ee-3a4b-4dee-813d-62f3bad673e8"
"4308","Les Derniers Jours D’Anastasia Kemsky","Reveries no. 2","","","AU","Album","1","9","CD","197000","Reveries no. 2","","Richard Clayderman","8a7621ee-3a4b-4dee-813d-62f3bad673e8"
"4309","Le Cygne","Reveries no. 2","","","AU","Album","1","10","CD","184000","Reveries no. 2","","Richard Clayderman","8a7621ee-3a4b-4dee-813d-62f3bad673e8"
"4310","Greensleeves","Reveries no. 2","","","AU","Album","1","11","CD","185000","Reveries no. 2","","Richard Clayderman","8a7621ee-3a4b-4dee-813d-62f3bad673e8"
"4311","Romance","Reveries no. 2","","","AU","Album","1","12","CD","187000","Reveries no. 2","","Richard Clayderman","8a7621ee-3a4b-4dee-813d-62f3bad673e8"
"4312","Vivre Ailleurs","Reveries no. 2","","","AU","Album","1","13","CD","172000","Reveries no. 2","","Richard Clayderman","8a7621ee-3a4b-4dee-813d-62f3bad673e8"
"4313","Vals del escuerdo","Reveries no. 2","","","AU","Album","1","14","CD","127000","Reveries no. 2","","Richard Clayderman","8a7621ee-3a4b-4dee-813d-62f3bad673e8"
"4314","Love Is a Many Splendored Thing","Reveries no. 2","","","AU","Album","1","15","CD","173000","Reveries no. 2","","Richard Clayderman","8a7621ee-3a4b-4dee-813d-62f3bad673e8"
"4315","Children of the Wind","Reveries no. 2","","","AU","Album","1","16","CD","147000","Reveries no. 2","","Richard Clayderman","8a7621ee-3a4b-4dee-813d-62f3bad673e8"
"4316","Le Deuxième Slow","Reveries no. 2","","","AU","Album","1","17","CD","214000","Reveries no. 2","","Richard Clayderman","8a7621ee-3a4b-4dee-813d-62f3bad673e8"
"4317","Dolannes Melodie","Reveries No.1","","","","Album","1","1","","207000","Reveries No.1","","Richard Clayderman","77ef6baa-d75a-4150-b1cf-90b5163abcc8"
"4318","Yesterday","Reveries No.1","","","","Album","1","2","","147000","Reveries No.1","","Richard Clayderman","77ef6baa-d75a-4150-b1cf-90b5163abcc8"
"4319","Lieberstraum","Reveries No.1","","","","Album","1","3","","191000","Reveries No.1","","Richard Clayderman","77ef6baa-d75a-4150-b1cf-90b5163abcc8"
"4320","Don't Cry For Me Argentina","Reveries No.1","","","","Album","1","4","","195000","Reveries No.1","","Richard Clayderman","77ef6baa-d75a-4150-b1cf-90b5163abcc8"
"4321","Hymne A La Joie","Reveries No.1","","","","Album","1","5","","195000","Reveries No.1","","Richard Clayderman","77ef6baa-d75a-4150-b1cf-90b5163abcc8"
"4322","Pour Elise","Reveries No.1","","","","Album","1","6","","151000","Reveries No.1","","Richard Clayderman","77ef6baa-d75a-4150-b1cf-90b5163abcc8"
"4323","Exodus","Reveries No.1","","","","Album","1","7","","181000","Reveries No.1","","Richard Clayderman","77ef6baa-d75a-4150-b1cf-90b5163abcc8"
"4324","Ballade Pour Adeline","Reveries No.1","","","","Album","1","8","","160000","Reveries No.1","","Richard Clayderman","77ef6baa-d75a-4150-b1cf-90b5163abcc8"
"4325","Romeo And Juliet","Reveries No.1","","","","Album","1","9","","144000","Reveries No.1","","Richard Clayderman","77ef6baa-d75a-4150-b1cf-90b5163abcc8"
"4326","Elisabethen Serenade","Reveries No.1","","","","Album","1","10","","122000","Reveries No.1","","Richard Clayderman","77ef6baa-d75a-4150-b1cf-90b5163abcc8"
"4327","Bridge Over Troubled Water","Reveries No.1","","","","Album","1","11","","187000","Reveries No.1","","Richard Clayderman","77ef6baa-d75a-4150-b1cf-90b5163abcc8"
"4328","Barcarolle","Reveries No.1","","","","Album","1","12","","184000","Reveries No.1","","Richard Clayderman","77ef6baa-d75a-4150-b1cf-90b5163abcc8"
"4329","Love Story","Reveries No.1","","","","Album","1","13","","184000","Reveries No.1","","Richard Clayderman","77ef6baa-d75a-4150-b1cf-90b5163abcc8"
"4330","Moon River","Reveries No.1","","","","Album","1","14","","197000","Reveries No.1","","Richard Clayderman","77ef6baa-d75a-4150-b1cf-90b5163abcc8"
"4331","Sonate au clair de lune","Reveries No.1","","","","Album","1","15","","198000","Reveries No.1","","Richard Clayderman","77ef6baa-d75a-4150-b1cf-90b5163abcc8"
"4332","La Mer","Reveries No.1","","","","Album","1","16","","195000","Reveries No.1","","Richard Clayderman","77ef6baa-d75a-4150-b1cf-90b5163abcc8"
"4333","Sleepy Shores","Richard Clayderman & The Royal Philharmonic Orchestra","","","","Album","1","1","CD","208000","Richard Clayderman & The Royal Philharmonic Orchestra","","Richard Clayderman & The Royal Philharmonic Concert Orchestra","d30aed81-e045-42e0-8d8b-d250868d361a"
"4334","Cavalleria Rusticana","Richard Clayderman & The Royal Philharmonic Orchestra","","","","Album","1","2","CD","228000","Richard Clayderman & The Royal Philharmonic Orchestra","","Richard Clayderman & The Royal Philharmonic Concert Orchestra","d30aed81-e045-42e0-8d8b-d250868d361a"
"4335","Four Seasons Medley","Richard Clayderman & The Royal Philharmonic Orchestra","","","","Album","1","3","CD","316000","Richard Clayderman & The Royal Philharmonic Orchestra","","Richard Clayderman & The Royal Philharmonic Concert Orchestra","d30aed81-e045-42e0-8d8b-d250868d361a"
"4336","Italian Symphony No. 4","Richard Clayderman & The Royal Philharmonic Orchestra","","","","Album","1","4","CD","235000","Richard Clayderman & The Royal Philharmonic Orchestra","","Richard Clayderman & The Royal Philharmonic Concert Orchestra","d30aed81-e045-42e0-8d8b-d250868d361a"
"4337","Beethoven: Bagatelle In A minor, WoO 59, ""Fur Elise""","Richard Clayderman & The Royal Philharmonic Orchestra","","","","Album","1","5","CD","256000","Richard Clayderman & The Royal Philharmonic Orchestra","","Richard Clayderman & The Royal Philharmonic Concert Orchestra","d30aed81-e045-42e0-8d8b-d250868d361a"
"4338","Liszt: Liebestraum","Richard Clayderman & The Royal Philharmonic Orchestra","","","","Album","1","6","CD","369000","Richard Clayderman & The Royal Philharmonic Orchestra","","Richard Clayderman & The Royal Philharmonic Concert Orchestra","d30aed81-e045-42e0-8d8b-d250868d361a"
"4339","Chopin: Nocturne In E-flat, Op. 9/2","Richard Clayderman & The Royal Philharmonic Orchestra","","","","Album","1","7","CD","261000","Richard Clayderman & The Royal Philharmonic Orchestra","","Richard Clayderman & The Royal Philharmonic Concert Orchestra","d30aed81-e045-42e0-8d8b-d250868d361a"
"4340","Tchaikovsky: Piano Concerto #1 in B-flat minor, op. 23","Richard Clayderman & The Royal Philharmonic Orchestra","","","","Album","1","8","CD","238000","Richard Clayderman & The Royal Philharmonic Orchestra","","Richard Clayderman & The Royal Philharmonic Concert Orchestra","d30aed81-e045-42e0-8d8b-d250868d361a"
"4341","Rachmaninov: Piano Concerto #2 in C minor, op. 18","Richard Clayderman & The Royal Philharmonic Orchestra","","","","Album","1","9","CD","187000","Richard Clayderman & The Royal Philharmonic Orchestra","","Richard Clayderman & The Royal Philharmonic Concert Orchestra","d30aed81-e045-42e0-8d8b-d250868d361a"
"4342","Evergreen","Richard Clayderman & The Royal Philharmonic Orchestra","","","","Album","1","10","CD","183000","Richard Clayderman & The Royal Philharmonic Orchestra","","Richard Clayderman & The Royal Philharmonic Concert Orchestra","d30aed81-e045-42e0-8d8b-d250868d361a"
"4343","Forever Green","Richard Clayderman & The Royal Philharmonic Orchestra","","","","Album","1","11","CD","169000","Richard Clayderman & The Royal Philharmonic Orchestra","","Richard Clayderman & The Royal Philharmonic Concert Orchestra","d30aed81-e045-42e0-8d8b-d250868d361a"
"4344","Dream of Olwen","Richard Clayderman & The Royal Philharmonic Orchestra","","","","Album","1","12","CD","255000","Richard Clayderman & The Royal Philharmonic Orchestra","","Richard Clayderman & The Royal Philharmonic Concert Orchestra","d30aed81-e045-42e0-8d8b-d250868d361a"
"4345","Bath: Cornish Rhapsody","Richard Clayderman & The Royal Philharmonic Orchestra","","","","Album","1","13","CD","327000","Richard Clayderman & The Royal Philharmonic Orchestra","","Richard Clayderman & The Royal Philharmonic Concert Orchestra","d30aed81-e045-42e0-8d8b-d250868d361a"
"4346","Over the Rainbow","Richard Clayderman & The Royal Philharmonic Orchestra","","","","Album","1","14","CD","170000","Richard Clayderman & The Royal Philharmonic Orchestra","","Richard Clayderman & The Royal Philharmonic Concert Orchestra","d30aed81-e045-42e0-8d8b-d250868d361a"
"4347","Spring","Richard Clayderman & The Royal Philharmonic Orchestra","","","","Album","1","15","CD","175000","Richard Clayderman & The Royal Philharmonic Orchestra","","Richard Clayderman & The Royal Philharmonic Concert Orchestra","d30aed81-e045-42e0-8d8b-d250868d361a"
"4348","Waltz in A-flat","Richard Clayderman & The Royal Philharmonic Orchestra","","","","Album","1","16","CD","192000","Richard Clayderman & The Royal Philharmonic Orchestra","","Richard Clayderman & The Royal Philharmonic Concert Orchestra","d30aed81-e045-42e0-8d8b-d250868d361a"
"4349","Tara's Theme","Richard Clayderman & The Royal Philharmonic Orchestra","","","","Album","1","17","CD","208000","Richard Clayderman & The Royal Philharmonic Orchestra","","Richard Clayderman & The Royal Philharmonic Concert Orchestra","d30aed81-e045-42e0-8d8b-d250868d361a"
"4350","Elvira Madigan Concerto N°21 (C major)","Richard Clayderman & The Royal Philharmonic Orchestra","","","","Album","2","1","CD","203000","Richard Clayderman & The Royal Philharmonic Orchestra","","Richard Clayderman & The Royal Philharmonic Concert Orchestra","d30aed81-e045-42e0-8d8b-d250868d361a"
"4351","Clair De Lune","Richard Clayderman & The Royal Philharmonic Orchestra","","","","Album","2","2","CD","293000","Richard Clayderman & The Royal Philharmonic Orchestra","","Richard Clayderman & The Royal Philharmonic Concert Orchestra","d30aed81-e045-42e0-8d8b-d250868d361a"
"4352","Arabesque","Richard Clayderman & The Royal Philharmonic Orchestra","","","","Album","2","3","CD","249000","Richard Clayderman & The Royal Philharmonic Orchestra","","Richard Clayderman & The Royal Philharmonic Concert Orchestra","d30aed81-e045-42e0-8d8b-d250868d361a"
"4353","18th Variation on a Paganini Theme Opus 43","Richard Clayderman & The Royal Philharmonic Orchestra","","","","Album","2","4","CD","198000","Richard Clayderman & The Royal Philharmonic Orchestra","","Richard Clayderman & The Royal Philharmonic Concert Orchestra","d30aed81-e045-42e0-8d8b-d250868d361a"
"4354","Aria","Richard Clayderman & The Royal Philharmonic Orchestra","","","","Album","2","5","CD","361000","Richard Clayderman & The Royal Philharmonic Orchestra","","Richard Clayderman & The Royal Philharmonic Concert Orchestra","d30aed81-e045-42e0-8d8b-d250868d361a"
"4355","Nocturne Opus 27","Richard Clayderman & The Royal Philharmonic Orchestra","","","","Album","2","6","CD","263000","Richard Clayderman & The Royal Philharmonic Orchestra","","Richard Clayderman & The Royal Philharmonic Concert Orchestra","d30aed81-e045-42e0-8d8b-d250868d361a"
"4356","Moonlight Sonata","Richard Clayderman & The Royal Philharmonic Orchestra","","","","Album","2","7","CD","280000","Richard Clayderman & The Royal Philharmonic Orchestra","","Richard Clayderman & The Royal Philharmonic Concert Orchestra","d30aed81-e045-42e0-8d8b-d250868d361a"
"4357","La Pathetique","Richard Clayderman & The Royal Philharmonic Orchestra","","","","Album","2","8","CD","250000","Richard Clayderman & The Royal Philharmonic Orchestra","","Richard Clayderman & The Royal Philharmonic Concert Orchestra","d30aed81-e045-42e0-8d8b-d250868d361a"
"4358","Barcarolle","Richard Clayderman & The Royal Philharmonic Orchestra","","","","Album","2","9","CD","182000","Richard Clayderman & The Royal Philharmonic Orchestra","","Richard Clayderman & The Royal Philharmonic Concert Orchestra","d30aed81-e045-42e0-8d8b-d250868d361a"
"4359","Badinerie","Richard Clayderman & The Royal Philharmonic Orchestra","","","","Album","2","10","CD","219000","Richard Clayderman & The Royal Philharmonic Orchestra","","Richard Clayderman & The Royal Philharmonic Concert Orchestra","d30aed81-e045-42e0-8d8b-d250868d361a"
"4360","Hill Street Blues","Richard Clayderman & The Royal Philharmonic Orchestra","","","","Album","2","11","CD","171000","Richard Clayderman & The Royal Philharmonic Orchestra","","Richard Clayderman & The Royal Philharmonic Concert Orchestra","d30aed81-e045-42e0-8d8b-d250868d361a"
"4361","Do You Know","Richard Clayderman & The Royal Philharmonic Orchestra","","","","Album","2","12","CD","213000","Richard Clayderman & The Royal Philharmonic Orchestra","","Richard Clayderman & The Royal Philharmonic Concert Orchestra","d30aed81-e045-42e0-8d8b-d250868d361a"
"4362","Gymnopedie 1","Richard Clayderman & The Royal Philharmonic Orchestra","","","","Album","2","13","CD","191000","Richard Clayderman & The Royal Philharmonic Orchestra","","Richard Clayderman & The Royal Philharmonic Concert Orchestra","d30aed81-e045-42e0-8d8b-d250868d361a"
"4363","Rhapsody In Blue","Richard Clayderman & The Royal Philharmonic Orchestra","","","","Album","2","14","CD","304000","Richard Clayderman & The Royal Philharmonic Orchestra","","Richard Clayderman & The Royal Philharmonic Concert Orchestra","d30aed81-e045-42e0-8d8b-d250868d361a"
"4364","The Swan","Richard Clayderman & The Royal Philharmonic Orchestra","","","","Album","2","15","CD","185000","Richard Clayderman & The Royal Philharmonic Orchestra","","Richard Clayderman & The Royal Philharmonic Concert Orchestra","d30aed81-e045-42e0-8d8b-d250868d361a"
"4365","Concerto in A minor","Richard Clayderman & The Royal Philharmonic Orchestra","","","","Album","2","16","CD","243000","Richard Clayderman & The Royal Philharmonic Orchestra","","Richard Clayderman & The Royal Philharmonic Concert Orchestra","d30aed81-e045-42e0-8d8b-d250868d361a"
"4366","Warsaw Concerto","Richard Clayderman & The Royal Philharmonic Orchestra","","","","Album","2","17","CD","229000","Richard Clayderman & The Royal Philharmonic Orchestra","","Richard Clayderman & The Royal Philharmonic Concert Orchestra","d30aed81-e045-42e0-8d8b-d250868d361a"
"4367","Don't Cry for Me Argentina","Richard Clayderman 14 Exitos Internacionales.","","","","Album","1","1","","162000","Richard Clayderman 14 Exitos Internacionales.","","Richard Clayderman","e6ff0593-0f86-49fa-94df-df63ccc2acd4"
"4368","My Way","Richard Clayderman 14 Exitos Internacionales.","","","","Album","1","2","","234000","Richard Clayderman 14 Exitos Internacionales.","","Richard Clayderman","e6ff0593-0f86-49fa-94df-df63ccc2acd4"
"4369","La Vie en rose","Richard Clayderman 14 Exitos Internacionales.","","","","Album","1","3","","160000","Richard Clayderman 14 Exitos Internacionales.","","Richard Clayderman","e6ff0593-0f86-49fa-94df-df63ccc2acd4"
"4370","Bye bye tristesse","Richard Clayderman 14 Exitos Internacionales.","","","","Album","1","4","","240000","Richard Clayderman 14 Exitos Internacionales.","","Richard Clayderman","e6ff0593-0f86-49fa-94df-df63ccc2acd4"
"4371","Ballad for Adeline","Richard Clayderman 14 Exitos Internacionales.","","","","Album","1","5","","160000","Richard Clayderman 14 Exitos Internacionales.","","Richard Clayderman","e6ff0593-0f86-49fa-94df-df63ccc2acd4"
"4372","Just the Way You Are","Richard Clayderman 14 Exitos Internacionales.","","","","Album","1","6","","216000","Richard Clayderman 14 Exitos Internacionales.","","Richard Clayderman","e6ff0593-0f86-49fa-94df-df63ccc2acd4"
"4373","Love Story","Richard Clayderman 14 Exitos Internacionales.","","","","Album","1","7","","214000","Richard Clayderman 14 Exitos Internacionales.","","Richard Clayderman","e6ff0593-0f86-49fa-94df-df63ccc2acd4"
"4374","Feelings","Richard Clayderman 14 Exitos Internacionales.","","","","Album","1","8","","201000","Richard Clayderman 14 Exitos Internacionales.","","Richard Clayderman","e6ff0593-0f86-49fa-94df-df63ccc2acd4"
"4375","When a Man Loves a Woman","Richard Clayderman 14 Exitos Internacionales.","","","","Album","1","9","","170000","Richard Clayderman 14 Exitos Internacionales.","","Richard Clayderman","e6ff0593-0f86-49fa-94df-df63ccc2acd4"
"4376","Bridge Over Troubled Water","Richard Clayderman 14 Exitos Internacionales.","","","","Album","1","10","","187000","Richard Clayderman 14 Exitos Internacionales.","","Richard Clayderman","e6ff0593-0f86-49fa-94df-df63ccc2acd4"
"4377","Rhapsody in Blue","Richard Clayderman 14 Exitos Internacionales.","","","","Album","1","11","","195000","Richard Clayderman 14 Exitos Internacionales.","","Richard Clayderman","e6ff0593-0f86-49fa-94df-df63ccc2acd4"
"4378","Exodus","Richard Clayderman 14 Exitos Internacionales.","","","","Album","1","12","","178000","Richard Clayderman 14 Exitos Internacionales.","","Richard Clayderman","e6ff0593-0f86-49fa-94df-df63ccc2acd4"
"4379","Romeo and Juliet","Richard Clayderman 14 Exitos Internacionales.","","","","Album","1","13","","149000","Richard Clayderman 14 Exitos Internacionales.","","Richard Clayderman","e6ff0593-0f86-49fa-94df-df63ccc2acd4"
"4380","Fur Elise","Richard Clayderman 14 Exitos Internacionales.","","","","Album","1","14","","186000","Richard Clayderman 14 Exitos Internacionales.","","Richard Clayderman","e6ff0593-0f86-49fa-94df-df63ccc2acd4"
"4381","Romantic America","Romantic America","","","","Album","1","1","","162266","Romantic America","","Richard Clayderman","592fd99a-33ff-494f-9b77-152192091aa7"
"4382","You Don't Know Love","Romantic America","","","","Album","1","2","","205093","Romantic America","","Richard Clayderman","592fd99a-33ff-494f-9b77-152192091aa7"
"4383","Sometimes When We Touch","Romantic America","","","","Album","1","3","","241373","Romantic America","","Richard Clayderman","592fd99a-33ff-494f-9b77-152192091aa7"
"4384","City of New Orleans","Romantic America","","","","Album","1","4","","202666","Romantic America","","Richard Clayderman","592fd99a-33ff-494f-9b77-152192091aa7"
"4385","Sing","Romantic America","","","","Album","1","5","","223600","Romantic America","","Richard Clayderman","592fd99a-33ff-494f-9b77-152192091aa7"
"4386","River of No Return","Romantic America","","","","Album","1","6","","155226","Romantic America","","Richard Clayderman","592fd99a-33ff-494f-9b77-152192091aa7"
"4387","Radio Heart","Romantic America","","","","Album","1","7","","217173","Romantic America","","Richard Clayderman","592fd99a-33ff-494f-9b77-152192091aa7"
"4388","Yesterday Once More","Romantic America","","","","Album","1","8","","195800","Romantic America","","Richard Clayderman","592fd99a-33ff-494f-9b77-152192091aa7"
"4389","16th Avenue","Romantic America","","","","Album","1","9","","184026","Romantic America","","Richard Clayderman","592fd99a-33ff-494f-9b77-152192091aa7"
"4390","The Start Spangled Banner","Romantic America","","","","Album","1","10","","125106","Romantic America","","Richard Clayderman","592fd99a-33ff-494f-9b77-152192091aa7"
"4391","500 Miles","Romantic Piano","","","","Album","1","1","CD","174786","Romantic Piano","","Richard Clayderman","dcebc249-6079-4233-97fa-8042dc10a4d9"
"4392","Elvira Madigan","Romantic Piano","","","DE","Album","1","1","CD","202826","Romantic Piano","","Richard Clayderman","db8514bd-2ed4-4515-824b-2076b3b64962"
"4393","Ballade Pour Adeline","Romantic Piano","","","DE","Album","1","2","CD","158706","Romantic Piano","","Richard Clayderman","db8514bd-2ed4-4515-824b-2076b3b64962"
"4394","San Francisco","Romantic Piano","","","","Album","1","2","CD","200453","Romantic Piano","","Richard Clayderman","dcebc249-6079-4233-97fa-8042dc10a4d9"
"4395","Liebestraum","Romantic Piano","","","DE","Album","1","3","CD","190666","Romantic Piano","","Richard Clayderman","db8514bd-2ed4-4515-824b-2076b3b64962"
"4396","Only You","Romantic Piano","","","","Album","1","3","CD","190280","Romantic Piano","","Richard Clayderman","dcebc249-6079-4233-97fa-8042dc10a4d9"
"4397","Moon River","Romantic Piano","","","","Album","1","4","CD","186360","Romantic Piano","","Richard Clayderman","dcebc249-6079-4233-97fa-8042dc10a4d9"
"4398","Plaisir D'Amour","Romantic Piano","","","DE","Album","1","4","CD","161666","Romantic Piano","","Richard Clayderman","db8514bd-2ed4-4515-824b-2076b3b64962"
"4399","Love is Blue","Romantic Piano","","","","Album","1","5","CD","179866","Romantic Piano","","Richard Clayderman","dcebc249-6079-4233-97fa-8042dc10a4d9"
"4400","The Shadow Of Your Smile","Romantic Piano","","","DE","Album","1","5","CD","185333","Romantic Piano","","Richard Clayderman","db8514bd-2ed4-4515-824b-2076b3b64962"
"4401","Cara Mia","Romantic Piano","","","DE","Album","1","6","CD","197360","Romantic Piano","","Richard Clayderman","db8514bd-2ed4-4515-824b-2076b3b64962"
"4402","Diana","Romantic Piano","","","","Album","1","6","CD","173360","Romantic Piano","","Richard Clayderman","dcebc249-6079-4233-97fa-8042dc10a4d9"
"4403","Barcarole","Romantic Piano","","","DE","Album","1","7","CD","180533","Romantic Piano","","Richard Clayderman","db8514bd-2ed4-4515-824b-2076b3b64962"
"4404","Where have all the flowers gone?","Romantic Piano","","","","Album","1","7","CD","231800","Romantic Piano","","Richard Clayderman","dcebc249-6079-4233-97fa-8042dc10a4d9"
"4405","La Vie En Rose","Romantic Piano","","","DE","Album","1","8","CD","157400","Romantic Piano","","Richard Clayderman","db8514bd-2ed4-4515-824b-2076b3b64962"
"4406","Morning has broken","Romantic Piano","","","","Album","1","8","CD","227266","Romantic Piano","","Richard Clayderman","dcebc249-6079-4233-97fa-8042dc10a4d9"
"4407","Daddy's Home","Romantic Piano","","","","Album","1","9","CD","260440","Romantic Piano","","Richard Clayderman","dcebc249-6079-4233-97fa-8042dc10a4d9"
"4408","Greensleeves","Romantic Piano","","","DE","Album","1","9","CD","189333","Romantic Piano","","Richard Clayderman","db8514bd-2ed4-4515-824b-2076b3b64962"
"4409","Que Será, Será","Romantic Piano","","","","Album","1","10","CD","136306","Romantic Piano","","Richard Clayderman","dcebc249-6079-4233-97fa-8042dc10a4d9"
"4410","Romanze","Romantic Piano","","","DE","Album","1","10","CD","190373","Romantic Piano","","Richard Clayderman","db8514bd-2ed4-4515-824b-2076b3b64962"
"4411","Der Schwan","Romantic Piano","","","DE","Album","1","11","CD","186066","Romantic Piano","","Richard Clayderman","db8514bd-2ed4-4515-824b-2076b3b64962"
"4412","Too Young","Romantic Piano","","","","Album","1","11","CD","196826","Romantic Piano","","Richard Clayderman","dcebc249-6079-4233-97fa-8042dc10a4d9"
"4413","All I have to do is dream","Romantic Piano","","","","Album","1","12","CD","191920","Romantic Piano","","Richard Clayderman","dcebc249-6079-4233-97fa-8042dc10a4d9"
"4414","Les Regrets","Romantic Piano","","","DE","Album","1","12","CD","196293","Romantic Piano","","Richard Clayderman","db8514bd-2ed4-4515-824b-2076b3b64962"
"4415","Autumn Leaves","Romantic Piano","","","DE","Album","1","13","CD","167333","Romantic Piano","","Richard Clayderman","db8514bd-2ed4-4515-824b-2076b3b64962"
"4416","Buttons and bow","Romantic Piano","","","","Album","1","13","CD","174280","Romantic Piano","","Richard Clayderman","dcebc249-6079-4233-97fa-8042dc10a4d9"
"4417","Guantanamera","Romantic Piano","","","","Album","1","14","CD","198466","Romantic Piano","","Richard Clayderman","dcebc249-6079-4233-97fa-8042dc10a4d9"
"4418","Tristesse","Romantic Piano","","","DE","Album","1","14","CD","153506","Romantic Piano","","Richard Clayderman","db8514bd-2ed4-4515-824b-2076b3b64962"
"4419","Bésame Mucho","Romantic Piano","","","","Album","1","15","CD","213320","Romantic Piano","","Richard Clayderman","dcebc249-6079-4233-97fa-8042dc10a4d9"
"4420","Die Blaue Stunde","Romantic Piano","","","DE","Album","1","15","CD","219066","Romantic Piano","","Richard Clayderman","db8514bd-2ed4-4515-824b-2076b3b64962"
"4421","Sailing","Romantic Piano","","","","Album","1","16","CD","273080","Romantic Piano","","Richard Clayderman","dcebc249-6079-4233-97fa-8042dc10a4d9"
"4422","Wunderland Bei Nacht","Romantic Piano","","","DE","Album","1","16","CD","208000","Romantic Piano","","Richard Clayderman","db8514bd-2ed4-4515-824b-2076b3b64962"
"4423","Sunrise Sunset","Romantic Piano","","","","Album","1","17","CD","260666","Romantic Piano","","Richard Clayderman","dcebc249-6079-4233-97fa-8042dc10a4d9"
"4424","Vals Del Recuerdo","Romantic Piano","","","DE","Album","1","17","CD","129693","Romantic Piano","","Richard Clayderman","db8514bd-2ed4-4515-824b-2076b3b64962"
"4425","Ave Maria","Romantic Piano","","","DE","Album","1","18","CD","162840","Romantic Piano","","Richard Clayderman","db8514bd-2ed4-4515-824b-2076b3b64962"
"4426","Goodbye Jimmy Goodbye","Romantic Piano","","","","Album","1","18","CD","168520","Romantic Piano","","Richard Clayderman","dcebc249-6079-4233-97fa-8042dc10a4d9"
"4427","(Everything I Do) I Do It For You","Romantic Piano","","","DE","Album","2","1","CD","246226","Romantic Piano","","Richard Clayderman","db8514bd-2ed4-4515-824b-2076b3b64962"
"4428","Nothing's Gonna Change My Love For You","Romantic Piano","","","DE","Album","2","2","CD","198373","Romantic Piano","","Richard Clayderman","db8514bd-2ed4-4515-824b-2076b3b64962"
"4429","Blue Eyes","Romantic Piano","","","DE","Album","2","3","CD","186866","Romantic Piano","","Richard Clayderman","db8514bd-2ed4-4515-824b-2076b3b64962"
"4430","The Way You Look Tonight","Romantic Piano","","","DE","Album","2","4","CD","140026","Romantic Piano","","Richard Clayderman","db8514bd-2ed4-4515-824b-2076b3b64962"
"4431","Sacrifice","Romantic Piano","","","DE","Album","2","5","CD","217200","Romantic Piano","","Richard Clayderman","db8514bd-2ed4-4515-824b-2076b3b64962"
"4432","Perhaps Love","Romantic Piano","","","DE","Album","2","6","CD","163440","Romantic Piano","","Richard Clayderman","db8514bd-2ed4-4515-824b-2076b3b64962"
"4433","Una Lacrima Sul Viso","Romantic Piano","","","DE","Album","2","7","CD","165400","Romantic Piano","","Richard Clayderman","db8514bd-2ed4-4515-824b-2076b3b64962"
"4434","I Want To Know What Love Is","Romantic Piano","","","DE","Album","2","8","CD","222533","Romantic Piano","","Richard Clayderman","db8514bd-2ed4-4515-824b-2076b3b64962"
"4435","Woman In Love","Romantic Piano","","","DE","Album","2","9","CD","149466","Romantic Piano","","Richard Clayderman","db8514bd-2ed4-4515-824b-2076b3b64962"
"4436","I Have A Dream","Romantic Piano","","","DE","Album","2","10","CD","190600","Romantic Piano","","Richard Clayderman","db8514bd-2ed4-4515-824b-2076b3b64962"
"4437","Mandy","Romantic Piano","","","DE","Album","2","11","CD","143200","Romantic Piano","","Richard Clayderman","db8514bd-2ed4-4515-824b-2076b3b64962"
"4438","Wind Beneath My Wings","Romantic Piano","","","DE","Album","2","12","CD","202333","Romantic Piano","","Richard Clayderman","db8514bd-2ed4-4515-824b-2076b3b64962"
"4439","Ti Amo","Romantic Piano","","","DE","Album","2","13","CD","143800","Romantic Piano","","Richard Clayderman","db8514bd-2ed4-4515-824b-2076b3b64962"
"4440","Radio Heart","Romantic Piano","","","DE","Album","2","14","CD","217533","Romantic Piano","","Richard Clayderman","db8514bd-2ed4-4515-824b-2076b3b64962"
"4441","I Know Him So Well","Romantic Piano","","","DE","Album","2","15","CD","245000","Romantic Piano","","Richard Clayderman","db8514bd-2ed4-4515-824b-2076b3b64962"
"4442","Stuck On You","Romantic Piano","","","DE","Album","2","16","CD","190533","Romantic Piano","","Richard Clayderman","db8514bd-2ed4-4515-824b-2076b3b64962"
"4443","The Sound Of Silence","Romantic Piano","","","DE","Album","2","17","CD","210866","Romantic Piano","","Richard Clayderman","db8514bd-2ed4-4515-824b-2076b3b64962"
"4444","The Most Beautiful Girl","Romantic Piano","","","DE","Album","2","18","CD","154933","Romantic Piano","","Richard Clayderman","db8514bd-2ed4-4515-824b-2076b3b64962"
"4445","Coup de cœur","The Absolute Treasure 1977-1993 of Richard Clayderman's Music Life, Volume II","","","","Album","1","1","","206000","The Absolute Treasure 1977-1993 of Richard Clayderman's Music Life, Volume II","","Richard Clayderman","1197b4d4-68f6-4a5d-84a7-708c2b8795cb"
"4446","You Are My World","The Absolute Treasure 1977-1993 of Richard Clayderman's Music Life, Volume II","","","","Album","1","2","","279000","The Absolute Treasure 1977-1993 of Richard Clayderman's Music Life, Volume II","","Richard Clayderman","1197b4d4-68f6-4a5d-84a7-708c2b8795cb"
"4447","West Side Story Medley: Marla / Tonight / America","The Absolute Treasure 1977-1993 of Richard Clayderman's Music Life, Volume II","","","","Album","1","3","","405000","The Absolute Treasure 1977-1993 of Richard Clayderman's Music Life, Volume II","","Richard Clayderman","1197b4d4-68f6-4a5d-84a7-708c2b8795cb"
"4448","Medley: Don't Cry for Me Argentina / The Music of the Night / Memory","The Absolute Treasure 1977-1993 of Richard Clayderman's Music Life, Volume II","","","","Album","1","4","","425000","The Absolute Treasure 1977-1993 of Richard Clayderman's Music Life, Volume II","","Richard Clayderman","1197b4d4-68f6-4a5d-84a7-708c2b8795cb"
"4449","Rhapsody in Blue","The Absolute Treasure 1977-1993 of Richard Clayderman's Music Life, Volume II","","","","Album","1","5","","213000","The Absolute Treasure 1977-1993 of Richard Clayderman's Music Life, Volume II","","Richard Clayderman","1197b4d4-68f6-4a5d-84a7-708c2b8795cb"
"4450","Gymnopédie","The Absolute Treasure 1977-1993 of Richard Clayderman's Music Life, Volume II","","","","Album","1","6","","199000","The Absolute Treasure 1977-1993 of Richard Clayderman's Music Life, Volume II","","Richard Clayderman","1197b4d4-68f6-4a5d-84a7-708c2b8795cb"
"4451","Liebestraum","The Absolute Treasure 1977-1993 of Richard Clayderman's Music Life, Volume II","","","","Album","1","7","","177000","The Absolute Treasure 1977-1993 of Richard Clayderman's Music Life, Volume II","","Richard Clayderman","1197b4d4-68f6-4a5d-84a7-708c2b8795cb"
"4452","Voyage à Venise","The Absolute Treasure 1977-1993 of Richard Clayderman's Music Life, Volume II","","","","Album","1","8","","177000","The Absolute Treasure 1977-1993 of Richard Clayderman's Music Life, Volume II","","Richard Clayderman","1197b4d4-68f6-4a5d-84a7-708c2b8795cb"
"4453","Eden Is a Magic World","The Absolute Treasure 1977-1993 of Richard Clayderman's Music Life, Volume II","","","","Album","1","9","","187000","The Absolute Treasure 1977-1993 of Richard Clayderman's Music Life, Volume II","","Richard Clayderman","1197b4d4-68f6-4a5d-84a7-708c2b8795cb"
"4454","Souvenir d'enfance","The Absolute Treasure 1977-1993 of Richard Clayderman's Music Life, Volume II","","","","Album","1","10","","200000","The Absolute Treasure 1977-1993 of Richard Clayderman's Music Life, Volume II","","Richard Clayderman","1197b4d4-68f6-4a5d-84a7-708c2b8795cb"
"4455","Give a Little Time to Your Love","The Absolute Treasure 1977-1993 of Richard Clayderman's Music Life, Volume II","","","","Album","1","11","","227000","The Absolute Treasure 1977-1993 of Richard Clayderman's Music Life, Volume II","","Richard Clayderman","1197b4d4-68f6-4a5d-84a7-708c2b8795cb"
"4456","Nostalgy","The Absolute Treasure 1977-1993 of Richard Clayderman's Music Life, Volume II","","","","Album","1","12","","179000","The Absolute Treasure 1977-1993 of Richard Clayderman's Music Life, Volume II","","Richard Clayderman","1197b4d4-68f6-4a5d-84a7-708c2b8795cb"
"4457","A comme amour","The Absolute Treasure 1977-1993 of Richard Clayderman's Music Life, Volume II","","","","Album","1","13","","239000","The Absolute Treasure 1977-1993 of Richard Clayderman's Music Life, Volume II","","Richard Clayderman","1197b4d4-68f6-4a5d-84a7-708c2b8795cb"
"4458","Toute une vie (Jean-Philippe Audin)","The Absolute Treasure 1977-1993 of Richard Clayderman's Music Life, Volume II","","","","Album","1","14","","186000","The Absolute Treasure 1977-1993 of Richard Clayderman's Music Life, Volume II","","Richard Clayderman","1197b4d4-68f6-4a5d-84a7-708c2b8795cb"
"4459","Song of Ocarina (Diego Modena)","The Absolute Treasure 1977-1993 of Richard Clayderman's Music Life, Volume II","","","","Album","1","15","","219000","The Absolute Treasure 1977-1993 of Richard Clayderman's Music Life, Volume II","","Richard Clayderman","1197b4d4-68f6-4a5d-84a7-708c2b8795cb"
"4460","Il y a toujours du soleil au dessus des nuages","The Best","","","PL","Album","1","1","CD","169373","The Best","","Richard Clayderman","a096052e-bdd7-438c-baed-d5ea55524d71"
"4461","Le Bonheur d'aimer","The Best","","","PL","Album","1","2","CD","252133","The Best","","Richard Clayderman","a096052e-bdd7-438c-baed-d5ea55524d71"
"4462","Aliscia","The Best","","","PL","Album","1","3","CD","231066","The Best","","Richard Clayderman","a096052e-bdd7-438c-baed-d5ea55524d71"
"4463","Les Roses de l'exil","The Best","","","PL","Album","1","4","CD","260040","The Best","","Richard Clayderman","a096052e-bdd7-438c-baed-d5ea55524d71"
"4464","Quand ma mère chantait","The Best","","","PL","Album","1","5","CD","170400","The Best","","Richard Clayderman","a096052e-bdd7-438c-baed-d5ea55524d71"
"4465","Ballerina","The Best","","","PL","Album","1","6","CD","209200","The Best","","Richard Clayderman","a096052e-bdd7-438c-baed-d5ea55524d71"
"4466","Le Pas des hommes libres","The Best","","","PL","Album","1","7","CD","216000","The Best","","Richard Clayderman","a096052e-bdd7-438c-baed-d5ea55524d71"
"4467","La Force de l'amour","The Best","","","PL","Album","1","8","CD","272600","The Best","","Richard Clayderman","a096052e-bdd7-438c-baed-d5ea55524d71"
"4468","Les lers mortes","The Best","","","PL","Album","1","9","CD","201333","The Best","","Richard Clayderman","a096052e-bdd7-438c-baed-d5ea55524d71"
"4469","Fleurs de feu","The Best","","","PL","Album","1","10","CD","257960","The Best","","Richard Clayderman","a096052e-bdd7-438c-baed-d5ea55524d71"
"4470","Cœurs d'or","The Best","","","PL","Album","1","11","CD","207066","The Best","","Richard Clayderman","a096052e-bdd7-438c-baed-d5ea55524d71"
"4471","Les Oiseaux de la mer et du soleil","The Best","","","PL","Album","1","12","CD","259906","The Best","","Richard Clayderman","a096052e-bdd7-438c-baed-d5ea55524d71"
"4472","Chariots of Fire","The Best of Cinema","","","","Album","1","1","","181026","The Best of Cinema","","Richard Clayderman","0e56c216-8811-4796-a8a4-67417bb02955"
"4473","Love Story","The Best of Cinema","","","","Album","1","2","","182973","The Best of Cinema","","Richard Clayderman","0e56c216-8811-4796-a8a4-67417bb02955"
"4474","Up Where We Belong","The Best of Cinema","","","","Album","1","3","","178666","The Best of Cinema","","Richard Clayderman","0e56c216-8811-4796-a8a4-67417bb02955"
"4475","How Deep Is Your Love","The Best of Cinema","","","","Album","1","4","","227533","The Best of Cinema","","Richard Clayderman","0e56c216-8811-4796-a8a4-67417bb02955"
"4476","Medley: Maria / Tonight / America","The Best of Cinema","","","","Album","1","5","","393093","The Best of Cinema","","Richard Clayderman","0e56c216-8811-4796-a8a4-67417bb02955"
"4477","Flashdance... What a Feeling","The Best of Cinema","","","","Album","1","6","","158600","The Best of Cinema","","Richard Clayderman","0e56c216-8811-4796-a8a4-67417bb02955"
"4478","The Way We Were","The Best of Cinema","","","","Album","1","7","","164040","The Best of Cinema","","Richard Clayderman","0e56c216-8811-4796-a8a4-67417bb02955"
"4479","Exodus","The Best of Cinema","","","","Album","1","8","","142426","The Best of Cinema","","Richard Clayderman","0e56c216-8811-4796-a8a4-67417bb02955"
"4480","Lady in Red / Take My Breath Away","The Best of Cinema","","","","Album","1","9","","249440","The Best of Cinema","","Richard Clayderman","0e56c216-8811-4796-a8a4-67417bb02955"
"4481","Moon River","The Best of Cinema","","","","Album","1","10","","195826","The Best of Cinema","","Richard Clayderman","0e56c216-8811-4796-a8a4-67417bb02955"
"4482","People","The Best of Cinema","","","","Album","1","11","","218333","The Best of Cinema","","Richard Clayderman","0e56c216-8811-4796-a8a4-67417bb02955"
"4483","Lara's Theme","The Best of Cinema","","","","Album","1","12","","153040","The Best of Cinema","","Richard Clayderman","0e56c216-8811-4796-a8a4-67417bb02955"
"4484","Dust in the Wind","The Best Of: Piano","","","","Album","1","1","CD","192000","The Best Of: Piano","","Richard Clayderman","26054491-f23a-4e26-82ef-543e547d61bc"
"4485","Hello","The Best Of: Piano","","","","Album","1","2","CD","190000","The Best Of: Piano","","Richard Clayderman","26054491-f23a-4e26-82ef-543e547d61bc"
"4486","Do You Know Where You Going To","The Best Of: Piano","","","","Album","1","3","CD","214000","The Best Of: Piano","","Richard Clayderman","26054491-f23a-4e26-82ef-543e547d61bc"
"4487","Puppy Love","The Best Of: Piano","","","","Album","1","4","CD","154000","The Best Of: Piano","","Richard Clayderman","26054491-f23a-4e26-82ef-543e547d61bc"
"4488","Fall in Love","The Best Of: Piano","","","","Album","1","5","CD","187000","The Best Of: Piano","","Richard Clayderman","26054491-f23a-4e26-82ef-543e547d61bc"
"4489","How Can You Mend a Broken Heart","The Best Of: Piano","","","","Album","1","6","CD","206000","The Best Of: Piano","","Richard Clayderman","26054491-f23a-4e26-82ef-543e547d61bc"
"4490","Tennessee Waltz","The Best Of: Piano","","","","Album","1","7","CD","212000","The Best Of: Piano","","Richard Clayderman","26054491-f23a-4e26-82ef-543e547d61bc"
"4491","Feelings","The Best Of: Piano","","","","Album","1","8","CD","279000","The Best Of: Piano","","Richard Clayderman","26054491-f23a-4e26-82ef-543e547d61bc"
"4492","Woman in Love","The Best Of: Piano","","","","Album","1","9","CD","266000","The Best Of: Piano","","Richard Clayderman","26054491-f23a-4e26-82ef-543e547d61bc"
"4493","Because I Love You","The Best Of: Piano","","","","Album","1","10","CD","199000","The Best Of: Piano","","Richard Clayderman","26054491-f23a-4e26-82ef-543e547d61bc"
"4494","How Can I Tell Her","The Best Of: Piano","","","","Album","1","11","CD","246000","The Best Of: Piano","","Richard Clayderman","26054491-f23a-4e26-82ef-543e547d61bc"
"4495","Let It Be Me","The Best Of: Piano","","","","Album","1","12","CD","142000","The Best Of: Piano","","Richard Clayderman","26054491-f23a-4e26-82ef-543e547d61bc"
"4496","Best Thing That Ever Happened","The Best Of: Piano","","","","Album","1","13","CD","228000","The Best Of: Piano","","Richard Clayderman","26054491-f23a-4e26-82ef-543e547d61bc"
"4497","I Honestly Love You","The Best Of: Piano","","","","Album","1","14","CD","271000","The Best Of: Piano","","Richard Clayderman","26054491-f23a-4e26-82ef-543e547d61bc"
"4498","All by Myself","The Best Of: Piano","","","","Album","1","15","CD","190000","The Best Of: Piano","","Richard Clayderman","26054491-f23a-4e26-82ef-543e547d61bc"
"4499","Dolannes Melodie","The Golden Collection","","","","Album","1","1","","208333","The Golden Collection","","Richard Clayderman","055bbf62-498e-4069-9ecd-eff0957ac7f7"
"4500","Liebestraum","The Golden Collection","","","","Album","1","2","","193866","The Golden Collection","","Richard Clayderman","055bbf62-498e-4069-9ecd-eff0957ac7f7"
"4501","Plaisir D'Amour","The Golden Collection","","","","Album","1","3","","164333","The Golden Collection","","Richard Clayderman","055bbf62-498e-4069-9ecd-eff0957ac7f7"
"4502","Ballade for Adeline","The Golden Collection","","","","Album","1","4","","161600","The Golden Collection","","Richard Clayderman","055bbf62-498e-4069-9ecd-eff0957ac7f7"
"4503","Moon River","The Golden Collection","","","","Album","1","5","","197626","The Golden Collection","","Richard Clayderman","055bbf62-498e-4069-9ecd-eff0957ac7f7"
"4504","Tristesse","The Golden Collection","","","","Album","1","6","","156973","The Golden Collection","","Richard Clayderman","055bbf62-498e-4069-9ecd-eff0957ac7f7"
"4505","For Elise","The Golden Collection","","","","Album","1","7","","150866","The Golden Collection","","Richard Clayderman","055bbf62-498e-4069-9ecd-eff0957ac7f7"
"4506","Ave Maria","The Golden Collection","","","","Album","1","8","","167893","The Golden Collection","","Richard Clayderman","055bbf62-498e-4069-9ecd-eff0957ac7f7"
"4507","Moonlight Sonata","The Golden Collection","","","","Album","1","9","","197600","The Golden Collection","","Richard Clayderman","055bbf62-498e-4069-9ecd-eff0957ac7f7"
"4508","Love Story (love theme)","The Golden Collection","","","","Album","1","10","","184866","The Golden Collection","","Richard Clayderman","055bbf62-498e-4069-9ecd-eff0957ac7f7"
"4509","Careless Whisper","The Golden Collection","","","","Album","1","11","","255840","The Golden Collection","","Richard Clayderman","055bbf62-498e-4069-9ecd-eff0957ac7f7"
"4510","Strangers in the Night","The Golden Collection","","","","Album","1","12","","200133","The Golden Collection","","Richard Clayderman","055bbf62-498e-4069-9ecd-eff0957ac7f7"
"4511","Romeo & Juliet (love theme)","The Golden Collection","","","","Album","1","13","","143693","The Golden Collection","","Richard Clayderman","055bbf62-498e-4069-9ecd-eff0957ac7f7"
"4512","Serenade","The Golden Collection","","","","Album","1","14","","193306","The Golden Collection","","Richard Clayderman","055bbf62-498e-4069-9ecd-eff0957ac7f7"
"4513","Sonate Au Clair De Lune","The Golden Collection","","","","Album","1","15","","196360","The Golden Collection","","Richard Clayderman","055bbf62-498e-4069-9ecd-eff0957ac7f7"
"4514","Yesterday","The Golden Collection","","","","Album","1","16","","147200","The Golden Collection","","Richard Clayderman","055bbf62-498e-4069-9ecd-eff0957ac7f7"
"4515","Rhapsody in Blue","The Golden Collection","","","","Album","1","17","","196133","The Golden Collection","","Richard Clayderman","055bbf62-498e-4069-9ecd-eff0957ac7f7"
"4516","La Vie En Rose","The Golden Collection","","","","Album","1","18","","161773","The Golden Collection","","Richard Clayderman","055bbf62-498e-4069-9ecd-eff0957ac7f7"
"4517","We Are the World","The Golden Collection","","","","Album","1","19","","165760","The Golden Collection","","Richard Clayderman","055bbf62-498e-4069-9ecd-eff0957ac7f7"
"4518","Eleana","The Golden Collection","","","","Album","1","20","","223933","The Golden Collection","","Richard Clayderman","055bbf62-498e-4069-9ecd-eff0957ac7f7"
"4519","Arrivederci, Roma","The Golden Collection","","","","Album","1","21","","163240","The Golden Collection","","Richard Clayderman","055bbf62-498e-4069-9ecd-eff0957ac7f7"
"4520","Guantanamera","The Golden Collection","","","","Album","1","22","","151333","The Golden Collection","","Richard Clayderman","055bbf62-498e-4069-9ecd-eff0957ac7f7"
"4521","Four Seasons (medley)","The Golden Collection","","","","Album","1","23","","318226","The Golden Collection","","Richard Clayderman","055bbf62-498e-4069-9ecd-eff0957ac7f7"
"4522","Largo","The Golden Collection","","","","Album","1","24","","165773","The Golden Collection","","Richard Clayderman","055bbf62-498e-4069-9ecd-eff0957ac7f7"
"4523","Souvenirs d'enfance","The Magic Collection","","","NL","Album","1","1","CD","171333","The Magic Collection","","Richard Clayderman","b1c2cc05-6a2a-4692-b9b8-73baf358b8bc"
"4524","Histoire d'un rêve","The Magic Collection","","","NL","Album","1","2","CD","176200","The Magic Collection","","Richard Clayderman","b1c2cc05-6a2a-4692-b9b8-73baf358b8bc"
"4525","Lettre à ma mère","The Magic Collection","","","NL","Album","1","3","CD","165733","The Magic Collection","","Richard Clayderman","b1c2cc05-6a2a-4692-b9b8-73baf358b8bc"
"4526","Nostalgie","The Magic Collection","","","NL","Album","1","4","CD","177200","The Magic Collection","","Richard Clayderman","b1c2cc05-6a2a-4692-b9b8-73baf358b8bc"
"4527","Les Rêves du matin","The Magic Collection","","","NL","Album","1","5","CD","220866","The Magic Collection","","Richard Clayderman","b1c2cc05-6a2a-4692-b9b8-73baf358b8bc"
"4528","Mariage d'amour","The Magic Collection","","","NL","Album","1","6","CD","162066","The Magic Collection","","Richard Clayderman","b1c2cc05-6a2a-4692-b9b8-73baf358b8bc"
"4529","Souvenirs d'enfance (version piano & cordes)","The Magic Collection","","","NL","Album","1","7","CD","182626","The Magic Collection","","Richard Clayderman","b1c2cc05-6a2a-4692-b9b8-73baf358b8bc"
"4530","Le Soleil et les fleurs","The Magic Collection","","","NL","Album","1","8","CD","128066","The Magic Collection","","Richard Clayderman","b1c2cc05-6a2a-4692-b9b8-73baf358b8bc"
"4531","Les Élans du cœur","The Magic Collection","","","NL","Album","1","9","CD","168573","The Magic Collection","","Richard Clayderman","b1c2cc05-6a2a-4692-b9b8-73baf358b8bc"
"4532","Rondo pour un tout petit enfant","The Magic Collection","","","NL","Album","1","10","CD","95426","The Magic Collection","","Richard Clayderman","b1c2cc05-6a2a-4692-b9b8-73baf358b8bc"
"4533","Nostalgie (version piano & cordes)","The Magic Collection","","","NL","Album","1","11","CD","158240","The Magic Collection","","Richard Clayderman","b1c2cc05-6a2a-4692-b9b8-73baf358b8bc"
"4534","Lettre à ma mère (piano seul)","The Magic Collection","","","NL","Album","1","12","CD","179426","The Magic Collection","","Richard Clayderman","b1c2cc05-6a2a-4692-b9b8-73baf358b8bc"
"4535","Murmures","The Magic Collection","","","NL","Album","1","13","CD","153133","The Magic Collection","","Richard Clayderman","b1c2cc05-6a2a-4692-b9b8-73baf358b8bc"
"4536","Les Premiers Sourires de Vanessa","The Magic Collection","","","NL","Album","1","14","CD","139773","The Magic Collection","","Richard Clayderman","b1c2cc05-6a2a-4692-b9b8-73baf358b8bc"
"4537","L'Espoir","The Magic Collection","","","NL","Album","1","15","CD","197160","The Magic Collection","","Richard Clayderman","b1c2cc05-6a2a-4692-b9b8-73baf358b8bc"
"4538","La Fuite du temps","The Magic Collection","","","NL","Album","1","16","CD","188906","The Magic Collection","","Richard Clayderman","b1c2cc05-6a2a-4692-b9b8-73baf358b8bc"
"4539","Toujours se souvenir","The Magic Collection","","","NL","Album","1","17","CD","171133","The Magic Collection","","Richard Clayderman","b1c2cc05-6a2a-4692-b9b8-73baf358b8bc"
"4540","Triste cœur","The Magic Collection","","","NL","Album","1","18","CD","168293","The Magic Collection","","Richard Clayderman","b1c2cc05-6a2a-4692-b9b8-73baf358b8bc"
"4541","Les Regrets","The Magic Collection","","","NL","Album","1","19","CD","196000","The Magic Collection","","Richard Clayderman","b1c2cc05-6a2a-4692-b9b8-73baf358b8bc"
"4542","Ronde pour un petit enfant (piano seul)","The Magic Collection","","","NL","Album","1","20","CD","95066","The Magic Collection","","Richard Clayderman","b1c2cc05-6a2a-4692-b9b8-73baf358b8bc"
"4543","Lady Di","The Magic Collection","","","NL","Album","1","21","CD","154333","The Magic Collection","","Richard Clayderman","b1c2cc05-6a2a-4692-b9b8-73baf358b8bc"
"4544","Blue rondo a la turque","The Music of Richard Clayderman","","","","Album","1","B7","12"" Vinyl","","The Music of Richard Clayderman","","Richard Clayderman","a51c8220-1ae9-42d5-97a3-e859c266acf0"
"4545","Cavatina","The Music of Richard Clayderman","","","","Album","1","A3","12"" Vinyl","","The Music of Richard Clayderman","","Richard Clayderman","a51c8220-1ae9-42d5-97a3-e859c266acf0"
"4546","Couleur tendresse","The Music of Richard Clayderman","","","","Album","1","B2","12"" Vinyl","","The Music of Richard Clayderman","","Richard Clayderman","a51c8220-1ae9-42d5-97a3-e859c266acf0"
"4547","Feelings","The Music of Richard Clayderman","","","","Album","1","A1","12"" Vinyl","","The Music of Richard Clayderman","","Richard Clayderman","a51c8220-1ae9-42d5-97a3-e859c266acf0"
"4548","Greensleeves","The Music of Richard Clayderman","","","","Album","1","A6","12"" Vinyl","","The Music of Richard Clayderman","","Richard Clayderman","a51c8220-1ae9-42d5-97a3-e859c266acf0"
"4549","La fiancée immaginaire","The Music of Richard Clayderman","","","","Album","1","A7","12"" Vinyl","","The Music of Richard Clayderman","","Richard Clayderman","a51c8220-1ae9-42d5-97a3-e859c266acf0"
"4550","Lady Di","The Music of Richard Clayderman","","","","Album","1","B1","12"" Vinyl","","The Music of Richard Clayderman","","Richard Clayderman","a51c8220-1ae9-42d5-97a3-e859c266acf0"
"4551","L'amour exile","The Music of Richard Clayderman","","","","Album","1","A5","12"" Vinyl","","The Music of Richard Clayderman","","Richard Clayderman","a51c8220-1ae9-42d5-97a3-e859c266acf0"
"4552","Le cygne","The Music of Richard Clayderman","","","","Album","1","A8","12"" Vinyl","","The Music of Richard Clayderman","","Richard Clayderman","a51c8220-1ae9-42d5-97a3-e859c266acf0"
"4553","Les derniers jours d'anastasia","The Music of Richard Clayderman","","","","Album","1","B5","12"" Vinyl","","The Music of Richard Clayderman","","Richard Clayderman","a51c8220-1ae9-42d5-97a3-e859c266acf0"
"4554","Les feuilles mortes","The Music of Richard Clayderman","","","","Album","1","B6","12"" Vinyl","","The Music of Richard Clayderman","","Richard Clayderman","a51c8220-1ae9-42d5-97a3-e859c266acf0"
"4555","Les roses de sable","The Music of Richard Clayderman","","","","Album","1","A2","12"" Vinyl","","The Music of Richard Clayderman","","Richard Clayderman","a51c8220-1ae9-42d5-97a3-e859c266acf0"
"4556","Reveries","The Music of Richard Clayderman","","","","Album","1","A4","12"" Vinyl","","The Music of Richard Clayderman","","Richard Clayderman","a51c8220-1ae9-42d5-97a3-e859c266acf0"
"4557","Root Beer Rag","The Music of Richard Clayderman","","","","Album","1","B8","12"" Vinyl","","The Music of Richard Clayderman","","Richard Clayderman","a51c8220-1ae9-42d5-97a3-e859c266acf0"
"4558","Serenade","The Music of Richard Clayderman","","","","Album","1","B4","12"" Vinyl","","The Music of Richard Clayderman","","Richard Clayderman","a51c8220-1ae9-42d5-97a3-e859c266acf0"
"4559","Valse des adieux","The Music of Richard Clayderman","","","","Album","1","B3","12"" Vinyl","","The Music of Richard Clayderman","","Richard Clayderman","a51c8220-1ae9-42d5-97a3-e859c266acf0"
"4560","West Side Story Medley: Maria / Tonight / America","The Music of Richard Clayderman","","","","Album","1","A9","12"" Vinyl","","The Music of Richard Clayderman","","Richard Clayderman","a51c8220-1ae9-42d5-97a3-e859c266acf0"
"4561","Une folle envie d'aimer","The New Romantic Ballads","","","","Album","1","1","","208760","The New Romantic Ballads","","Richard Clayderman","97d02412-e952-4aab-891e-0169be5675be"
"4562","Dimanche et Fetes","The New Romantic Ballads","","","","Album","1","2","","158400","The New Romantic Ballads","","Richard Clayderman","97d02412-e952-4aab-891e-0169be5675be"
"4563","Comme ils sont loin les souvenirs","The New Romantic Ballads","","","","Album","1","3","","172333","The New Romantic Ballads","","Richard Clayderman","97d02412-e952-4aab-891e-0169be5675be"
"4564","Le reveil des oiseaux","The New Romantic Ballads","","","","Album","1","4","","168400","The New Romantic Ballads","","Richard Clayderman","97d02412-e952-4aab-891e-0169be5675be"
"4565","La ballade de Caramandiana","The New Romantic Ballads","","","","Album","1","5","","201933","The New Romantic Ballads","","Richard Clayderman","97d02412-e952-4aab-891e-0169be5675be"
"4566","Le couer emerveille","The New Romantic Ballads","","","","Album","1","6","","170306","The New Romantic Ballads","","Richard Clayderman","97d02412-e952-4aab-891e-0169be5675be"
"4567","Adeline a grandi","The New Romantic Ballads","","","","Album","1","7","","178626","The New Romantic Ballads","","Richard Clayderman","97d02412-e952-4aab-891e-0169be5675be"
"4568","La legende de Narayama","The New Romantic Ballads","","","","Album","1","8","","167533","The New Romantic Ballads","","Richard Clayderman","97d02412-e952-4aab-891e-0169be5675be"
"4569","L'enfant qui reve","The New Romantic Ballads","","","","Album","1","9","","182600","The New Romantic Ballads","","Richard Clayderman","97d02412-e952-4aab-891e-0169be5675be"
"4570","Imperatrice des neiges","The New Romantic Ballads","","","","Album","1","10","","206466","The New Romantic Ballads","","Richard Clayderman","97d02412-e952-4aab-891e-0169be5675be"
"4571","Eleana","The New Romantic Ballads","","","","Album","1","11","","222400","The New Romantic Ballads","","Richard Clayderman","97d02412-e952-4aab-891e-0169be5675be"
"4572","Ballade pour Adeline","The New Romantic Ballads","","","","Album","1","12","","162640","The New Romantic Ballads","","Richard Clayderman","97d02412-e952-4aab-891e-0169be5675be"
"4573","La vraie musique de l'amour","The New Romantic Ballads","","","","Album","1","13","","111466","The New Romantic Ballads","","Richard Clayderman","97d02412-e952-4aab-891e-0169be5675be"
"4574","Couleur tendresse","The New Romantic Ballads","","","","Album","1","14","","217466","The New Romantic Ballads","","Richard Clayderman","97d02412-e952-4aab-891e-0169be5675be"
"4575","What a Wonderful World (Theme from ""Good Morning Vietnam"")","The Very Best of","","","","Album","1","1","CD","174000","The Very Best of","","Richard Clayderman","bad53e94-9090-4b9d-85c6-2dcb1ff28ef1"
"4576","Over The Rainbow (From ""The Wizard Of Oz"")","The Very Best of","","","","Album","1","2","CD","171000","The Very Best of","","Richard Clayderman","bad53e94-9090-4b9d-85c6-2dcb1ff28ef1"
"4577","You Are the Sunshine of My Life","The Very Best of","","","","Album","1","3","CD","170000","The Very Best of","","Richard Clayderman","bad53e94-9090-4b9d-85c6-2dcb1ff28ef1"
"4578","Yesterday","The Very Best of","","","","Album","1","4","CD","144000","The Very Best of","","Richard Clayderman","bad53e94-9090-4b9d-85c6-2dcb1ff28ef1"
"4579","I Will Always Love You","The Very Best of","","","","Album","1","5","CD","249000","The Very Best of","","Richard Clayderman","bad53e94-9090-4b9d-85c6-2dcb1ff28ef1"
"4580","My Way","The Very Best of","","","","Album","1","6","CD","230000","The Very Best of","","Richard Clayderman","bad53e94-9090-4b9d-85c6-2dcb1ff28ef1"
"4581","Can You Feel the Love Tonight (From ""The Lion King"")","The Very Best of","","","","Album","1","7","CD","193000","The Very Best of","","Richard Clayderman","bad53e94-9090-4b9d-85c6-2dcb1ff28ef1"
"4582","Bridge Over Trouble Water","The Very Best of","","","","Album","1","8","CD","187000","The Very Best of","","Richard Clayderman","bad53e94-9090-4b9d-85c6-2dcb1ff28ef1"
"4583","Ave Maria","The Very Best of","","","","Album","1","9","CD","159000","The Very Best of","","Richard Clayderman","bad53e94-9090-4b9d-85c6-2dcb1ff28ef1"
"4584","Unchained Melody","The Very Best of","","","","Album","1","10","CD","186000","The Very Best of","","Richard Clayderman","bad53e94-9090-4b9d-85c6-2dcb1ff28ef1"
"4585","You're Beautiful","The Very Best of","","","","Album","1","11","CD","173000","The Very Best of","","Richard Clayderman","bad53e94-9090-4b9d-85c6-2dcb1ff28ef1"
"4586","You Are My World (Gounod)","The Very Best of","","","","Album","1","12","CD","266000","The Very Best of","","Richard Clayderman","bad53e94-9090-4b9d-85c6-2dcb1ff28ef1"
"4587","Beyond the Sea","The Very Best of","","","","Album","1","13","CD","194000","The Very Best of","","Richard Clayderman","bad53e94-9090-4b9d-85c6-2dcb1ff28ef1"
"4588","Mandy","The Very Best of","","","","Album","1","14","CD","142000","The Very Best of","","Richard Clayderman","bad53e94-9090-4b9d-85c6-2dcb1ff28ef1"
"4589","As Time Goes By","The Very Best of","","","","Album","1","15","CD","140000","The Very Best of","","Richard Clayderman","bad53e94-9090-4b9d-85c6-2dcb1ff28ef1"
"4590","Bright Eyes (From ""Watership Down"")","The Very Best of","","","","Album","1","16","CD","173000","The Very Best of","","Richard Clayderman","bad53e94-9090-4b9d-85c6-2dcb1ff28ef1"
"4591","I Love You I Honestly Love You (Gounod)","The Very Best of","","","","Album","1","17","CD","189000","The Very Best of","","Richard Clayderman","bad53e94-9090-4b9d-85c6-2dcb1ff28ef1"
"4592","Wind Beneath My Wings (From ""Beaches"")","The Very Best of","","","","Album","1","18","CD","199000","The Very Best of","","Richard Clayderman","bad53e94-9090-4b9d-85c6-2dcb1ff28ef1"
"4593","Moon River (From ""Breakfast At Tiffany's"")","The Very Best of","","","","Album","1","19","CD","195000","The Very Best of","","Richard Clayderman","bad53e94-9090-4b9d-85c6-2dcb1ff28ef1"
"4594","Hey Jude (Gounod)","The Very Best of","","","","Album","1","20","CD","165000","The Very Best of","","Richard Clayderman","bad53e94-9090-4b9d-85c6-2dcb1ff28ef1"
"4595","The Way We Were (From ""The Way We Were"")","The Very Best of","","","","Album","1","21","CD","166000","The Very Best of","","Richard Clayderman","bad53e94-9090-4b9d-85c6-2dcb1ff28ef1"
"4596","All By Myself","The Very Best of","","","","Album","1","22","CD","191000","The Very Best of","","Richard Clayderman","bad53e94-9090-4b9d-85c6-2dcb1ff28ef1"
"4597","Sometimes When We Touch (Gounod)","The Very Best of","","","","Album","1","23","CD","240000","The Very Best of","","Richard Clayderman","bad53e94-9090-4b9d-85c6-2dcb1ff28ef1"
"4598","I Just Called to Say I Love You","The Very Best of","","","","Album","1","24","CD","223000","The Very Best of","","Richard Clayderman","bad53e94-9090-4b9d-85c6-2dcb1ff28ef1"
"4599","How Deep Is Your Love","The Very Best of","","","","Album","1","25","CD","227000","The Very Best of","","Richard Clayderman","bad53e94-9090-4b9d-85c6-2dcb1ff28ef1"
"4600","The Most Beautiful Girl","The Very Best of","","","","Album","1","26","CD","155000","The Very Best of","","Richard Clayderman","bad53e94-9090-4b9d-85c6-2dcb1ff28ef1"
"4601","Love Changes Everything (From ""Aspects of Love"")","The Very Best of","","","","Album","1","27","CD","315000","The Very Best of","","Richard Clayderman","bad53e94-9090-4b9d-85c6-2dcb1ff28ef1"
"4602","Have I Told You Lately That I Love You","The Very Best of","","","","Album","1","28","CD","209000","The Very Best of","","Richard Clayderman","bad53e94-9090-4b9d-85c6-2dcb1ff28ef1"
"4603","When a Man Loves a Woman (1980 Version)","The Very Best of","","","","Album","1","29","CD","170000","The Very Best of","","Richard Clayderman","bad53e94-9090-4b9d-85c6-2dcb1ff28ef1"
"4604","And I Love You So","The Very Best of","","","","Album","1","30","CD","151000","The Very Best of","","Richard Clayderman","bad53e94-9090-4b9d-85c6-2dcb1ff28ef1"
"4605","Melody of Love","The Very Best of Richard Clayderman","","","","Album","1","1","","180333","The Very Best of Richard Clayderman","","Richard Clayderman","b7b776dc-751a-4c7c-a308-63b8c74b94bb"
"4606","Don't Cry for Me Argentina","The Very Best of Richard Clayderman","","","","Album","1","2","","194026","The Very Best of Richard Clayderman","","Richard Clayderman","b7b776dc-751a-4c7c-a308-63b8c74b94bb"
"4607","Ballade for Adeline","The Very Best of Richard Clayderman","","","","Album","1","3","","159973","The Very Best of Richard Clayderman","","Richard Clayderman","b7b776dc-751a-4c7c-a308-63b8c74b94bb"
"4608","Feelings","The Very Best of Richard Clayderman","","","","Album","1","4","","200866","The Very Best of Richard Clayderman","","Richard Clayderman","b7b776dc-751a-4c7c-a308-63b8c74b94bb"
"4609","Only You","The Very Best of Richard Clayderman","","","","Album","1","5","","142826","The Very Best of Richard Clayderman","","Richard Clayderman","b7b776dc-751a-4c7c-a308-63b8c74b94bb"
"4610","Parlez Moi D'Amour","The Very Best of Richard Clayderman","","","","Album","1","6","","140200","The Very Best of Richard Clayderman","","Richard Clayderman","b7b776dc-751a-4c7c-a308-63b8c74b94bb"
"4611","Memory Waltz","The Very Best of Richard Clayderman","","","","Album","1","7","","129039","The Very Best of Richard Clayderman","","Richard Clayderman","b7b776dc-751a-4c7c-a308-63b8c74b94bb"
"4612","Yesterday","The Very Best of Richard Clayderman","","","","Album","1","8","","144893","The Very Best of Richard Clayderman","","Richard Clayderman","b7b776dc-751a-4c7c-a308-63b8c74b94bb"
"4613","Lara's Theme","The Very Best of Richard Clayderman","","","","Album","1","9","","153906","The Very Best of Richard Clayderman","","Richard Clayderman","b7b776dc-751a-4c7c-a308-63b8c74b94bb"
"4614","When a Man Loves a Woman","The Very Best of Richard Clayderman","","","","Album","1","10","","168066","The Very Best of Richard Clayderman","","Richard Clayderman","b7b776dc-751a-4c7c-a308-63b8c74b94bb"
"4615","If You Go Away","The Very Best of Richard Clayderman","","","","Album","1","11","","174826","The Very Best of Richard Clayderman","","Richard Clayderman","b7b776dc-751a-4c7c-a308-63b8c74b94bb"
"4616","Moon River","The Very Best of Richard Clayderman","","","","Album","1","12","","193000","The Very Best of Richard Clayderman","","Richard Clayderman","b7b776dc-751a-4c7c-a308-63b8c74b94bb"
"4617","Strangers in the Night","The Very Best of Richard Clayderman","","","","Album","1","13","","196173","The Very Best of Richard Clayderman","","Richard Clayderman","b7b776dc-751a-4c7c-a308-63b8c74b94bb"
"4618","Love Is a Many Splendoured Thing","The Very Best of Richard Clayderman","","","","Album","1","14","","175133","The Very Best of Richard Clayderman","","Richard Clayderman","b7b776dc-751a-4c7c-a308-63b8c74b94bb"
"4619","Dolannes Melodie","The Very Best of Richard Clayderman","","","","Album","1","15","","205893","The Very Best of Richard Clayderman","","Richard Clayderman","b7b776dc-751a-4c7c-a308-63b8c74b94bb"
"4620","Romance","The Very Best of Richard Clayderman","","","","Album","1","16","","187800","The Very Best of Richard Clayderman","","Richard Clayderman","b7b776dc-751a-4c7c-a308-63b8c74b94bb"
"4621","Unchained Melody","Unchained Melody","","","","Album","1","1","","188093","Unchained Melody","","Richard Clayderman","5823faef-cd2c-4a07-afbe-6c781ef009cc"
"4622","Pjerhaps Love","Unchained Melody","","","","Album","1","2","","164573","Unchained Melody","","Richard Clayderman","5823faef-cd2c-4a07-afbe-6c781ef009cc"
"4623","All I Ask of You","Unchained Melody","","","","Album","1","3","","205866","Unchained Melody","","Richard Clayderman","5823faef-cd2c-4a07-afbe-6c781ef009cc"
"4624","Yesterday","Unchained Melody","","","","Album","1","4","","144466","Unchained Melody","","Richard Clayderman","5823faef-cd2c-4a07-afbe-6c781ef009cc"
"4625","You Don't Have to Say You Love Me","Unchained Melody","","","","Album","1","5","","188200","Unchained Melody","","Richard Clayderman","5823faef-cd2c-4a07-afbe-6c781ef009cc"
"4626","Bridge Over Troubled Water","Unchained Melody","","","","Album","1","6","","186666","Unchained Melody","","Richard Clayderman","5823faef-cd2c-4a07-afbe-6c781ef009cc"
"4627","The Way We Were","Unchained Melody","","","","Album","1","7","","166893","Unchained Melody","","Richard Clayderman","5823faef-cd2c-4a07-afbe-6c781ef009cc"
"4628","Don't Cry for Me Argentina","Unchained Melody","","","","Album","1","8","","193240","Unchained Melody","","Richard Clayderman","5823faef-cd2c-4a07-afbe-6c781ef009cc"
"4629","I Love You So","Unchained Melody","","","","Album","1","9","","153093","Unchained Melody","","Richard Clayderman","5823faef-cd2c-4a07-afbe-6c781ef009cc"
"4630","Chariots of Fire","Unchained Melody","","","","Album","1","10","","178973","Unchained Melody","","Richard Clayderman","5823faef-cd2c-4a07-afbe-6c781ef009cc"
"4631","I Just Called to Say I Love You","With the Best Songs Ever","","","","Album","1","1","","223506","With the Best Songs Ever","","Richard Clayderman","356cd69c-696e-4f31-8ae3-f057c956967c"
"4632","Endless Love","With the Best Songs Ever","","","","Album","1","2","","243373","With the Best Songs Ever","","Richard Clayderman","356cd69c-696e-4f31-8ae3-f057c956967c"
"4633","Yesterday Once More","With the Best Songs Ever","","","","Album","1","3","","209853","With the Best Songs Ever","","Richard Clayderman","356cd69c-696e-4f31-8ae3-f057c956967c"
"4634","Let It Be","With the Best Songs Ever","","","","Album","1","4","","233253","With the Best Songs Ever","","Richard Clayderman","356cd69c-696e-4f31-8ae3-f057c956967c"
"4635","Five Hundred Miles","With the Best Songs Ever","","","","Album","1","5","","174840","With the Best Songs Ever","","Richard Clayderman","356cd69c-696e-4f31-8ae3-f057c956967c"
"4636","Diana","With the Best Songs Ever","","","","Album","1","6","","169360","With the Best Songs Ever","","Richard Clayderman","356cd69c-696e-4f31-8ae3-f057c956967c"
"4637","Nothing's Gonna Change My Love for You","With the Best Songs Ever","","","","Album","1","7","","198240","With the Best Songs Ever","","Richard Clayderman","356cd69c-696e-4f31-8ae3-f057c956967c"
"4638","Careless Whisper","With the Best Songs Ever","","","","Album","1","8","","224066","With the Best Songs Ever","","Richard Clayderman","356cd69c-696e-4f31-8ae3-f057c956967c"
"4639","Besame Mucho","With the Best Songs Ever","","","","Album","1","9","","210320","With the Best Songs Ever","","Richard Clayderman","356cd69c-696e-4f31-8ae3-f057c956967c"
"4640","El Condor Pasa","With the Best Songs Ever","","","","Album","1","10","","205573","With the Best Songs Ever","","Richard Clayderman","356cd69c-696e-4f31-8ae3-f057c956967c"
"4641","San Francisco","With the Best Songs Ever","","","","Album","1","11","","197680","With the Best Songs Ever","","Richard Clayderman","356cd69c-696e-4f31-8ae3-f057c956967c"
"4642","How Can I Tell Her","With the Best Songs Ever","","","","Album","1","12","","243746","With the Best Songs Ever","","Richard Clayderman","356cd69c-696e-4f31-8ae3-f057c956967c"
"4643","Love Story","With the Best Songs Ever","","","","Album","1","13","","190253","With the Best Songs Ever","","Richard Clayderman","356cd69c-696e-4f31-8ae3-f057c956967c"
"4644","You Light Up My Life","With the Best Songs Ever","","","","Album","1","14","","192106","With the Best Songs Ever","","Richard Clayderman","356cd69c-696e-4f31-8ae3-f057c956967c"
"4645","Guantamamera","With the Best Songs Ever","","","","Album","1","15","","194893","With the Best Songs Ever","","Richard Clayderman","356cd69c-696e-4f31-8ae3-f057c956967c"
"4646","Without You","With the Best Songs Ever","","","","Album","1","16","","175573","With the Best Songs Ever","","Richard Clayderman","356cd69c-696e-4f31-8ae3-f057c956967c"
"4647","The Sound of Silence","With the Best Songs Ever","","","","Album","1","17","","193226","With the Best Songs Ever","","Richard Clayderman","356cd69c-696e-4f31-8ae3-f057c956967c"
"4648","Sunrise Sunset","With the Best Songs Ever","","","","Album","1","18","","256480","With the Best Songs Ever","","Richard Clayderman","356cd69c-696e-4f31-8ae3-f057c956967c"
"4649","To All the Girls I Loved Before","With the Best Songs Ever","","","","Album","1","19","","211986","With the Best Songs Ever","","Richard Clayderman","356cd69c-696e-4f31-8ae3-f057c956967c"
"4650","Heart of Gold","With the Best Songs Ever","","","","Album","1","20","","178826","With the Best Songs Ever","","Richard Clayderman","356cd69c-696e-4f31-8ae3-f057c956967c"
"4651","River of No Return","With the Best Songs Ever","","","","Album","1","21","","213840","With the Best Songs Ever","","Richard Clayderman","356cd69c-696e-4f31-8ae3-f057c956967c"
"4652","命运","钢琴曲全集 (disc 1: 命运)","","","","Album","1","1","","217640","钢琴曲全集","","Richard Clayderman","cf5b9156-1452-420f-b755-85947a81ab27"
"4653","献给爱丽丝","钢琴曲全集 (disc 1: 命运)","","","","Album","1","2","","256106","钢琴曲全集","","Richard Clayderman","cf5b9156-1452-420f-b755-85947a81ab27"
"4654","秋日的私语","钢琴曲全集 (disc 1: 命运)","","","","Album","1","3","","200480","钢琴曲全集","","Richard Clayderman","cf5b9156-1452-420f-b755-85947a81ab27"
"4655","爱的纪念","钢琴曲全集 (disc 1: 命运)","","","","Album","1","4","","171973","钢琴曲全集","","Richard Clayderman","cf5b9156-1452-420f-b755-85947a81ab27"
"4656","托卡塔曲","钢琴曲全集 (disc 1: 命运)","","","","Album","1","5","","169973","钢琴曲全集","","Richard Clayderman","cf5b9156-1452-420f-b755-85947a81ab27"
"4657","古莉莉郎布斯","钢琴曲全集 (disc 1: 命运)","","","","Album","1","6","","189480","钢琴曲全集","","Richard Clayderman","cf5b9156-1452-420f-b755-85947a81ab27"
"4658","罗米欧与朱丽叶","钢琴曲全集 (disc 1: 命运)","","","","Album","1","7","","141160","钢琴曲全集","","Richard Clayderman","cf5b9156-1452-420f-b755-85947a81ab27"
"4659","蓝色的爱","钢琴曲全集 (disc 1: 命运)","","","","Album","1","8","","104680","钢琴曲全集","","Richard Clayderman","cf5b9156-1452-420f-b755-85947a81ab27"
"4660","爱之梦","钢琴曲全集 (disc 1: 命运)","","","","Album","1","9","","193173","钢琴曲全集","","Richard Clayderman","cf5b9156-1452-420f-b755-85947a81ab27"
"4661","爱的谐奏曲","钢琴曲全集 (disc 1: 命运)","","","","Album","1","10","","225706","钢琴曲全集","","Richard Clayderman","cf5b9156-1452-420f-b755-85947a81ab27"
"4662","一路平安玛丽亚","钢琴曲全集 (disc 1: 命运)","","","","Album","1","11","","164893","钢琴曲全集","","Richard Clayderman","cf5b9156-1452-420f-b755-85947a81ab27"
"4663","蓝色回旋曲","钢琴曲全集 (disc 1: 命运)","","","","Album","1","12","","246226","钢琴曲全集","","Richard Clayderman","cf5b9156-1452-420f-b755-85947a81ab27"
"4664","“拉，拉”主题曲","钢琴曲全集 (disc 1: 命运)","","","","Album","1","13","","155040","钢琴曲全集","","Richard Clayderman","cf5b9156-1452-420f-b755-85947a81ab27"
"4665","玫瑰色的人生","钢琴曲全集 (disc 1: 命运)","","","","Album","1","14","","158200","钢琴曲全集","","Richard Clayderman","cf5b9156-1452-420f-b755-85947a81ab27"
"4666","爱情的故事","钢琴曲全集 (disc 1: 命运)","","","","Album","1","15","","183800","钢琴曲全集","","Richard Clayderman","cf5b9156-1452-420f-b755-85947a81ab27"
"4667","梦里的故事","钢琴曲全集 (disc 1: 命运)","","","","Album","1","16","","179786","钢琴曲全集","","Richard Clayderman","cf5b9156-1452-420f-b755-85947a81ab27"
"4668","命运","钢琴曲精选辑","","","CN","Album","1","1","CD","216360","钢琴曲精选辑","","Richard Clayderman","5d7354dd-421c-472e-a999-5e0ae2d6f54c"
"4669","给爱德林的诗","钢琴曲精选辑","","","CN","Album","1","2","CD","158986","钢琴曲精选辑","","Richard Clayderman","5d7354dd-421c-472e-a999-5e0ae2d6f54c"
"4670","梦中的婚礼","钢琴曲精选辑","","","CN","Album","1","3","CD","161760","钢琴曲精选辑","","Richard Clayderman","5d7354dd-421c-472e-a999-5e0ae2d6f54c"
"4671","一路平安玛丽亚","钢琴曲精选辑","","","CN","Album","1","4","CD","164586","钢琴曲精选辑","","Richard Clayderman","5d7354dd-421c-472e-a999-5e0ae2d6f54c"
"4672","爱的旋律","钢琴曲精选辑","","","CN","Album","1","5","CD","125933","钢琴曲精选辑","","Richard Clayderman","5d7354dd-421c-472e-a999-5e0ae2d6f54c"
"4673","爱的誓言","钢琴曲精选辑","","","CN","Album","1","6","CD","137866","钢琴曲精选辑","","Richard Clayderman","5d7354dd-421c-472e-a999-5e0ae2d6f54c"
"4674","蓝色的誓言","钢琴曲精选辑","","","CN","Album","1","7","CD","211080","钢琴曲精选辑","","Richard Clayderman","5d7354dd-421c-472e-a999-5e0ae2d6f54c"
"4675","爱的谐奏曲","钢琴曲精选辑","","","CN","Album","1","8","CD","169306","钢琴曲精选辑","","Richard Clayderman","5d7354dd-421c-472e-a999-5e0ae2d6f54c"
"4676","柴可夫斯基第一号钢琴协奏曲","钢琴曲精选辑","","","CN","Album","1","9","CD","226186","钢琴曲精选辑","","Richard Clayderman","5d7354dd-421c-472e-a999-5e0ae2d6f54c"
"4677","莫扎特第21号钢琴协奏曲","钢琴曲精选辑","","","CN","Album","1","10","CD","204120","钢琴曲精选辑","","Richard Clayderman","5d7354dd-421c-472e-a999-5e0ae2d6f54c"
"4678","水边的阿狄丽娜","钢琴曲精选辑","","","CN","Album","1","11","CD","161133","钢琴曲精选辑","","Richard Clayderman","5d7354dd-421c-472e-a999-5e0ae2d6f54c"
"4679","昨日重现","钢琴曲精选辑","","","CN","Album","1","12","CD","209120","钢琴曲精选辑","","Richard Clayderman","5d7354dd-421c-472e-a999-5e0ae2d6f54c"
"4680","罗密欧与朱丽叶","钢琴曲精选辑","","","CN","Album","1","13","CD","143186","钢琴曲精选辑","","Richard Clayderman","5d7354dd-421c-472e-a999-5e0ae2d6f54c"
"4681","献给爱丽斯","钢琴曲精选辑","","","CN","Album","1","14","CD","256413","钢琴曲精选辑","","Richard Clayderman","5d7354dd-421c-472e-a999-5e0ae2d6f54c"
"4682","秋日私语","钢琴曲精选辑","","","CN","Album","1","15","CD","202053","钢琴曲精选辑","","Richard Clayderman","5d7354dd-421c-472e-a999-5e0ae2d6f54c"
"4683","星空","钢琴曲精选辑","","","CN","Album","1","16","CD","285013","钢琴曲精选辑","","Richard Clayderman","5d7354dd-421c-472e-a999-5e0ae2d6f54c"
"4684","玫瑰色的人生","钢琴曲精选辑","","","CN","Album","1","17","CD","160080","钢琴曲精选辑","","Richard Clayderman","5d7354dd-421c-472e-a999-5e0ae2d6f54c"
"4685","梁祝","钢琴曲精选辑","","","CN","Album","1","18","CD","177013","钢琴曲精选辑","","Richard Clayderman","5d7354dd-421c-472e-a999-5e0ae2d6f54c"
"4686","爱的纪念","钢琴曲精选辑","","","CN","Album","2","1","CD","170000","钢琴曲精选辑","","Richard Clayderman","5d7354dd-421c-472e-a999-5e0ae2d6f54c"
"4687","托卡塔曲","钢琴曲精选辑","","","CN","Album","2","2","CD","171000","钢琴曲精选辑","","Richard Clayderman","5d7354dd-421c-472e-a999-5e0ae2d6f54c"
"4688","蓝色的爱","钢琴曲精选辑","","","CN","Album","2","3","CD","107000","钢琴曲精选辑","","Richard Clayderman","5d7354dd-421c-472e-a999-5e0ae2d6f54c"
"4689","爱之梦","钢琴曲精选辑","","","CN","Album","2","4","CD","194000","钢琴曲精选辑","","Richard Clayderman","5d7354dd-421c-472e-a999-5e0ae2d6f54c"
"4690","爱的协奏曲","钢琴曲精选辑","","","CN","Album","2","5","CD","159000","钢琴曲精选辑","","Richard Clayderman","5d7354dd-421c-472e-a999-5e0ae2d6f54c"
"4691","爱的乐章","钢琴曲精选辑","","","CN","Album","2","6","CD","164000","钢琴曲精选辑","","Richard Clayderman","5d7354dd-421c-472e-a999-5e0ae2d6f54c"
"4692","蓝色回旋曲","钢琴曲精选辑","","","CN","Album","2","7","CD","183000","钢琴曲精选辑","","Richard Clayderman","5d7354dd-421c-472e-a999-5e0ae2d6f54c"
"4693","爱情的故事","钢琴曲精选辑","","","CN","Album","2","8","CD","185000","钢琴曲精选辑","","Richard Clayderman","5d7354dd-421c-472e-a999-5e0ae2d6f54c"
"4694","梦里的故事","钢琴曲精选辑","","","CN","Album","2","9","CD","178000","钢琴曲精选辑","","Richard Clayderman","5d7354dd-421c-472e-a999-5e0ae2d6f54c"
"4695","海边的星空","钢琴曲精选辑","","","CN","Album","2","10","CD","167000","钢琴曲精选辑","","Richard Clayderman","5d7354dd-421c-472e-a999-5e0ae2d6f54c"
"4696","乒乓之恋","钢琴曲精选辑","","","CN","Album","2","11","CD","194000","钢琴曲精选辑","","Richard Clayderman","5d7354dd-421c-472e-a999-5e0ae2d6f54c"
"4697","伤感乐曲","钢琴曲精选辑","","","CN","Album","2","12","CD","301000","钢琴曲精选辑","","Richard Clayderman","5d7354dd-421c-472e-a999-5e0ae2d6f54c"
"4698","思乡曲","钢琴曲精选辑","","","CN","Album","2","13","CD","178000","钢琴曲精选辑","","Richard Clayderman","5d7354dd-421c-472e-a999-5e0ae2d6f54c"
"4699","星梦泪痕","钢琴曲精选辑","","","CN","Album","2","14","CD","163000","钢琴曲精选辑","","Richard Clayderman","5d7354dd-421c-472e-a999-5e0ae2d6f54c"
"4700","异国情","钢琴曲精选辑","","","CN","Album","2","15","CD","139000","钢琴曲精选辑","","Richard Clayderman","5d7354dd-421c-472e-a999-5e0ae2d6f54c"
"4701","情感","钢琴曲精选辑","","","CN","Album","2","16","CD","193000","钢琴曲精选辑","","Richard Clayderman","5d7354dd-421c-472e-a999-5e0ae2d6f54c"
"4702","欢乐之歌","钢琴曲精选辑","","","CN","Album","2","17","CD","189000","钢琴曲精选辑","","Richard Clayderman","5d7354dd-421c-472e-a999-5e0ae2d6f54c"
